transaction_id,user_id,transaction_amount,transaction_type,payment_mode,device_type,device_location,account_age_days,transaction_hour,previous_failed_attempts,avg_transaction_amount,is_international,ip_risk_score,login_attempts_last_24h,fraud_label,hist_mean,hist_std,amount_deviation,user_transaction_count,amount_ratio,risk_login_interaction
T1,U3756,18758.28,Transfer,UPI,Web,Hyderabad,895,14,1,25535.84,0,0.718,4,0,29464.365,15140.690606919155,-0.7071067811865475,2,0.6366429413971759,2.872
T2,U7899,47538.18,Payment,Wallet,iOS,Hyderabad,918,21,0,3955.85,0,0.525,9,0,43833.93,5238.600588420537,0.7071067811865476,2,1.0845064542467444,4.7250000000000005
T3,U1765,36613.1,Payment,Card,Android,Chennai,1506,8,4,22727.71,0,0.985,9,0,19160.455,24681.767258282984,0.7071067811865476,2,1.9108679830411128,8.865
T4,U8850,29952.99,Payment,Wallet,iOS,Chennai,800,1,3,18095.89,0,0.797,2,0,29952.99,,,1,1.0,1.594
T5,U9049,7843.13,Payment,UPI,Web,Delhi,301,4,1,9317.49,1,0.468,1,0,26325.406666666662,16541.066452421786,-1.117357016842204,3,0.2979300604663024,0.468
T6,U1787,7841.93,Transfer,NetBanking,Web,Hyderabad,1992,20,3,4177.23,0,0.583,3,0,17221.98,13265.39392573775,-0.7071067811865475,2,0.4553442751646442,1.749
T7,U8763,2951.28,Transfer,UPI,Android,Hyderabad,1285,22,4,11451.45,0,0.045,8,1,10297.61,10389.279519668338,-0.7071067811865475,2,0.2865985408264637,0.36
T8,U1439,43315.5,Transfer,UPI,Web,Hyderabad,1621,4,4,13297.18,0,0.965,4,0,43315.5,,,1,1.0,3.86
T9,U6660,30075.69,Transfer,UPI,Android,Mumbai,184,11,0,4308.8,0,0.363,5,0,34154.75,5768.661973733595,-0.707106781186548,2,0.8805712236218973,1.815
T10,U3566,35418.23,Payment,Card,iOS,Hyderabad,118,9,3,20136.79,0,0.662,5,0,39190.43,5334.696399983785,-0.7071067811865475,2,0.9037469096409508,3.31
T11,U7074,1078.2,Withdrawal,Wallet,iOS,Mumbai,971,3,4,9282.58,0,0.667,2,0,3392.355,3272.7093864335097,-0.7071067811865475,2,0.3178323023386408,1.334
T12,U4776,48497.0,Transfer,NetBanking,Android,Delhi,1373,11,2,24200.58,0,0.057,1,0,43383.095,7232.153807687581,0.7071067811865475,2,1.1178778277575632,0.057
T13,U2955,41630.51,Transfer,Card,iOS,Bangalore,857,14,4,19485.63,0,0.266,8,0,40571.265,1497.9986448758928,0.7071067811865476,2,1.0261082566688515,2.128
T14,U8947,10656.34,Payment,UPI,Android,Hyderabad,1047,9,4,9384.02,0,0.656,5,0,9334.136666666667,4913.210558100816,0.2691118806527245,3,1.1416524506283563,3.28
T15,U7312,9132.16,Payment,NetBanking,iOS,Chennai,702,17,3,10864.59,0,0.912,2,0,24389.126666666667,13240.30124371924,-1.1523126540571778,3,0.3744357116518317,1.824
T16,U2252,9211.06,Payment,UPI,iOS,Chennai,1355,23,4,28270.21,0,0.779,7,0,6455.83,3896.4836334572224,0.7071067811865475,2,1.426781684152154,5.453
T17,U2234,15246.9,Payment,UPI,Web,Hyderabad,1978,4,1,28448.77,0,0.58,2,0,22656.692,14088.381057283335,-0.5259505666315949,5,0.6729534920631838,1.16
T18,U5276,26261.58,Withdrawal,UPI,Web,Mumbai,1817,12,4,12609.29,0,0.232,6,0,26261.58,,,1,1.0,1.392
T19,U4164,21625.65,Withdrawal,NetBanking,Android,Chennai,973,3,2,20407.19,0,0.949,9,0,21625.65,,,1,1.0,8.541
T20,U2630,14596.9,Transfer,Wallet,iOS,Chennai,52,8,4,29401.17,0,0.404,4,0,14596.9,,,1,1.0,1.616
T21,U9283,30612.05,Withdrawal,UPI,iOS,Delhi,470,17,0,29822.13,0,0.15,5,0,30612.05,,,1,1.0,0.75
T22,U6747,7017.72,Transfer,Wallet,iOS,Delhi,1135,2,3,2256.81,0,0.022,1,0,24638.725,24919.86425364412,-0.7071067811865476,2,0.2848248032314984,0.022
T23,U1181,14642.63,Transfer,NetBanking,Web,Delhi,1658,23,2,16649.62,1,0.95,1,0,24039.11,16581.06909144582,-0.5666992850809388,3,0.609116976460443,0.95
T24,U4203,18349.77,Withdrawal,NetBanking,Android,Chennai,714,10,1,21825.86,0,0.778,9,0,12435.486666666666,5741.447510448331,1.0301031791321746,3,1.475597255810388,7.002000000000001
T25,U4808,22830.7,Transfer,UPI,Android,Chennai,1042,3,4,5687.3,0,0.216,5,0,22830.7,,,1,1.0,1.08
T26,U3308,39269.54,Payment,Wallet,Android,Hyderabad,158,8,4,24674.96,0,0.142,3,0,39269.54,,,1,1.0,0.4259999999999999
T27,U1472,10023.71,Transfer,Wallet,iOS,Hyderabad,347,11,1,14106.78,0,0.959,2,0,14347.19,6164.204904965441,-0.7013848609278573,3,0.6986531857457801,1.918
T28,U8397,25736.01,Payment,UPI,Android,Mumbai,1012,9,4,14982.77,0,0.241,7,0,31314.125,7888.645885476795,-0.7071067811865479,2,0.8218658512731873,1.6869999999999998
T29,U9198,29641.11,Withdrawal,Card,Web,Chennai,233,9,0,8302.26,0,0.462,4,0,29641.11,,,1,1.0,1.848
T30,U8334,2370.2,Withdrawal,Card,Web,Hyderabad,1143,8,2,9074.41,0,0.611,3,0,2370.2,,,1,1.0,1.833
T31,U2407,30396.87,Transfer,NetBanking,Android,Hyderabad,363,9,4,2616.78,0,0.062,2,0,21528.05,12542.405526245751,0.7071067811865475,2,1.4119657841746,0.124
T32,U7256,8567.68,Payment,NetBanking,iOS,Delhi,1117,8,1,27952.33,0,0.344,4,0,18613.835,14207.408650702282,-0.7071067811865474,2,0.4602855886495179,1.376
T33,U5506,3299.33,Transfer,Card,Web,Delhi,564,0,1,11517.82,1,0.944,9,0,3299.33,,,1,1.0,8.495999999999999
T34,U5582,47446.83,Withdrawal,Card,Web,Delhi,75,21,2,4950.68,0,0.7,7,0,47446.83,,,1,1.0,4.9
T35,U3759,48283.32,Transfer,Card,iOS,Bangalore,1421,15,0,4356.41,0,0.368,1,0,24929.823333333334,20594.272819622285,1.133980154153119,3,1.936769440938677,0.368
T36,U2802,40429.45,Transfer,UPI,iOS,Hyderabad,1924,13,2,12281.44,0,0.792,3,0,40429.45,,,1,1.0,2.3760000000000003
T37,U8637,15265.46,Payment,UPI,Android,Delhi,630,12,4,19003.02,1,0.837,5,0,25710.64,14771.715217428206,-0.7071067811865475,2,0.5937409570512441,4.185
T38,U4639,4928.72,Withdrawal,UPI,Web,Delhi,1647,5,0,23355.69,0,0.152,7,0,21776.74,23826.698383133156,-0.7071067811865476,2,0.2263295608066221,1.064
T39,U3206,34227.44,Transfer,UPI,Web,Chennai,1168,13,0,27745.69,0,0.587,5,0,34227.44,,,1,1.0,2.935
T40,U9553,22035.62,Payment,UPI,Android,Delhi,1119,7,1,19107.49,0,0.367,9,0,22035.62,,,1,1.0,3.303
T41,U4277,6145.81,Transfer,UPI,Android,Chennai,93,22,0,12677.79,0,0.507,7,0,6145.81,,,1,1.0,3.549
T42,U6751,24784.09,Payment,NetBanking,Web,Mumbai,1987,22,4,12716.2,0,0.469,1,0,33936.13,12942.93909138106,-0.7071067811865474,2,0.7303157431327615,0.469
T43,U2054,1767.71,Payment,Wallet,Web,Delhi,236,17,4,17273.87,0,0.504,6,0,1767.71,,,1,1.0,3.024
T44,U6523,45470.55,Transfer,NetBanking,iOS,Chennai,1293,19,4,16187.42,0,0.522,2,0,27552.160000000003,25340.430153890444,0.7071067811865475,2,1.6503442924257117,1.044
T45,U1346,12976.06,Withdrawal,Wallet,iOS,Delhi,901,0,3,19260.36,0,0.069,6,0,27611.49,20697.623597162063,-0.7071067811865475,2,0.4699514586137872,0.414
T46,U1899,33142.99,Withdrawal,NetBanking,Web,Mumbai,1022,11,0,15151.97,0,0.178,3,0,33142.99,,,1,1.0,0.534
T47,U7634,15619.97,Payment,NetBanking,Web,Delhi,29,10,0,1863.83,1,0.566,2,0,15619.97,,,1,1.0,1.132
T48,U6799,26027.4,Withdrawal,UPI,iOS,Chennai,1068,12,4,15071.78,1,0.936,3,0,13692.965,17443.525261209386,0.7071067811865476,2,1.900786279669889,2.8080000000000003
T49,U9575,27358.18,Payment,UPI,Android,Mumbai,1898,22,1,773.74,0,0.747,4,0,27358.18,,,1,1.0,2.988
T50,U6463,9283.48,Withdrawal,Wallet,Android,Mumbai,764,3,0,5500.18,0,0.239,1,0,9869.415,828.6372236690794,-0.7071067811865491,2,0.94063123295555,0.239
T51,U9688,48480.75,Transfer,Wallet,Web,Mumbai,1476,5,3,11684.09,0,0.362,4,0,39866.35,12182.601311706789,0.7071067811865477,2,1.2160819839288022,1.448
T52,U8581,38767.88,Withdrawal,UPI,Web,Bangalore,950,21,0,16584.12,0,0.335,6,0,26506.445,17340.287671156148,0.7071067811865476,2,1.4625831566624643,2.01
T53,U9669,46977.97,Payment,NetBanking,iOS,Chennai,279,12,2,5626.06,0,0.77,5,0,46977.97,,,1,1.0,3.85
T54,U8665,44746.63,Payment,Wallet,Web,Bangalore,1768,23,3,8361.39,0,0.972,5,0,46906.21,3054.107325029691,-0.7071067811865476,2,0.9539596143026692,4.859999999999999
T55,U2603,29915.1,Withdrawal,Card,Android,Mumbai,415,21,1,11288.91,0,0.355,9,0,37446.25,6675.52978055675,-1.1281726316217395,3,0.7988810628567613,3.195
T56,U1488,46097.62,Transfer,Card,iOS,Bangalore,1541,12,3,5996.73,0,0.015,9,0,46097.62,,,1,1.0,0.135
T57,U4896,4470.2,Payment,Card,iOS,Delhi,313,5,3,29963.03,0,0.937,9,0,4470.2,,,1,1.0,8.433
T58,U7117,9839.34,Payment,Wallet,Android,Bangalore,1703,21,0,24160.93,1,0.753,7,0,21417.63,23184.24366931343,-0.4994033950447551,3,0.4594037715657615,5.271
T59,U6287,2309.1,Payment,UPI,Android,Hyderabad,1318,3,3,24347.0,0,0.834,9,0,2309.1,,,1,1.0,7.505999999999999
T60,U3018,16300.25,Payment,UPI,iOS,Mumbai,1581,20,4,17109.03,0,0.209,8,0,16300.25,,,1,1.0,1.672
T61,U1357,19464.43,Payment,UPI,Web,Mumbai,1018,2,3,28843.61,0,0.646,8,0,7216.563333333334,10614.07825894144,1.153926546221656,3,2.6971882738274773,5.168
T62,U7561,13603.88,Transfer,Wallet,Android,Chennai,819,14,0,21992.8,0,0.233,5,0,28264.025,20732.57588535612,-0.7071067811865475,2,0.4813143209433193,1.165
T63,U8749,41445.44,Withdrawal,Wallet,iOS,Delhi,1062,10,4,9993.27,0,0.012,9,0,23476.595,25411.784299179977,0.7071067811865476,2,1.7653940019836778,0.108
T64,U1808,17869.83,Transfer,Card,Web,Chennai,400,1,1,18354.75,0,0.157,8,0,9884.18,11293.414534364709,0.7071067811865476,2,1.8079223567357128,1.256
T65,U8448,14082.68,Transfer,Wallet,Web,Bangalore,1449,22,2,16356.63,0,0.923,7,0,14082.68,,,1,1.0,6.461
T66,U1709,27157.67,Payment,Card,iOS,Hyderabad,1942,16,3,17450.64,0,0.215,8,0,25318.13,2601.5024165278005,0.7071067811865486,2,1.072657024827663,1.72
T67,U9847,7089.17,Transfer,Card,Android,Hyderabad,1800,22,4,24550.03,0,0.585,9,0,9927.95,9997.849038875813,-0.2839390741910224,5,0.7140618153798115,5.265
T68,U1177,40119.74,Payment,UPI,Web,Hyderabad,918,1,4,15335.9,0,0.968,7,0,40119.74,,,1,1.0,6.776
T69,U3551,3773.8,Transfer,Wallet,Android,Hyderabad,1983,20,1,21886.35,0,0.076,9,0,3773.8,,,1,1.0,0.6839999999999999
T70,U5572,49345.0,Payment,UPI,iOS,Delhi,151,0,1,7592.84,0,0.808,8,0,39489.19666666666,16394.758608226995,0.6011557454946382,3,1.249582269716131,6.464
T71,U5611,38623.63,Payment,UPI,Android,Bangalore,655,4,2,27968.65,0,0.598,2,0,38623.63,,,1,1.0,1.196
T72,U3282,9975.85,Transfer,Wallet,Web,Hyderabad,1689,19,2,2682.83,0,0.323,3,0,25135.83333333333,14185.31929754961,-1.0687093476952674,3,0.3968776315353248,0.969
T73,U1105,325.83,Transfer,Wallet,iOS,Mumbai,818,16,0,29808.04,0,0.364,6,0,17130.396666666667,17855.106002018958,-0.9411630860531714,3,0.0190205753165085,2.184
T74,U6842,40782.3,Withdrawal,NetBanking,Web,Bangalore,957,0,2,19016.93,0,0.027,6,0,32367.395000000004,11900.472777081171,0.7071067811865474,2,1.2599809159804178,0.162
T75,U7788,35357.52,Withdrawal,Card,Web,Delhi,1913,6,2,14151.55,1,0.256,7,0,27399.126666666667,15625.252335912315,0.5093289479263094,3,1.29046156945635,1.792
T76,U4108,36463.91,Withdrawal,NetBanking,iOS,Hyderabad,1374,2,4,9392.39,0,0.423,2,0,42609.755000000005,8691.537351242869,-0.7071067811865481,2,0.8557643666338847,0.846
T77,U9241,38574.95,Transfer,Card,iOS,Delhi,254,15,3,12213.74,0,0.717,1,0,22700.62,22449.69277958609,0.7071067811865476,2,1.6992905920631245,0.717
T78,U1267,3748.53,Transfer,Card,Android,Hyderabad,775,15,3,23494.46,1,0.275,5,0,3748.53,,,1,1.0,1.375
T79,U5248,17955.36,Payment,Card,iOS,Mumbai,885,11,2,4269.05,0,0.58,2,0,17955.36,,,1,1.0,1.16
T80,U6998,5837.66,Withdrawal,UPI,Android,Bangalore,921,8,0,7655.29,0,0.732,9,0,21413.24333333333,15406.064556577496,-1.011003379619324,3,0.2726191408338734,6.588
T81,U3877,43162.02,Payment,UPI,iOS,Mumbai,1038,13,0,3799.45,0,0.699,3,0,43162.02,,,1,1.0,2.097
T82,U1520,31183.74,Payment,Wallet,Web,Hyderabad,929,11,3,12856.97,0,0.59,2,0,31183.74,,,1,1.0,1.18
T83,U1170,16578.36,Payment,Card,Android,Chennai,948,15,1,11677.96,0,0.58,7,0,22481.056666666667,10391.405049031307,-0.56803643384269,3,0.7374368672172438,4.06
T84,U5484,3224.74,Payment,Card,iOS,Bangalore,458,16,4,19498.67,0,0.721,6,0,21842.735,26329.82103319448,-0.7071067811865476,2,0.1476344422985491,4.326
T85,U9322,15583.57,Withdrawal,Card,Android,Delhi,275,11,2,29871.91,0,0.336,8,0,15583.57,,,1,1.0,2.688
T86,U3983,16292.91,Payment,UPI,Android,Hyderabad,1524,3,4,26781.54,0,0.45,9,0,16292.91,,,1,1.0,4.05
T87,U2552,36493.83,Transfer,Wallet,Android,Mumbai,1272,16,2,26423.29,0,0.966,3,0,36493.83,,,1,1.0,2.898
T88,U3989,31896.0,Transfer,UPI,Web,Chennai,259,0,2,19406.67,0,0.669,8,0,31896.0,,,1,1.0,5.352
T89,U4029,44366.28,Transfer,NetBanking,iOS,Hyderabad,964,20,3,8191.19,0,0.52,4,0,44366.28,,,1,1.0,2.08
T90,U5882,23637.14,Withdrawal,NetBanking,iOS,Delhi,1324,16,4,11584.16,0,0.578,2,0,23752.735,163.47601674251956,-0.7071067811865476,2,0.995133402532382,1.156
T91,U4389,6023.73,Payment,NetBanking,Android,Mumbai,552,10,4,7578.65,0,0.104,4,0,6023.73,,,1,1.0,0.416
T92,U4396,35676.58,Withdrawal,Wallet,iOS,Bangalore,641,18,1,4139.01,0,0.592,4,0,26021.105,13654.903696154362,0.7071067811865476,2,1.371063219644208,2.368
T93,U8733,38051.21,Payment,NetBanking,Web,Chennai,1112,22,1,13137.33,0,0.836,8,0,38051.21,,,1,1.0,6.688
T94,U4576,28085.8,Withdrawal,Wallet,Android,Hyderabad,916,17,4,26936.3,0,0.524,8,0,24898.0725,17191.72656353122,0.1854221848061565,4,1.1280310955797883,4.192
T95,U3234,38559.81,Withdrawal,UPI,Web,Hyderabad,530,19,1,22340.85,0,0.177,7,0,34870.97,6242.775929960967,0.5908973894603744,3,1.1057854140564485,1.239
T96,U1521,24715.09,Payment,UPI,Web,Hyderabad,1483,1,1,29546.65,0,0.448,4,0,24715.09,,,1,1.0,1.792
T97,U4929,26160.5,Withdrawal,Wallet,iOS,Hyderabad,1589,8,2,5925.03,0,0.278,2,0,21265.555,6922.497606070369,0.7071067811865476,2,1.2301818598197884,0.556
T98,U1472,21405.67,Payment,UPI,iOS,Mumbai,893,8,3,15066.27,0,0.36,1,0,14347.19,6164.204904965441,1.1450754977846689,3,1.4919764776238411,0.36
T99,U1266,1319.69,Transfer,UPI,Android,Bangalore,743,11,2,23812.08,0,0.225,2,0,1319.69,,,1,1.0,0.45
T100,U8394,5439.18,Transfer,Wallet,Web,Delhi,153,12,1,13867.79,0,0.334,2,0,22697.47,16141.176802628115,-1.0692089065767496,3,0.2396381623150069,0.668
T101,U7803,1619.89,Transfer,NetBanking,iOS,Chennai,1153,15,2,10716.13,0,0.822,3,0,1619.89,,,1,1.0,2.466
T102,U7909,31838.7,Withdrawal,Wallet,Android,Hyderabad,953,12,2,24495.02,1,0.758,5,0,22393.565,13357.438015444804,0.7071067811865474,2,1.4217789798096014,3.79
T103,U5779,15752.08,Transfer,Card,Android,Hyderabad,574,22,0,12966.21,0,0.491,1,0,24723.713333333333,9724.971062421386,-0.9225357356589932,3,0.6371243586117188,0.491
T104,U1616,25453.11,Payment,UPI,iOS,Bangalore,1610,13,2,27397.73,0,0.783,5,1,25453.11,,,1,1.0,3.915
T105,U6888,45382.95,Transfer,Wallet,Web,Bangalore,1209,6,2,8125.2,0,0.976,7,0,45382.95,,,1,1.0,6.832
T106,U1735,12502.15,Transfer,UPI,Android,Mumbai,79,1,3,26903.97,0,0.406,1,0,12502.15,,,1,1.0,0.406
T107,U2553,20548.63,Withdrawal,NetBanking,iOS,Mumbai,1847,11,4,8425.98,0,0.98,4,0,19337.44,13564.37190628818,0.0892920076482507,3,1.0626344541986943,3.92
T108,U9301,37789.78,Payment,UPI,Android,Mumbai,642,23,0,8757.97,0,0.246,2,0,17470.035,14169.40908589228,1.4340573327247133,4,2.163119879267557,0.492
T109,U3195,11478.47,Withdrawal,Wallet,iOS,Chennai,898,16,0,12675.47,0,0.955,8,0,20893.46,13314.806547607068,-0.7071067811865475,2,0.549381002476373,7.64
T110,U9467,3895.15,Withdrawal,NetBanking,Android,Mumbai,1236,23,0,15522.77,0,0.864,2,0,21085.9,16226.863090687,-1.0594006927849289,3,0.184727709037793,1.728
T111,U9234,14523.09,Payment,NetBanking,Web,Hyderabad,810,4,0,12604.93,0,0.199,1,0,14523.09,,,1,1.0,0.199
T112,U9082,8103.0,Withdrawal,NetBanking,Android,Mumbai,189,19,3,25878.26,1,0.35,2,0,22904.355,20932.27698249882,-0.7071067811865476,2,0.3537755156170082,0.7
T113,U8186,46488.4,Payment,Card,iOS,Chennai,602,9,4,23887.52,0,0.708,4,0,23671.915,32267.382532682288,0.7071067811865476,2,1.9638630841653493,2.832
T114,U9675,40415.61,Transfer,Wallet,iOS,Mumbai,576,17,3,9364.92,0,0.192,5,0,32789.82,10784.495641809126,0.7071067811865475,2,1.232565778037208,0.96
T115,U2339,31688.52,Payment,Wallet,iOS,Mumbai,700,2,0,15394.44,0,0.591,2,0,24556.125,10086.729741202053,0.7071067811865475,2,1.290452789273552,1.182
T116,U5538,43579.46,Payment,NetBanking,Web,Hyderabad,1643,12,4,12987.79,0,0.535,4,0,43579.46,,,1,1.0,2.14
T117,U4935,40193.42,Payment,UPI,iOS,Hyderabad,1143,12,3,1776.5,1,0.292,7,0,40193.42,,,1,1.0,2.044
T118,U3759,9369.17,Withdrawal,NetBanking,iOS,Hyderabad,1457,9,4,22469.59,1,0.301,5,0,24929.823333333334,20594.272819622285,-0.7555815866684594,3,0.3758217567259134,1.505
T119,U2322,44633.32,Payment,Card,Web,Mumbai,674,1,3,5531.83,1,0.516,8,0,38114.875,9218.47332458309,0.7071067811865475,2,1.1710210252558877,4.128
T120,U9154,26990.14,Payment,NetBanking,iOS,Hyderabad,1992,15,4,28030.84,0,0.3,9,0,24465.666666666668,2196.245212204988,1.1494496695106322,3,1.1031843263348635,2.7
T121,U7077,40381.64,Payment,Wallet,iOS,Bangalore,1536,3,3,11993.57,0,0.18,1,0,38646.145,2454.360566430696,0.7071067811865454,2,1.0449073251678789,0.18
T122,U5583,44809.76,Transfer,NetBanking,Web,Delhi,415,18,0,18705.51,0,0.773,1,0,44809.76,,,1,1.0,0.773
T123,U2161,15934.27,Payment,UPI,Android,Delhi,995,4,0,24567.15,0,0.582,3,1,14330.616666666669,4608.140564754218,0.3480044305937674,3,1.11190400040938,1.746
T124,U7575,5547.09,Withdrawal,Wallet,iOS,Hyderabad,646,6,0,5490.87,1,0.438,8,0,21695.4425,18424.53635834812,-0.876459097038999,4,0.2556799659652021,3.504
T125,U4491,11435.36,Payment,UPI,Android,Chennai,1124,8,3,16279.98,0,0.181,1,0,11435.36,,,1,1.0,0.181
T126,U5632,21384.03,Payment,NetBanking,Web,Hyderabad,1327,4,4,7198.85,0,0.594,2,0,34913.16,19133.07913310871,-0.7071067811865478,2,0.6124919657802387,1.188
T127,U6524,40909.84,Transfer,Wallet,iOS,Hyderabad,1426,7,4,15339.16,0,0.629,1,0,30416.49,24213.650990693248,0.433365047015554,3,1.344988853085941,0.629
T128,U3140,43043.49,Payment,Card,iOS,Mumbai,1070,1,1,17425.14,0,0.48,1,0,42453.81,833.9334534601671,0.7071067811865475,2,1.01388991942066,0.48
T129,U5039,397.26,Withdrawal,Wallet,Web,Chennai,526,21,2,5157.32,0,0.373,9,0,397.26,,,1,1.0,3.357
T130,U1958,25561.83,Payment,UPI,iOS,Hyderabad,859,23,0,17466.48,0,0.867,1,0,25561.83,,,1,1.0,0.867
T131,U5840,20899.68,Withdrawal,Wallet,Android,Bangalore,1695,19,0,13701.75,0,0.705,4,0,20899.68,,,1,1.0,2.82
T132,U3019,11144.29,Transfer,Card,Android,Delhi,1911,19,0,15707.79,0,0.356,7,0,11144.29,,,1,1.0,2.492
T133,U2050,6037.28,Payment,Card,Web,Bangalore,917,6,1,27158.51,0,0.593,5,0,6037.28,,,1,1.0,2.965
T134,U7905,16913.88,Transfer,Card,iOS,Bangalore,325,3,1,14565.71,0,0.234,5,0,16913.88,,,1,1.0,1.1700000000000002
T135,U1699,47148.34,Payment,Card,iOS,Bangalore,1205,20,1,14336.84,0,0.011,7,0,33419.22,19415.90770344771,0.7071067811865472,2,1.4108150938292394,0.077
T136,U2974,16193.99,Withdrawal,UPI,Web,Chennai,1439,14,0,14164.92,0,0.869,6,0,16193.99,,,1,1.0,5.214
T137,U2686,25963.59,Transfer,Wallet,Android,Chennai,1295,17,4,18730.85,0,0.819,6,1,14045.075,16855.32555634717,0.7071067811865475,2,1.848590342166204,4.914
T138,U2979,35165.8,Payment,NetBanking,Android,Chennai,1517,1,0,11088.77,1,0.639,8,0,35165.8,,,1,1.0,5.112
T139,U6022,18213.3,Withdrawal,Card,Web,Delhi,36,13,1,24060.67,0,0.811,9,0,17931.02,399.2042043866756,0.7071067811865476,2,1.0157425511766758,7.299
T140,U5263,48590.52,Transfer,NetBanking,iOS,Mumbai,1528,9,1,8652.9,0,0.781,2,0,48590.52,,,1,1.0,1.562
T141,U1515,48124.24,Payment,NetBanking,Android,Hyderabad,64,4,2,9056.43,1,0.86,4,0,48124.24,,,1,1.0,3.44
T142,U5875,12626.53,Transfer,Wallet,iOS,Hyderabad,1944,11,3,17703.63,0,0.892,9,0,12626.53,,,1,1.0,8.028
T143,U2726,24887.56,Payment,NetBanking,Android,Mumbai,1865,9,2,7870.69,0,0.819,1,0,24887.56,,,1,1.0,0.819
T144,U4077,15078.87,Withdrawal,NetBanking,iOS,Hyderabad,258,17,2,2789.39,0,0.852,8,0,24779.965,13719.42011886982,-0.7071067811865476,2,0.6085105447081948,6.816
T145,U1247,14277.78,Withdrawal,UPI,Android,Bangalore,282,5,0,6247.01,0,0.502,1,0,23196.45333333333,16251.231234443336,-0.5487998542800152,6,0.6155156477944329,0.502
T146,U3238,1892.5,Transfer,NetBanking,iOS,Delhi,1292,21,3,27418.36,0,0.708,4,0,5204.33,4683.634902274087,-0.7071067811865476,2,0.3636395078713302,2.832
T147,U6324,30497.74,Transfer,Wallet,Web,Hyderabad,1811,11,3,419.95,0,0.333,9,1,19512.84,15534.994561312213,0.7071067811865476,2,1.5629575192539886,2.9970000000000003
T148,U4212,25158.82,Payment,NetBanking,Android,Delhi,200,23,0,4090.5,1,0.861,4,1,25158.82,,,1,1.0,3.444
T149,U8724,2621.36,Withdrawal,Wallet,Web,Mumbai,584,0,4,22765.39,0,0.859,5,0,2621.36,,,1,1.0,4.295
T150,U7392,13968.39,Payment,Card,Android,Hyderabad,866,6,0,29397.84,1,0.066,9,0,13968.39,,,1,1.0,0.5940000000000001
T151,U9335,45417.88,Withdrawal,NetBanking,Android,Delhi,1479,11,4,20676.74,0,0.347,8,0,26461.445,26808.44747124402,0.7071067811865475,2,1.7163794343052694,2.776
T152,U9792,12016.12,Transfer,NetBanking,Android,Bangalore,1886,6,4,27677.8,0,0.171,1,0,12016.12,,,1,1.0,0.171
T153,U9965,7287.5,Payment,NetBanking,iOS,Bangalore,1535,8,3,25671.55,0,0.136,3,0,7287.5,,,1,1.0,0.408
T154,U1732,24498.17,Payment,Card,Android,Mumbai,625,19,0,14451.11,1,0.415,4,0,24498.17,,,1,1.0,1.66
T155,U7026,49283.24,Withdrawal,UPI,Web,Chennai,1426,14,0,10072.35,0,0.626,3,0,49283.24,,,1,1.0,1.878
T156,U7031,12140.66,Withdrawal,NetBanking,iOS,Hyderabad,1441,22,3,19003.91,0,0.344,9,0,20926.51333333333,24211.29138094524,-0.3628824747550628,3,0.580156847278588,3.096
T157,U8987,33623.17,Withdrawal,Wallet,iOS,Bangalore,1833,11,2,16053.25,0,0.309,6,0,35552.085,2727.8977536649,-0.7071067811865475,2,0.9457439697277952,1.854
T158,U3605,38092.9,Transfer,UPI,Android,Bangalore,1804,12,0,872.3,0,0.094,3,0,38092.9,,,1,1.0,0.282
T159,U5651,11920.0,Payment,UPI,iOS,Mumbai,1027,21,1,28723.19,0,0.383,8,0,12545.82,885.0431316043299,-0.7071067811865476,2,0.9501172502076388,3.064
T160,U5141,36424.41,Withdrawal,UPI,Android,Bangalore,682,3,1,17150.4,0,0.471,9,0,36424.41,,,1,1.0,4.239
T161,U4152,18420.77,Transfer,NetBanking,Web,Hyderabad,692,9,0,26247.3,0,0.399,4,0,18420.77,,,1,1.0,1.596
T162,U1106,31633.68,Withdrawal,Card,iOS,Mumbai,118,23,4,22065.44,0,0.68,5,0,30876.17,12106.861707548323,0.0625686505965219,3,1.02453380713994,3.4000000000000004
T163,U8583,31694.81,Payment,Card,iOS,Delhi,661,2,3,10290.91,1,0.288,3,0,31694.81,,,1,1.0,0.8639999999999999
T164,U1077,26811.95,Withdrawal,NetBanking,Web,Mumbai,1638,23,4,27044.62,0,0.716,5,0,25542.416666666668,21453.590639408903,0.0591757974071379,3,1.0497029451011226,3.58
T165,U1822,4559.97,Payment,Wallet,Web,Hyderabad,990,4,1,23733.63,0,0.883,2,0,18866.193333333333,13746.008262242289,-1.0407547456980546,3,0.2417005868345107,1.766
T166,U6928,41773.36,Transfer,Wallet,Android,Hyderabad,1136,3,1,12950.77,0,0.591,2,1,38348.27,4843.808730348467,0.7071067811865464,2,1.089315371984186,1.182
T167,U1821,16072.96,Transfer,Wallet,iOS,Delhi,235,18,3,25230.3,0,0.389,5,0,21344.975,7455.755114034396,-0.7071067811865471,2,0.7530090805915678,1.945
T168,U7504,9366.6,Withdrawal,NetBanking,Web,Mumbai,362,14,1,8219.41,0,0.18,7,1,9366.6,,,1,1.0,1.26
T169,U5838,2086.72,Payment,Card,iOS,Hyderabad,1193,22,2,20153.44,0,0.932,1,0,2086.72,,,1,1.0,0.932
T170,U6924,29565.1,Payment,NetBanking,Web,Hyderabad,1437,6,1,3525.99,0,0.752,3,0,20194.035,13252.687216879827,0.7071067811865475,2,1.464051141834705,2.256
T171,U7781,33894.34,Payment,Card,iOS,Delhi,1740,21,4,25986.46,0,0.246,1,0,33894.34,,,1,1.0,0.246
T172,U3476,878.56,Withdrawal,UPI,Web,Chennai,1357,2,4,21910.04,0,0.151,8,0,878.56,,,1,1.0,1.208
T173,U5190,25629.05,Payment,NetBanking,iOS,Mumbai,154,15,2,4661.78,0,0.049,2,0,25629.05,,,1,1.0,0.098
T174,U6775,11363.46,Payment,Card,Android,Hyderabad,1787,14,4,737.9,0,0.191,6,0,22697.08,19361.42038488912,-0.5853713092684811,3,0.5006573532806863,1.146
T175,U8577,32276.38,Payment,UPI,iOS,Bangalore,1498,17,4,11757.05,0,0.732,6,0,32091.6,261.31838205530016,0.7071067811865579,2,1.0057578930311983,4.392
T176,U5318,8759.6,Payment,UPI,Android,Delhi,924,2,4,20290.65,0,0.63,9,0,21077.945,17420.770564990806,-0.7071067811865474,2,0.415581310227349,5.67
T177,U3312,34562.34,Withdrawal,NetBanking,Android,Chennai,1165,13,0,8566.11,0,0.967,6,0,34562.34,,,1,1.0,5.802
T178,U3335,19367.43,Withdrawal,Card,Android,Chennai,1126,0,2,29200.33,0,0.322,6,0,19367.43,,,1,1.0,1.932
T179,U1954,46839.66,Payment,UPI,iOS,Delhi,282,6,2,28046.97,0,0.787,1,0,32971.90666666667,15046.209068254817,0.9216775647888716,3,1.4205930058437628,0.787
T180,U6362,6919.17,Payment,NetBanking,iOS,Chennai,1737,1,1,17978.42,0,0.12,7,0,15011.985,11444.968730776418,-0.7071067811865477,2,0.4609097331232345,0.84
T181,U4441,17086.26,Transfer,UPI,Android,Hyderabad,543,9,2,9536.41,0,0.563,6,0,12764.285,6112.195661237457,0.7071067811865474,2,1.338599067632852,3.378
T182,U5334,5718.0,Transfer,Wallet,Web,Chennai,1227,23,3,26898.45,0,0.467,8,0,5718.0,,,1,1.0,3.736
T183,U4448,46238.45,Payment,NetBanking,iOS,Mumbai,1203,15,2,24123.78,0,0.838,1,0,34647.39,15739.532967829762,0.7364297291216402,5,1.3345435255007665,0.838
T184,U1666,43873.1,Payment,UPI,iOS,Bangalore,469,11,3,2676.02,0,0.702,8,0,43433.75,621.3347286286173,0.7071067811865475,2,1.010115405646531,5.616
T185,U9132,12934.18,Transfer,NetBanking,iOS,Hyderabad,950,17,4,14342.05,0,0.194,8,0,12934.18,,,1,1.0,1.552
T186,U4137,33016.2,Transfer,NetBanking,iOS,Delhi,1044,5,3,29438.33,0,0.984,1,0,33016.2,,,1,1.0,0.984
T187,U4280,40870.25,Payment,Card,Android,Bangalore,190,16,0,13671.77,0,0.823,7,0,40870.25,,,1,1.0,5.760999999999999
T188,U4783,27782.28,Withdrawal,Card,Web,Hyderabad,1265,7,4,27993.96,0,0.355,7,0,28955.596666666668,18853.187657964725,-0.0622343917619145,3,0.9594787605251672,2.485
T189,U4342,26506.05,Withdrawal,UPI,Web,Bangalore,1989,20,3,29320.95,0,0.826,7,0,26506.05,,,1,1.0,5.782
T190,U7832,12130.52,Payment,NetBanking,Web,Chennai,38,8,4,11682.04,0,0.957,3,0,29714.730000000003,24867.8282656166,-0.7071067811865477,2,0.4082325499844689,2.871
T191,U2155,4700.48,Payment,NetBanking,Web,Delhi,541,18,0,28940.3,0,0.89,3,0,3742.91,1354.2084809216042,0.7071067811865476,2,1.2558357000301903,2.67
T192,U6183,44865.93,Transfer,Wallet,Android,Delhi,1038,1,4,4224.42,0,0.556,8,0,44865.93,,,1,1.0,4.448
T193,U3650,45025.88,Transfer,NetBanking,iOS,Mumbai,1954,6,4,4887.57,0,0.577,8,0,45025.88,,,1,1.0,4.616
T194,U5701,31673.42,Withdrawal,Card,iOS,Chennai,1579,10,2,8368.65,0,0.107,8,1,33846.49,3073.185065986101,-0.7071067811865476,2,0.9357962967504164,0.856
T195,U8420,16984.54,Payment,NetBanking,Android,Mumbai,149,22,1,14079.93,0,0.165,3,0,11239.885,8124.169012154413,0.7071067811865475,2,1.511095531671365,0.495
T196,U9588,17493.02,Transfer,Card,iOS,Mumbai,1061,12,3,5512.64,0,0.983,4,0,21299.012,20106.313942830748,-0.1892933737542226,5,0.8213066408901972,3.932
T197,U9358,36311.49,Withdrawal,Wallet,Android,Chennai,107,9,1,10271.31,0,0.77,2,0,36311.49,,,1,1.0,1.54
T198,U5231,44860.66,Withdrawal,UPI,Web,Hyderabad,271,14,0,3199.23,0,0.026,3,0,30883.25,19767.042788849325,0.7071067811865476,2,1.452588700994876,0.078
T199,U3939,44359.97,Withdrawal,Card,Android,Mumbai,1791,20,0,12957.24,1,0.548,5,0,44359.97,,,1,1.0,2.74
T200,U1446,39004.78,Transfer,UPI,iOS,Bangalore,28,6,4,24841.61,0,0.345,3,0,21305.325,25030.80930761229,0.7071067811865475,2,1.830752640478378,1.035
T201,U1679,32119.48,Transfer,UPI,iOS,Hyderabad,21,5,1,17892.1,0,0.312,4,0,28379.38,5289.300144631612,0.707106781186548,2,1.1317893484635675,1.248
T202,U5356,4252.79,Payment,UPI,iOS,Chennai,546,11,3,24323.76,0,0.557,7,0,12274.395,11344.26258299983,-0.7071067811865476,2,0.3464765473165887,3.899000000000001
T203,U5826,8123.35,Payment,UPI,Web,Delhi,1558,2,3,4157.81,1,0.32,3,0,8123.35,,,1,1.0,0.96
T204,U6113,44932.78,Withdrawal,Card,Android,Hyderabad,1498,15,4,12043.13,0,0.252,1,0,24503.895,28890.806231160284,0.7071067811865475,2,1.833699499610164,0.252
T205,U5101,30341.13,Withdrawal,Wallet,Android,Mumbai,1621,19,3,1275.76,0,0.938,1,0,30341.13,,,1,1.0,0.938
T206,U6535,509.39,Transfer,NetBanking,iOS,Bangalore,268,8,2,11162.37,0,0.04,4,1,770.49,369.251161135615,-0.7071067811865478,2,0.6611247388025802,0.16
T207,U5362,5118.5,Transfer,Card,Android,Chennai,33,9,1,18473.48,0,0.436,1,0,9910.75,6777.264944282465,-0.7071067811865475,2,0.5164594001463058,0.436
T208,U4000,33191.91,Payment,Wallet,iOS,Delhi,1041,12,0,17109.19,0,0.511,6,0,33191.91,,,1,1.0,3.066
T209,U9062,302.83,Payment,NetBanking,Android,Bangalore,1913,7,3,1903.65,0,0.44,4,0,302.83,,,1,1.0,1.76
T210,U4570,8082.36,Payment,UPI,Web,Delhi,237,5,3,1955.58,0,0.657,5,0,28252.45,28524.81483228594,-0.7071067811865475,2,0.2860764287698942,3.285
T211,U1634,27459.25,Transfer,NetBanking,Web,Chennai,385,2,3,9221.52,0,0.026,6,0,27459.25,,,1,1.0,0.156
T212,U8304,34610.17,Withdrawal,NetBanking,Android,Hyderabad,1156,11,4,23164.84,0,0.885,2,0,34610.17,,,1,1.0,1.77
T213,U2593,32615.46,Payment,Wallet,Web,Mumbai,1123,8,0,715.24,0,0.5,1,0,27194.5475,12767.19697537502,0.424596918999189,4,1.1993382129266903,0.5
T214,U3997,11252.25,Payment,NetBanking,Web,Chennai,1846,8,1,18516.22,0,0.554,2,1,11252.25,,,1,1.0,1.108
T215,U3745,35623.35,Transfer,UPI,Web,Bangalore,1489,10,3,5592.68,0,0.463,6,0,27732.82,11158.894540311776,0.7071067811865476,2,1.2845195692324112,2.778
T216,U1607,11900.59,Payment,Card,iOS,Hyderabad,233,5,2,28335.06,0,0.445,9,0,16793.156666666666,8822.395232006631,-0.5545621725171639,3,0.7086571176711467,4.005
T217,U6936,16303.71,Withdrawal,Card,Android,Delhi,745,1,4,12963.44,0,0.187,8,0,21496.61,7343.869608047244,-0.7071067811865479,2,0.7584316782971826,1.496
T218,U7780,37337.25,Transfer,Wallet,Android,Hyderabad,266,6,1,1531.73,0,0.504,1,0,37337.25,,,1,1.0,0.504
T219,U3538,32499.16,Payment,UPI,iOS,Hyderabad,524,8,3,21437.79,0,0.421,5,0,34324.955,2582.064051112984,-0.7071067811865486,2,0.9468085245851012,2.105
T220,U4982,42468.71,Payment,UPI,iOS,Bangalore,842,18,1,14589.82,0,0.468,7,0,22949.37,27604.51535657165,0.7071067811865475,2,1.8505392522757709,3.276
T221,U9606,32897.76,Transfer,NetBanking,Web,Mumbai,1816,17,4,26449.09,0,0.014,8,1,16972.15,12514.383301862435,1.272584482659237,4,1.9383378063474572,0.112
T222,U2440,28437.01,Transfer,Wallet,Android,Hyderabad,1851,11,2,19589.57,0,0.131,7,0,28437.01,,,1,1.0,0.917
T223,U4595,4729.05,Payment,UPI,iOS,Hyderabad,1181,20,3,20806.52,0,0.763,1,0,4198.885,749.7665332955324,0.707106781186547,2,1.126263281799811,0.763
T224,U2186,18417.4,Withdrawal,UPI,Web,Mumbai,1420,10,2,23041.07,0,0.419,4,0,27433.396666666667,8074.145359481295,-1.1166502787913493,3,0.6713496044176812,1.676
T225,U1130,13296.86,Transfer,UPI,Android,Mumbai,710,9,4,12668.6,0,0.743,4,0,13296.86,,,1,1.0,2.972
T226,U9700,12237.28,Withdrawal,Card,Web,Delhi,920,22,2,23797.16,0,0.171,9,0,22285.23,14209.947164046738,-0.7071067811865476,2,0.5491206507628595,1.539
T227,U6095,48651.88,Payment,Card,Android,Delhi,708,2,4,1613.63,0,0.698,6,0,48651.88,,,1,1.0,4.188
T228,U8167,19685.23,Withdrawal,Card,Web,Mumbai,447,11,2,22989.27,0,0.289,6,0,15119.265,6457.249628320869,0.7071067811865475,2,1.301996492554367,1.734
T229,U7347,44607.73,Payment,NetBanking,Android,Chennai,1733,3,1,19125.6,0,0.705,5,0,29036.040000000005,19469.77145945221,0.7997880217767133,3,1.5362883506153042,3.525
T230,U1289,31575.37,Payment,NetBanking,Android,Mumbai,1669,9,1,17043.28,0,0.087,5,1,31575.37,,,1,1.0,0.4349999999999999
T231,U1111,39750.82,Payment,NetBanking,Android,Delhi,46,1,4,9612.7,0,0.334,9,0,39750.82,,,1,1.0,3.006
T232,U1878,25156.72,Payment,UPI,Android,Bangalore,1694,11,1,3511.97,0,0.119,2,0,23393.91,19206.324494293534,0.0917827875147978,3,1.0753533718818271,0.238
T233,U5424,28866.35,Withdrawal,Card,Web,Bangalore,115,10,2,19451.3,0,0.63,5,0,31364.77,3533.299448504191,-0.7071067811865475,2,0.9203431110765358,3.15
T234,U5332,24651.26,Payment,UPI,iOS,Hyderabad,624,13,2,14202.96,0,0.393,1,0,24651.26,,,1,1.0,0.393
T235,U3511,9802.39,Payment,UPI,Android,Bangalore,1952,14,3,6613.56,0,0.074,5,0,9487.259999999998,445.6611199106329,0.7071067811865507,2,1.033216123517222,0.37
T236,U9467,36136.48,Withdrawal,Wallet,Android,Delhi,1922,13,4,1396.66,0,0.526,4,0,21085.9,16226.863090687,0.927510136487064,3,1.7137746076762197,2.104
T237,U9056,14074.58,Transfer,UPI,Android,Bangalore,241,11,1,16209.08,0,0.025,4,0,15808.2,2451.708916001244,-0.7071067811865481,2,0.8903341303880264,0.1
T238,U6531,1264.58,Withdrawal,NetBanking,Android,Chennai,876,1,4,3876.26,0,0.818,4,0,1640.355,531.42610140075,-0.7071067811865475,2,0.7709184902048641,3.272
T239,U2018,32291.34,Withdrawal,Card,Web,Mumbai,1179,22,1,27889.64,0,0.938,3,0,25463.425,9656.129995730693,0.7071067811865475,2,1.2681459780057085,2.814
T240,U7639,8896.68,Withdrawal,Card,iOS,Mumbai,1050,1,3,4603.89,0,0.81,6,0,8896.68,,,1,1.0,4.86
T241,U6347,47025.91,Payment,UPI,iOS,Delhi,1192,0,2,1057.56,0,0.952,3,0,47025.91,,,1,1.0,2.856
T242,U7705,47698.73,Payment,NetBanking,iOS,Hyderabad,969,19,2,7935.22,0,0.897,6,0,43481.33500000001,5964.297206884482,0.7071067811865467,2,1.0969932270938785,5.382
T243,U4337,45747.48,Payment,NetBanking,Web,Mumbai,1849,14,0,5331.2,0,0.895,6,0,42784.87,4189.763242022156,0.7071067811865475,2,1.0692443380101424,5.37
T244,U7667,18539.43,Transfer,NetBanking,iOS,Bangalore,1315,21,4,23758.02,0,0.245,2,0,21506.265,4195.73829432318,-0.7071067811865476,2,0.8620478730267669,0.49
T245,U3625,822.06,Payment,Card,Web,Chennai,287,9,1,8751.34,0,0.231,9,0,9697.23,12101.432429084583,-0.7333983023918241,3,0.0847726618838575,2.079
T246,U6458,46419.51,Transfer,NetBanking,Web,Hyderabad,134,19,0,7432.69,0,0.809,8,0,46419.51,,,1,1.0,6.472
T247,U4017,21437.8,Payment,NetBanking,Android,Hyderabad,1718,0,4,29844.77,0,0.491,7,0,16996.539999999997,4427.905964527702,1.003015880549244,3,1.2613037712381463,3.437
T248,U7376,48334.41,Withdrawal,UPI,Web,Hyderabad,1453,0,1,4586.85,0,0.942,9,0,39740.375,12153.800852509064,0.7071067811865478,2,1.2162545018762403,8.478
T249,U4452,48182.82,Payment,Wallet,iOS,Mumbai,1353,0,3,2641.46,0,0.897,8,0,48182.82,,,1,1.0,7.176
T250,U6082,42657.82,Transfer,NetBanking,iOS,Hyderabad,684,22,4,9238.16,0,0.893,9,0,28394.876666666667,12397.421785058106,1.150476573324595,3,1.5023069302525585,8.037
T251,U6484,14757.72,Transfer,UPI,iOS,Delhi,724,10,1,12212.2,0,0.326,8,0,31878.245,24212.078649947634,-0.7071067811865476,2,0.4629401649933991,2.608
T252,U1877,19285.63,Payment,UPI,Android,Bangalore,1515,11,2,22836.68,0,0.133,3,0,13073.695,8785.002725580112,0.7071067811865477,2,1.475147615115696,0.399
T253,U2994,42564.28,Withdrawal,NetBanking,Android,Chennai,1883,14,4,28667.77,0,0.678,1,0,31001.685,16351.978665227334,0.7071067811865477,2,1.3729666629410628,0.678
T254,U7401,15880.25,Payment,Wallet,Android,Bangalore,676,13,1,22933.95,0,0.441,6,1,21482.21,24647.752912133798,-0.227280759425425,3,0.7392279472177211,2.646
T255,U3238,8516.16,Payment,Card,Web,Delhi,1357,22,2,21826.49,0,0.934,3,0,5204.33,4683.634902274087,0.7071067811865476,2,1.63636049212867,2.802
T256,U1242,27862.22,Payment,Wallet,iOS,Delhi,922,0,2,29744.29,0,0.854,3,1,27862.22,,,1,1.0,2.562
T257,U9237,46810.93,Withdrawal,NetBanking,Web,Bangalore,1999,0,0,22984.38,0,0.929,6,0,46810.93,,,1,1.0,5.574
T258,U8720,34816.69,Transfer,Wallet,Web,Mumbai,404,5,1,4272.04,0,0.568,9,0,34816.69,,,1,1.0,5.111999999999999
T259,U3944,28524.56,Withdrawal,UPI,iOS,Delhi,782,23,0,13899.74,0,0.526,5,0,31521.910000000003,4238.893021178996,-0.7071067811865481,2,0.9049121706140268,2.63
T260,U7319,4903.97,Transfer,UPI,Android,Hyderabad,195,22,0,15154.79,1,0.847,1,0,3269.785,2311.0865904266766,0.7071067811865476,2,1.4997836249172347,0.847
T261,U3124,30769.61,Transfer,Wallet,iOS,Chennai,1922,21,3,9213.83,0,0.512,7,0,28578.0,3099.4045854324995,0.7071067811865476,2,1.0766887115963328,3.584
T262,U9665,49503.19,Transfer,Card,Web,Chennai,475,2,0,5011.84,0,0.9,9,0,49503.19,,,1,1.0,8.1
T263,U8760,7047.2,Withdrawal,Wallet,Web,Delhi,1090,13,0,21381.04,0,0.034,2,0,14358.18,10339.28707023845,-0.7071067811865476,2,0.4908142954051279,0.068
T264,U9441,25940.57,Payment,NetBanking,Android,Hyderabad,1762,22,3,8397.09,0,0.359,9,0,25940.57,,,1,1.0,3.231
T265,U7291,43874.78,Payment,Card,Web,Bangalore,467,5,3,18777.18,1,0.835,5,0,43874.78,,,1,1.0,4.175
T266,U7048,37051.39,Payment,Wallet,Web,Chennai,1010,7,4,9745.43,1,0.21,1,0,23748.13333333333,14208.738553947474,0.9362728870094352,3,1.5601811510799446,0.21
T267,U7718,34865.94,Payment,Wallet,iOS,Hyderabad,1241,19,0,15236.47,0,0.399,4,0,42170.865000000005,10330.72400711828,-0.707106781186548,2,0.8267779188309274,1.596
T268,U3596,35139.08,Payment,Card,Android,Hyderabad,1747,14,2,10177.88,0,0.01,8,1,35139.08,,,1,1.0,0.08
T269,U8731,18006.58,Withdrawal,Wallet,iOS,Mumbai,83,16,3,12411.58,0,0.302,3,0,10461.65,10670.142333155638,0.7071067811865475,2,1.7211988548651502,0.906
T270,U5602,14714.91,Withdrawal,NetBanking,iOS,Delhi,1517,22,1,21988.79,0,0.319,5,0,22650.715,11222.92305934822,-0.7071067811865475,2,0.649644393124014,1.595
T271,U9776,40477.59,Withdrawal,UPI,iOS,Hyderabad,1118,8,4,26526.36,0,0.733,2,0,32401.655,11421.096805843556,0.7071067811865476,2,1.2492445216147137,1.466
T272,U1870,40515.16,Withdrawal,NetBanking,Web,Bangalore,641,15,4,15311.5,0,0.677,5,0,40515.16,,,1,1.0,3.385
T273,U3437,43360.26,Withdrawal,Wallet,Web,Chennai,1047,0,0,18346.51,0,0.445,9,0,27234.823333333334,20930.730549028467,0.7704191991241871,3,1.5920889028470535,4.005
T274,U8248,45666.37,Withdrawal,UPI,Android,Mumbai,849,15,2,25945.85,0,0.729,3,0,45666.37,,,1,1.0,2.187
T275,U1062,25591.55,Withdrawal,Card,Web,Bangalore,1674,18,3,4382.35,0,0.428,7,0,25591.55,,,1,1.0,2.996
T276,U9482,25100.74,Payment,NetBanking,Android,Chennai,921,22,1,4949.72,0,0.435,6,0,25100.74,,,1,1.0,2.61
T277,U6893,39924.84,Transfer,Card,iOS,Delhi,803,8,0,10841.18,0,0.646,2,0,33369.9125,9835.715384540754,0.6664413561928275,4,1.1964322651430386,1.292
T278,U1536,32515.7,Withdrawal,UPI,iOS,Bangalore,58,16,2,9341.14,0,0.723,7,0,32515.7,,,1,1.0,5.061
T279,U4898,35113.25,Transfer,Wallet,Web,Chennai,1459,5,0,29592.57,0,0.847,4,0,35113.25,,,1,1.0,3.388
T280,U2474,39799.84,Withdrawal,UPI,Web,Mumbai,975,13,0,16966.35,0,0.751,6,0,25834.25,19750.32678454207,0.7071067811865475,2,1.5405843018473535,4.506
T281,U5254,44505.77,Withdrawal,UPI,Android,Chennai,368,17,4,15764.81,0,0.67,7,0,44505.77,,,1,1.0,4.69
T282,U9624,16932.86,Payment,Card,Web,Hyderabad,251,20,1,17403.69,1,0.561,9,0,16932.86,,,1,1.0,5.049
T283,U3963,18810.37,Transfer,NetBanking,Web,Mumbai,1867,13,1,26267.12,0,0.308,7,0,23147.12,6133.09066662152,-0.7071067811865476,2,0.8126440783993861,2.156
T284,U7495,4744.4,Payment,UPI,Web,Bangalore,1086,22,1,7382.08,1,0.261,3,0,16082.490000000002,16034.480649406769,-0.7071067811865476,2,0.2950040696434444,0.783
T285,U6593,28935.09,Payment,Wallet,iOS,Delhi,1810,6,1,15377.92,0,0.843,9,0,28935.09,,,1,1.0,7.587
T286,U8855,1845.32,Transfer,UPI,Web,Mumbai,1102,9,3,8201.8,0,0.717,6,0,16374.586666666668,22577.177861985616,-0.6435377687806748,3,0.1126941423050678,4.302
T287,U8086,23306.62,Payment,Card,Web,Mumbai,1585,15,3,23439.23,0,0.665,4,0,27930.373333333333,15893.015738230217,-0.290929890808012,3,0.8344542953955025,2.66
T288,U2601,27155.1,Withdrawal,NetBanking,iOS,Mumbai,1729,6,1,23335.75,0,0.259,5,0,32070.93,6952.033456320534,-0.7071067811865476,2,0.8467200670513764,1.295
T289,U8290,14362.74,Withdrawal,Wallet,iOS,Chennai,1678,19,2,28727.15,1,0.97,1,0,14362.74,,,1,1.0,0.97
T290,U5456,29562.12,Withdrawal,Card,iOS,Hyderabad,65,5,3,13459.98,0,0.081,4,0,23616.1425,13429.523569907147,0.4427541654064136,4,1.2517759833131088,0.324
T291,U4415,1573.49,Withdrawal,UPI,iOS,Delhi,888,5,3,4843.67,0,0.838,3,0,19103.46,24791.121321993483,-0.7071067811865475,2,0.0823667545041579,2.514
T292,U9055,1915.54,Withdrawal,UPI,Web,Delhi,1489,6,2,26902.69,0,0.211,6,0,3195.675,1810.3842786684825,-0.7071067811865476,2,0.5994163987264036,1.266
T293,U1075,41138.9,Payment,NetBanking,Web,Hyderabad,264,21,1,26729.02,0,0.392,9,0,21549.846666666668,18458.56168581489,1.0612448394821146,3,1.9090112628798288,3.528
T294,U1739,18041.52,Payment,Card,Web,Chennai,14,16,0,7116.62,0,0.428,3,0,16403.596666666668,8675.800662038826,0.1887921815101291,3,1.0998514756621465,1.284
T295,U7896,6396.67,Withdrawal,Card,Android,Chennai,1614,7,3,8360.47,0,0.663,5,0,10490.576666666666,7356.29252668308,-0.5565176550303106,3,0.6097538965922751,3.3150000000000004
T296,U9390,26136.05,Withdrawal,NetBanking,iOS,Hyderabad,1085,1,0,9471.08,0,0.547,2,0,30312.415,5906.272024420309,-0.707106781186548,2,0.8622226239644712,1.094
T297,U4947,38511.18,Payment,Wallet,Web,Hyderabad,338,18,0,13607.33,0,0.186,9,0,38511.18,,,1,1.0,1.674
T298,U7708,10830.26,Transfer,Card,Web,Bangalore,107,20,2,24888.39,0,0.03,8,0,10830.26,,,1,1.0,0.24
T299,U3105,31163.38,Payment,NetBanking,Web,Chennai,1194,21,1,4416.66,0,0.717,4,0,31163.38,,,1,1.0,2.868
T300,U2793,4313.11,Payment,Card,iOS,Mumbai,1439,6,0,21041.69,0,0.505,8,0,4313.11,,,1,1.0,4.04
T301,U5700,2631.5,Payment,NetBanking,iOS,Delhi,990,11,1,10648.73,0,0.362,4,0,13781.545,15768.544860070317,-0.7071067811865476,2,0.1909437584828116,1.448
T302,U4599,26591.16,Payment,UPI,iOS,Chennai,1012,19,4,5950.33,0,0.285,2,0,26591.16,,,1,1.0,0.57
T303,U6839,27054.72,Payment,UPI,Web,Hyderabad,792,2,1,10219.31,0,0.823,9,0,27054.72,,,1,1.0,7.407
T304,U2332,31889.62,Transfer,Card,iOS,Mumbai,586,3,2,16044.95,0,0.796,2,1,17139.303333333333,14266.849145863756,1.0338874768955608,3,1.8606135488587536,1.592
T305,U7942,36318.26,Withdrawal,Card,Web,Bangalore,336,10,2,27650.28,0,0.826,1,0,36318.26,,,1,1.0,0.826
T306,U5148,48793.81,Withdrawal,UPI,Android,Bangalore,1952,11,4,18885.23,1,0.219,1,0,48793.81,,,1,1.0,0.219
T307,U6318,25839.2,Transfer,Wallet,iOS,Mumbai,252,18,2,18251.73,0,0.852,3,0,25839.2,,,1,1.0,2.556
T308,U6076,16181.68,Withdrawal,NetBanking,iOS,Mumbai,1537,18,1,3351.36,0,0.986,7,0,11126.785,7148.701065371946,0.7071067811865476,2,1.4542996921392837,6.902
T309,U3242,39769.55,Withdrawal,Wallet,Web,Hyderabad,376,10,1,2486.05,0,0.599,6,0,39769.55,,,1,1.0,3.594
T310,U4484,13578.07,Withdrawal,Wallet,iOS,Hyderabad,783,12,1,3970.96,0,0.047,3,0,13578.07,,,1,1.0,0.141
T311,U1115,21976.62,Transfer,Wallet,iOS,Delhi,733,23,2,2956.81,0,0.702,5,0,21976.62,,,1,1.0,3.51
T312,U6968,3968.9,Transfer,UPI,Web,Delhi,1475,0,1,17333.3,1,0.538,6,0,7471.83,4953.891114043587,-0.7071067811865474,2,0.5311817854528275,3.228
T313,U9847,1316.27,Withdrawal,Card,Web,Bangalore,1187,5,3,13633.2,0,0.712,2,0,9927.95,9997.849038875813,-0.8613532737406009,5,0.1325822551483438,1.424
T314,U7650,48134.29,Withdrawal,Wallet,Web,Mumbai,243,21,4,249.26,0,0.188,3,0,32951.49,21471.721674798227,0.7071067811865477,2,1.460762168873092,0.5640000000000001
T315,U3066,41807.21,Withdrawal,UPI,Android,Bangalore,661,15,3,10596.89,0,0.606,4,0,41807.21,,,1,1.0,2.424
T316,U6962,34813.91,Payment,NetBanking,Web,Hyderabad,342,1,1,3908.19,1,0.539,8,0,34813.91,,,1,1.0,4.312
T317,U4681,20477.2,Payment,Card,iOS,Chennai,504,13,2,29644.77,0,0.602,1,0,20477.2,,,1,1.0,0.602
T318,U8014,8706.05,Payment,NetBanking,Android,Hyderabad,1148,23,4,13858.71,0,0.728,9,0,8706.05,,,1,1.0,6.552
T319,U5063,7864.03,Transfer,Wallet,Web,Chennai,378,22,3,12841.19,1,0.544,1,0,7864.03,,,1,1.0,0.544
T320,U7426,12549.63,Withdrawal,Card,Android,Mumbai,1366,17,1,19360.81,0,0.322,3,0,12549.63,,,1,1.0,0.966
T321,U3963,27483.87,Transfer,Wallet,Android,Mumbai,1163,16,2,10777.1,0,0.309,3,0,23147.12,6133.09066662152,0.7071067811865476,2,1.1873559216006138,0.927
T322,U6034,35744.07,Transfer,Card,iOS,Mumbai,1961,19,1,21493.89,0,0.695,9,0,35190.630000000005,782.6823539597664,0.7071067811865406,2,1.0157269136699172,6.255
T323,U9239,33026.86,Transfer,Wallet,Android,Delhi,1211,17,3,27153.33,0,0.664,3,0,27123.04,8349.262313809526,0.7071067811865475,2,1.2176680785044744,1.992
T324,U6130,14032.7,Withdrawal,NetBanking,Web,Delhi,104,18,3,15017.03,0,0.422,3,0,25079.965000000004,15623.191990129611,-0.7071067811865477,2,0.5595183246866572,1.266
T325,U4038,47745.52,Payment,NetBanking,Android,Chennai,1350,14,4,11549.4,0,0.354,2,0,27594.23,22178.827169990294,0.9085823089539324,3,1.7302718720544112,0.708
T326,U5192,36907.95,Withdrawal,Wallet,Android,Bangalore,916,1,2,15704.72,0,0.62,4,0,33733.205,4489.767436076173,0.7071067811865462,2,1.0941133521110726,2.48
T327,U3207,27739.98,Withdrawal,Card,iOS,Bangalore,1134,3,0,18146.23,0,0.312,8,0,27739.98,,,1,1.0,2.496
T328,U7857,30605.45,Transfer,NetBanking,iOS,Chennai,1229,0,1,25446.31,0,0.963,6,0,28494.52,15924.133269510568,0.132561688870171,4,1.0740819638302384,5.778
T329,U8267,21009.02,Transfer,Card,Web,Delhi,811,7,2,11894.94,0,0.596,1,0,19930.025,6664.1354492662185,0.1619107246865467,4,1.0541391694190048,0.596
T330,U1086,12424.16,Transfer,Card,iOS,Hyderabad,217,19,0,1637.8,0,0.592,5,0,14204.8,10078.70064582236,-0.1766735676129124,3,0.8746451903581887,2.96
T331,U7303,17830.84,Payment,NetBanking,Web,Chennai,616,13,2,18958.94,0,0.136,8,0,9188.265,12222.446778826652,0.7071067811865476,2,1.940610115184967,1.088
T332,U7931,37904.41,Payment,UPI,Web,Bangalore,482,10,1,29607.66,0,0.61,1,0,44352.92333333334,5852.938752330606,-1.1017565032208094,3,0.8546090573360928,0.61
T333,U8988,768.95,Payment,UPI,iOS,Chennai,1648,23,1,25641.68,0,0.295,6,0,18628.945,25257.847152915667,-0.7071067811865475,2,0.0412771630384866,1.77
T334,U6950,5847.83,Withdrawal,Card,Android,Chennai,1041,23,4,22771.85,0,0.452,7,0,23413.385,24841.44611161053,-0.7071067811865475,2,0.2497643975871066,3.164
T335,U4172,2347.83,Transfer,NetBanking,iOS,Mumbai,145,13,3,5377.41,0,0.538,5,0,2347.83,,,1,1.0,2.6900000000000004
T336,U3356,2084.4,Withdrawal,UPI,Android,Delhi,619,15,3,22483.71,1,0.478,4,0,22749.055,29224.23536276099,-0.7071067811865476,2,0.0916257840160833,1.912
T337,U1489,42780.26,Payment,Wallet,Android,Mumbai,920,9,3,2536.15,0,0.809,7,0,22055.54,29309.18010038493,0.7071067811865476,2,1.9396605115993533,5.663
T338,U7732,35197.71,Transfer,Card,Web,Delhi,270,6,4,14868.15,1,0.099,9,0,35197.71,,,1,1.0,0.891
T339,U9539,23734.98,Payment,UPI,Web,Chennai,1180,15,3,11189.9,0,0.167,4,0,17766.100000000002,9255.5532947739,0.6448971563234683,3,1.3359701904188312,0.668
T340,U5372,4936.82,Transfer,NetBanking,iOS,Delhi,467,3,2,27168.06,0,0.157,3,0,6774.903333333333,7115.174666572377,-0.258332847676781,3,0.7286923159051224,0.471
T341,U1767,24606.21,Transfer,NetBanking,Android,Bangalore,1938,11,3,4879.09,0,0.817,4,1,24606.21,,,1,1.0,3.268
T342,U3835,23699.91,Withdrawal,Card,iOS,Mumbai,1730,11,3,23687.66,0,0.118,5,1,23699.91,,,1,1.0,0.59
T343,U4586,8701.43,Withdrawal,NetBanking,Web,Chennai,1471,1,1,1550.51,0,0.971,9,0,18310.3,15767.887078118614,-0.6093949019545176,3,0.4752205043063194,8.738999999999999
T344,U4259,21720.89,Payment,Wallet,Android,Bangalore,1446,5,4,21082.47,0,0.969,1,0,27010.74333333333,7175.814801472604,-0.7371780738053275,3,0.8041574321723591,0.969
T345,U2597,19955.31,Withdrawal,Wallet,iOS,Delhi,1533,19,4,8883.97,0,0.992,9,0,19955.31,,,1,1.0,8.928
T346,U9093,30811.71,Withdrawal,UPI,iOS,Delhi,241,14,3,29279.81,0,0.98,9,0,30811.71,,,1,1.0,8.82
T347,U7947,31772.93,Withdrawal,NetBanking,Web,Bangalore,110,14,0,20185.13,0,0.149,8,0,31772.93,,,1,1.0,1.192
T348,U3681,2312.94,Transfer,Wallet,Web,Delhi,156,21,1,9336.27,0,0.657,8,0,24869.09,31899.213244921888,-0.7071067811865476,2,0.0930046093363287,5.256
T349,U5836,18761.9,Withdrawal,Card,Web,Mumbai,726,15,3,7142.08,0,0.4,8,1,11882.925,9728.339740225463,0.7071067811865475,2,1.5788957685081746,3.2
T350,U8508,31311.7,Payment,NetBanking,Web,Hyderabad,516,23,0,19215.33,0,0.732,4,0,16301.606666666668,15212.33530853936,0.9867053959103504,3,1.920773862371848,2.928
T351,U4018,25181.66,Transfer,UPI,iOS,Delhi,567,2,2,8254.64,0,0.406,7,0,25181.66,,,1,1.0,2.842
T352,U6920,42831.67,Transfer,Card,Web,Chennai,113,0,1,5685.48,0,0.383,2,0,24037.22,26579.366087343013,0.7071067811865475,2,1.7818895030290522,0.766
T353,U4190,32951.75,Withdrawal,Card,Web,Delhi,345,20,4,19465.32,0,0.904,3,0,25493.370000000003,10547.742149332244,0.7071067811865472,2,1.2925615562006905,2.712
T354,U6860,8188.57,Transfer,Card,iOS,Chennai,455,11,0,21756.18,0,0.495,8,0,12383.88,5933.064300359469,-0.7071067811865476,2,0.661228144975565,3.96
T355,U1692,3574.91,Payment,Wallet,iOS,Delhi,743,14,3,7217.05,0,0.74,4,0,3574.91,,,1,1.0,2.96
T356,U3132,32138.84,Payment,Card,Android,Delhi,453,18,0,16122.59,0,0.65,6,0,32138.84,,,1,1.0,3.9
T357,U4138,1374.24,Transfer,Wallet,iOS,Chennai,127,5,4,19942.52,1,0.658,8,0,1374.24,,,1,1.0,5.264
T358,U4275,29309.49,Withdrawal,Card,Android,Mumbai,1550,18,2,28263.31,0,0.349,8,0,20532.015,12413.22418839078,0.7071067811865478,2,1.4275018793820289,2.792
T359,U5622,47014.5,Withdrawal,Wallet,Web,Hyderabad,938,16,0,24122.66,0,0.252,5,0,47014.5,,,1,1.0,1.26
T360,U4950,28794.94,Transfer,NetBanking,Android,Hyderabad,732,8,3,12682.36,0,0.885,7,1,32113.835,4693.626321092258,-0.7071067811865469,2,0.8966521749893777,6.195
T361,U2994,19439.09,Payment,Wallet,Android,Mumbai,576,20,0,25347.78,0,0.025,1,0,31001.685,16351.978665227334,-0.7071067811865475,2,0.6270333370589374,0.025
T362,U1587,32182.25,Transfer,Wallet,Web,Delhi,1564,12,2,13306.65,0,0.173,5,0,14966.2425,13502.179337485672,1.2750539797826377,4,2.1503226344221003,0.865
T363,U6415,22939.73,Withdrawal,NetBanking,Web,Hyderabad,1946,14,0,3990.79,0,0.133,3,0,35999.99,18469.99682011884,-0.7071067811865475,2,0.6372148992263609,0.399
T364,U5633,27303.56,Withdrawal,Card,Web,Mumbai,97,15,2,10298.9,0,0.949,4,0,27303.56,,,1,1.0,3.796
T365,U5406,47076.17,Transfer,NetBanking,Android,Mumbai,1792,12,2,24161.25,0,0.005,1,0,47076.17,,,1,1.0,0.005
T366,U2835,19335.83,Payment,Card,iOS,Hyderabad,1662,1,1,28678.56,0,0.008,1,0,28898.375,13523.480829803026,-0.7071067811865476,2,0.6690974838550611,0.008
T367,U6618,48061.47,Transfer,Wallet,iOS,Chennai,485,1,1,29509.15,1,0.227,3,0,45749.600000000006,3269.477908443489,0.7071067811865458,2,1.0505331194152516,0.681
T368,U7399,45272.26,Payment,Card,iOS,Bangalore,1715,10,3,19208.94,1,0.279,4,0,27196.94,25562.36268823365,0.7071067811865475,2,1.6646085919960112,1.116
T369,U1154,9829.77,Payment,Wallet,Web,Chennai,1518,15,3,14402.42,0,0.56,3,0,18965.71,12920.170253026856,-0.7071067811865474,2,0.5182916959080361,1.6800000000000002
T370,U8287,3514.6,Transfer,Card,Web,Delhi,1695,16,3,4945.51,0,0.961,2,1,12962.945,13361.977640980022,-0.7071067811865475,2,0.2711266614183736,1.922
T371,U6505,5083.86,Transfer,Wallet,iOS,Chennai,304,2,2,3165.48,0,0.465,7,0,5083.86,,,1,1.0,3.2550000000000003
T372,U8105,960.18,Payment,Wallet,Web,Bangalore,729,22,2,15603.22,0,0.289,9,0,21479.15,29018.20565992667,-0.7071067811865475,2,0.0447028862873996,2.601
T373,U4498,4767.43,Payment,UPI,Android,Bangalore,1414,0,1,21860.59,0,0.817,3,0,32970.35666666667,24440.350670512755,-1.1539493457715997,3,0.144597465177558,2.451
T374,U5453,34166.19,Payment,Card,Android,Mumbai,1004,17,2,9785.27,0,0.386,9,0,28579.756666666668,6044.78962089942,0.924173326730619,3,1.1954681909468088,3.474
T375,U1446,3605.87,Payment,Card,Web,Delhi,1316,13,1,20272.83,0,0.142,8,0,21305.325,25030.80930761229,-0.7071067811865476,2,0.1692473595216219,1.136
T376,U5209,15982.83,Withdrawal,UPI,iOS,Mumbai,853,21,0,17167.23,0,0.795,5,0,15982.83,,,1,1.0,3.975
T377,U7353,42251.52,Transfer,Wallet,iOS,Chennai,695,8,3,28228.39,0,0.002,6,0,42251.52,,,1,1.0,0.012
T378,U1466,1212.43,Payment,Wallet,Android,Chennai,648,8,3,6365.75,0,0.205,1,0,1212.43,,,1,1.0,0.205
T379,U4984,40732.7,Transfer,UPI,Web,Hyderabad,1189,11,4,17772.65,0,0.635,6,1,42122.07,1964.865897154311,-0.7071067811865475,2,0.9670156286241391,3.81
T380,U2096,14128.65,Payment,UPI,iOS,Mumbai,1213,23,1,12472.53,0,0.102,9,0,14128.65,,,1,1.0,0.918
T381,U6980,5952.33,Transfer,NetBanking,iOS,Mumbai,970,2,4,7921.11,0,0.256,7,0,5952.33,,,1,1.0,1.792
T382,U5379,34852.02,Transfer,Wallet,Web,Mumbai,944,1,3,10783.04,0,0.393,9,0,40543.94,8049.590459942668,-0.7071067811865481,2,0.8596110787456768,3.537
T383,U6878,31465.7,Payment,NetBanking,Web,Mumbai,899,0,4,8906.6,0,0.396,5,0,35377.76666666666,12587.51646129741,-0.3107893982657355,3,0.889420191400814,1.98
T384,U4334,43879.73,Payment,Card,iOS,Bangalore,923,8,0,15876.69,0,0.973,5,0,42984.21000000001,1266.4565293763574,0.7071067811865431,2,1.020833696838909,4.865
T385,U3821,36766.8,Transfer,NetBanking,Web,Hyderabad,1120,12,4,16785.82,0,0.676,5,1,36766.8,,,1,1.0,3.3800000000000003
T386,U2195,40183.87,Transfer,UPI,Web,Delhi,415,20,0,25979.65,0,0.037,6,0,30571.65,13593.731888513912,0.7071067811865476,2,1.314416133901834,0.2219999999999999
T387,U4715,14137.63,Transfer,UPI,Web,Delhi,1869,15,3,23461.04,0,0.221,4,0,28822.69,20767.811016262644,-0.7071067811865475,2,0.4905034887444579,0.884
T388,U6071,8913.11,Withdrawal,UPI,iOS,Delhi,1529,18,2,9145.21,0,0.616,9,0,8913.11,,,1,1.0,5.544
T389,U2776,37543.21,Payment,UPI,Android,Bangalore,1300,9,1,27946.63,0,0.713,7,0,37543.21,,,1,1.0,4.991
T390,U4547,40351.4,Withdrawal,NetBanking,Web,Hyderabad,1627,4,4,26063.75,0,0.381,3,0,40351.4,,,1,1.0,1.143
T391,U2373,49525.73,Withdrawal,NetBanking,iOS,Hyderabad,1097,13,0,18813.3,0,0.857,7,0,32402.82,24215.45154929389,0.7071067811865476,2,1.5284388827885969,5.999
T392,U5788,20660.25,Payment,NetBanking,Android,Bangalore,128,14,3,656.99,0,0.943,3,0,20660.25,,,1,1.0,2.829
T393,U3370,18632.3,Payment,UPI,iOS,Mumbai,350,2,3,6353.18,0,0.614,3,0,20555.895,2720.3741375130758,-0.7071067811865476,2,0.906421248016688,1.842
T394,U6248,38831.83,Withdrawal,UPI,iOS,Chennai,322,8,2,23700.65,0,0.562,4,0,21222.88666666667,16712.67130930999,1.0536282924157112,3,1.8297148078819312,2.248
T395,U3513,17073.14,Payment,Wallet,iOS,Mumbai,172,0,3,13667.45,0,0.751,2,0,25428.3925,19669.361100332968,-0.4247851497249986,4,0.6714203424380837,1.502
T396,U6335,46541.33,Transfer,Wallet,Android,Delhi,1538,0,3,3865.92,0,0.782,8,0,46541.33,,,1,1.0,6.256
T397,U2505,42927.72,Transfer,UPI,iOS,Mumbai,302,18,2,12306.96,0,0.215,1,0,26449.685,23303.460578258542,0.7071067811865475,2,1.6229955101544686,0.215
T398,U8888,21478.25,Withdrawal,Wallet,Android,Bangalore,699,5,3,6435.9,0,0.484,1,0,16069.995,7648.427569772102,0.7071067811865477,2,1.3365436641392858,0.484
T399,U3797,37556.01,Withdrawal,Card,Web,Delhi,1410,10,0,26787.77,0,0.447,1,0,39818.16,3199.1632101222917,-0.7071067811865492,2,0.9431879825687576,0.447
T400,U6641,37739.42,Payment,Card,Android,Chennai,1575,17,4,26688.83,0,0.941,4,1,22875.595,21020.62290374027,0.7071067811865474,2,1.6497677983895065,3.764
T401,U2912,5201.04,Payment,UPI,iOS,Delhi,1434,13,4,11673.16,0,0.112,1,0,2675.275,3571.9711183672803,0.7071067811865476,2,1.944114156488585,0.112
T402,U3030,45132.52,Withdrawal,NetBanking,Android,Mumbai,682,15,0,4208.07,0,0.943,3,0,46819.92999999999,2386.3581072839866,-0.7071067811865452,2,0.96395957875204,2.829
T403,U2631,25287.36,Withdrawal,Card,iOS,Hyderabad,1433,0,4,10829.05,0,0.573,7,0,29429.9925,10165.093428645485,-0.4075351130886764,4,0.8592377317119602,4.010999999999999
T404,U9534,41331.55,Transfer,Card,Web,Hyderabad,408,23,3,3949.32,0,0.288,3,0,38781.135,3606.831482679778,0.7071067811865476,2,1.0657643207193397,0.8639999999999999
T405,U4732,16036.48,Transfer,NetBanking,Android,Hyderabad,918,9,4,9190.98,1,0.869,2,0,16036.48,,,1,1.0,1.738
T406,U7389,44781.39,Payment,Wallet,Web,Delhi,496,9,4,23158.33,0,0.05,6,0,30426.015,20301.56601795167,0.7071067811865475,2,1.471812526221393,0.3
T407,U9418,19490.62,Transfer,NetBanking,Android,Hyderabad,1548,12,3,8829.2,0,0.319,8,1,19490.62,,,1,1.0,2.552
T408,U2132,591.34,Payment,Wallet,iOS,Bangalore,1057,0,4,16371.64,0,0.753,4,0,591.34,,,1,1.0,3.012
T409,U1043,45273.83,Payment,Wallet,Android,Chennai,1952,2,3,3654.31,0,0.828,4,0,45273.83,,,1,1.0,3.312
T410,U9670,4609.77,Payment,NetBanking,Web,Hyderabad,1092,13,2,10494.0,0,0.167,2,1,4609.77,,,1,1.0,0.334
T411,U3415,15999.72,Transfer,Wallet,Android,Bangalore,758,20,2,1285.17,1,0.942,5,0,15999.72,,,1,1.0,4.71
T412,U4575,47505.6,Withdrawal,Card,Web,Bangalore,249,15,4,16490.23,0,0.054,8,0,47505.6,,,1,1.0,0.432
T413,U8835,47532.83,Withdrawal,UPI,Web,Delhi,320,22,2,10493.93,0,0.434,1,0,35904.740000000005,16444.602582494965,0.7071067811865472,2,1.323859468137076,0.434
T414,U3389,28693.22,Transfer,Wallet,iOS,Delhi,330,19,4,26172.92,1,0.097,2,0,23555.13,7266.356562693576,0.7071067811865476,2,1.2181304030162432,0.194
T415,U5844,31610.27,Withdrawal,Card,Android,Chennai,681,5,2,11837.32,0,0.098,1,0,17244.533333333333,13717.19346171196,1.0472795843234952,3,1.8330603321632364,0.098
T416,U4351,22449.85,Payment,NetBanking,Web,Chennai,1514,0,4,16777.48,0,0.914,4,1,16016.51,6767.809454993541,0.9505793629064484,3,1.401669277514265,3.656
T417,U2105,14695.88,Withdrawal,Wallet,iOS,Mumbai,581,19,1,29301.66,0,0.904,7,0,31745.315,24111.542207798528,-0.7071067811865475,2,0.4629306718172429,6.328
T418,U6590,16466.79,Transfer,Card,iOS,Chennai,1785,23,0,19316.91,0,0.615,3,0,22222.02333333333,18349.02047018405,-0.3136534368515861,3,0.7410121820590294,1.845
T419,U2012,33642.3,Withdrawal,Wallet,iOS,Delhi,423,4,2,15064.11,0,0.966,8,0,26720.1,15498.296312614497,0.4466426412537893,3,1.259063401708826,7.728
T420,U4422,37631.11,Payment,NetBanking,Web,Bangalore,1355,7,3,3033.93,0,0.491,6,0,30148.89333333333,20318.94649696271,0.3682384156966561,3,1.2481754996424417,2.946
T421,U9305,39589.37,Payment,UPI,Android,Mumbai,411,11,0,24646.83,0,0.783,2,0,39589.37,,,1,1.0,1.566
T422,U4607,39491.43,Transfer,Wallet,Web,Chennai,68,0,4,19307.26,0,0.097,9,0,33787.64666666667,17021.932981663198,0.3350843490852483,3,1.1688126843992488,0.873
T423,U6835,4605.74,Transfer,UPI,iOS,Bangalore,62,12,0,3344.88,0,0.396,9,0,4605.74,,,1,1.0,3.564
T424,U8852,24746.29,Transfer,Wallet,Web,Delhi,1097,8,3,7445.51,0,0.515,7,0,20085.93,6590.744317541078,0.7071067811865476,2,1.2320211212525385,3.605
T425,U2276,2925.06,Payment,Wallet,Web,Hyderabad,642,19,3,16175.66,0,0.778,8,0,9496.08,9292.825602624856,-0.7071067811865476,2,0.3080281547754442,6.224
T426,U5733,27498.97,Withdrawal,NetBanking,iOS,Mumbai,1152,23,4,1447.37,0,0.334,1,1,38357.925,15356.881434199127,-0.7071067811865479,2,0.7169045249449755,0.334
T427,U5623,22104.45,Withdrawal,Wallet,Android,Bangalore,295,7,2,21577.47,0,0.98,6,0,28082.02333333333,18680.2338890238,-0.319994565852072,3,0.7871387947235996,5.88
T428,U4587,44390.82,Transfer,Card,iOS,Delhi,27,12,2,6911.04,0,0.735,9,0,44390.82,,,1,1.0,6.615
T429,U1553,17578.2,Withdrawal,Card,iOS,Delhi,1038,1,1,14742.35,0,0.533,6,1,27665.915,14266.183366354504,-0.7071067811865477,2,0.6353738887725203,3.1980000000000004
T430,U6457,5897.5,Withdrawal,UPI,Web,Mumbai,1870,14,3,7325.14,1,0.331,3,0,5897.5,,,1,1.0,0.993
T431,U4350,7192.43,Transfer,UPI,iOS,Mumbai,1425,13,1,14726.69,0,0.642,2,0,21232.065,19855.042227767983,-0.7071067811865475,2,0.3387532018199831,1.284
T432,U3282,38087.46,Transfer,Card,Web,Chennai,1938,18,3,5771.4,0,0.673,8,0,25135.83333333333,14185.31929754961,0.9130303234629304,3,1.5152654576799391,5.384
T433,U4296,30929.99,Payment,UPI,iOS,Chennai,169,8,1,17858.23,0,0.679,4,0,28075.070000000003,9413.500773617645,0.3032793079489854,3,1.1016887936521618,2.716
T434,U1390,5101.08,Payment,UPI,iOS,Mumbai,1921,18,2,27321.16,1,0.586,1,0,17360.942499999997,13839.176572812836,-0.8858809218522862,4,0.2938250616289986,0.586
T435,U1218,4251.13,Payment,Card,Android,Mumbai,151,13,3,24239.34,0,0.4,8,0,7775.3,3155.461356267891,-1.116847776633271,3,0.5467480354455777,3.2
T436,U1924,35063.41,Payment,Card,iOS,Bangalore,406,7,2,7321.47,0,0.817,1,0,29821.17,21073.19886616173,0.2487633715836907,3,1.175789212831019,0.817
T437,U5431,3684.51,Withdrawal,Card,Android,Chennai,1051,4,0,14993.47,0,0.258,2,0,3684.51,,,1,1.0,0.516
T438,U1724,41101.91,Withdrawal,NetBanking,iOS,Delhi,589,6,2,12750.94,0,0.625,1,0,22179.575,26760.222788767103,0.7071067811865476,2,1.853142361835157,0.625
T439,U2091,35326.8,Payment,NetBanking,iOS,Chennai,1147,3,3,28967.71,0,0.472,8,0,23635.57,16533.8960268232,0.7071067811865477,2,1.4946455702147232,3.776
T440,U9400,4113.37,Payment,Card,iOS,Chennai,543,7,0,23984.75,0,0.893,3,0,17352.99,18723.65016466608,-0.7071067811865477,2,0.2370409940880505,2.6790000000000003
T441,U9211,4287.64,Transfer,Wallet,Android,Mumbai,1565,3,1,3312.12,0,0.591,9,0,4287.64,,,1,1.0,5.319
T442,U8574,49332.65,Withdrawal,Card,Web,Mumbai,920,20,4,5139.72,0,0.856,7,0,49332.65,,,1,1.0,5.992
T443,U9203,18744.83,Withdrawal,NetBanking,Android,Chennai,1808,0,3,21090.65,0,0.953,6,0,18744.83,,,1,1.0,5.718
T444,U1662,18563.58,Payment,UPI,iOS,Hyderabad,470,7,4,4879.76,0,0.127,6,1,28847.196666666667,11322.299347413198,-0.9082622134536796,3,0.643514176247513,0.762
T445,U4501,40649.34,Withdrawal,Wallet,Web,Hyderabad,1643,6,4,28519.01,0,0.555,1,0,15164.846666666665,22154.43493201605,1.1503111413825728,3,2.6804979234870823,0.555
T446,U4524,47365.07,Transfer,Wallet,iOS,Chennai,1650,10,0,29789.11,0,0.884,8,0,47365.07,,,1,1.0,7.072
T447,U4243,49300.75,Transfer,UPI,Android,Hyderabad,295,20,1,23373.29,0,0.872,3,0,31896.78,16451.481204459982,1.057896841245018,3,1.545634073408037,2.616
T448,U2456,37681.24,Withdrawal,Wallet,Android,Chennai,1038,15,2,901.33,1,0.196,3,0,25328.96,17468.761902229933,0.7071067811865475,2,1.4876741879650803,0.5880000000000001
T449,U3177,18844.17,Payment,UPI,Web,Mumbai,138,21,0,14533.53,0,0.481,3,0,16405.27666666667,2724.611502771236,0.8951343451544199,3,1.1486651754120571,1.443
T450,U9808,4220.86,Withdrawal,NetBanking,Android,Mumbai,965,16,1,12241.78,0,0.223,9,0,14137.415,14024.126573018728,-0.7071067811865476,2,0.2985595315692437,2.007
T451,U8497,38868.49,Transfer,Wallet,iOS,Mumbai,680,23,2,24006.12,0,0.897,5,0,26637.125,17297.762269335588,0.7071067811865476,2,1.459184878247934,4.485
T452,U6669,27942.29,Payment,Wallet,Web,Delhi,1796,4,2,8681.55,0,0.003,2,0,27942.29,,,1,1.0,0.006
T453,U5044,21239.89,Withdrawal,UPI,iOS,Mumbai,508,6,1,11645.17,0,0.218,4,0,21239.89,,,1,1.0,0.872
T454,U9609,45322.4,Payment,UPI,Web,Mumbai,285,9,2,2895.69,0,0.409,7,0,27025.895,25875.165515027147,0.7071067811865475,2,1.6769990411048368,2.863
T455,U9865,5604.31,Payment,NetBanking,Web,Chennai,1116,12,3,10344.82,0,0.221,1,0,10317.635,6665.648138872168,-0.7071067811865476,2,0.5431777728132465,0.221
T456,U9057,24656.62,Transfer,UPI,iOS,Hyderabad,1865,19,3,29218.23,0,0.974,2,0,32864.215,15779.40491681166,-0.5201460412018123,4,0.7502573848181069,1.948
T457,U1893,617.11,Payment,UPI,Android,Hyderabad,1151,14,0,28270.28,0,0.244,8,0,617.11,,,1,1.0,1.952
T458,U3656,23459.6,Withdrawal,NetBanking,iOS,Mumbai,1993,5,2,22532.75,0,0.362,8,0,17718.735,8118.809142753017,0.7071067811865474,2,1.3239997099115708,2.896
T459,U3809,2862.35,Payment,Card,Android,Mumbai,38,1,2,27227.18,0,0.174,3,0,13384.55,14413.355507586242,-0.7300312543086726,4,0.2138547803250763,0.522
T460,U7611,5984.95,Payment,Card,Android,Mumbai,1014,3,1,6414.0,0,0.927,5,0,5984.95,,,1,1.0,4.635
T461,U1269,5920.44,Withdrawal,UPI,iOS,Chennai,1391,20,3,18692.77,0,0.411,8,0,26422.95,28994.92770469001,-0.7071067811865476,2,0.2240643077324825,3.288
T462,U8229,32478.05,Transfer,NetBanking,Web,Chennai,659,13,4,15049.17,0,0.262,9,0,28165.346666666668,13418.769557460677,0.3213933524132635,3,1.153120903654183,2.358
T463,U7692,37314.94,Transfer,Card,iOS,Chennai,1190,23,0,12738.43,0,0.246,2,0,37314.94,,,1,1.0,0.492
T464,U4315,29189.27,Withdrawal,NetBanking,Web,Hyderabad,40,14,3,9812.57,0,0.586,8,0,29189.27,,,1,1.0,4.688
T465,U7117,48110.52,Withdrawal,UPI,Android,Delhi,852,13,1,26002.96,1,0.978,3,0,21417.63,23184.24366931343,1.151337536851832,3,2.246304563109924,2.934
T466,U4971,18774.79,Transfer,UPI,Web,Hyderabad,1319,3,0,14586.71,0,0.974,9,0,10074.986,6066.160396567173,1.4341533080666975,5,1.8635053190148356,8.766
T467,U7669,14321.32,Payment,NetBanking,iOS,Chennai,1698,5,4,21748.6,1,0.982,5,1,28966.955,20712.05564656608,-0.7071067811865476,2,0.4944019832253684,4.91
T468,U7432,43436.53,Withdrawal,Wallet,Web,Bangalore,345,6,0,21207.91,0,0.387,5,0,28588.205,20998.702593523485,0.7071067811865476,2,1.5193864042880625,1.935
T469,U7626,11218.61,Payment,UPI,Android,Delhi,579,12,3,4168.53,0,0.914,4,1,23600.16,17510.155933200593,-0.7071067811865476,2,0.4753616077179138,3.656
T470,U1368,48162.97,Withdrawal,UPI,Android,Mumbai,322,16,4,1563.18,0,0.444,8,0,36730.76666666667,10393.731840471606,1.0999132466375623,3,1.3112432538389704,3.552
T471,U7366,657.12,Transfer,UPI,Web,Hyderabad,608,16,1,25214.9,0,0.511,1,0,14013.11,18888.222196919432,-0.7071067811865475,2,0.0468932306961124,0.511
T472,U5220,48495.45,Payment,UPI,Android,Delhi,1156,3,0,14760.57,0,0.52,6,0,48495.45,,,1,1.0,3.12
T473,U9577,2205.84,Payment,NetBanking,Android,Bangalore,1736,18,3,24321.56,0,0.064,7,0,2205.84,,,1,1.0,0.448
T474,U2889,44562.6,Withdrawal,NetBanking,Web,Delhi,874,19,1,8982.25,0,0.177,8,0,44562.6,,,1,1.0,1.416
T475,U6117,26408.67,Payment,NetBanking,Android,Hyderabad,380,12,4,25868.78,0,0.886,4,0,26408.67,,,1,1.0,3.544
T476,U9760,49648.59,Withdrawal,NetBanking,Web,Chennai,814,8,0,24941.53,0,0.896,9,0,49648.59,,,1,1.0,8.064
T477,U5681,3736.14,Transfer,Wallet,Web,Mumbai,323,1,2,11511.98,0,0.202,3,0,3736.14,,,1,1.0,0.6060000000000001
T478,U5591,27715.02,Payment,NetBanking,Android,Chennai,37,19,3,12409.77,0,0.303,8,0,27715.02,,,1,1.0,2.424
T479,U6363,48466.66,Withdrawal,NetBanking,Web,Chennai,1188,22,3,10591.68,0,0.83,5,0,48466.66,,,1,1.0,4.15
T480,U4629,26178.74,Payment,UPI,Android,Hyderabad,975,17,2,1141.19,1,0.204,5,0,32804.325000000004,10640.339460075196,-0.6226854908962819,4,0.798027089415801,1.02
T481,U3447,31488.46,Withdrawal,Wallet,Android,Chennai,1263,23,1,20661.05,0,0.881,7,0,20263.353333333333,16012.66669024661,0.7010141960616674,3,1.5539609600648527,6.167
T482,U2016,34802.65,Withdrawal,UPI,Android,Chennai,1582,19,3,8254.7,1,0.823,5,0,34802.65,,,1,1.0,4.115
T483,U4511,22754.33,Withdrawal,Wallet,iOS,Hyderabad,1039,16,1,26532.01,0,0.808,7,0,22754.33,,,1,1.0,5.656000000000001
T484,U2010,31396.53,Transfer,Card,Android,Hyderabad,482,6,4,26931.58,0,0.892,9,0,21174.155,14456.621364663666,0.7071067811865476,2,1.482776054109361,8.028
T485,U5093,29236.5,Payment,Wallet,Web,Bangalore,1351,16,2,21705.12,0,0.887,5,0,32302.735,4336.311122423068,-0.7071067811865476,2,0.9050781613383512,4.4350000000000005
T486,U7483,45062.84,Transfer,Wallet,Web,Chennai,1258,9,1,5528.76,0,0.917,2,0,38779.08,8886.57861469756,0.7071067811865469,2,1.16203994524883,1.834
T487,U9060,2320.05,Withdrawal,UPI,Web,Delhi,1066,13,4,2769.85,1,0.88,6,0,2320.05,,,1,1.0,5.28
T488,U4406,14084.11,Withdrawal,Wallet,iOS,Mumbai,98,11,0,24511.75,0,0.607,9,0,20198.46,11702.451372713896,-0.5224845466358071,4,0.6972863277695429,5.463
T489,U8244,47523.05,Transfer,Wallet,iOS,Mumbai,1367,11,3,26802.68,0,0.158,9,0,47523.05,,,1,1.0,1.422
T490,U8966,44518.68,Transfer,UPI,Web,Hyderabad,49,16,2,10625.97,1,0.609,5,0,24829.1,27845.271073430045,0.7071067811865476,2,1.7930041765509022,3.045
T491,U6497,22810.05,Payment,Card,Web,Hyderabad,690,18,0,10653.38,0,0.942,2,0,22810.05,,,1,1.0,1.884
T492,U7340,31025.62,Withdrawal,Card,iOS,Bangalore,384,22,0,11769.25,1,0.968,6,0,31025.62,,,1,1.0,5.808
T493,U5736,13905.19,Transfer,Card,Web,Chennai,1331,13,0,24845.91,0,0.728,4,0,7279.87,9369.617399061715,0.7071067811865475,2,1.9100876801371451,2.912
T494,U8883,9446.65,Withdrawal,Wallet,Android,Hyderabad,1007,16,1,21241.45,0,0.694,4,0,28130.225,26422.565158614903,-0.7071067811865476,2,0.3358185012739855,2.776
T495,U1343,23211.74,Withdrawal,UPI,Android,Hyderabad,402,14,3,3747.09,0,0.938,3,1,24151.2475,12200.938949117464,-0.0770028850990978,4,0.961099007411522,2.814
T496,U5782,17699.94,Payment,Card,Web,Mumbai,1051,20,2,19077.25,0,0.291,1,0,17699.94,,,1,1.0,0.291
T497,U9357,29203.62,Payment,Card,Android,Chennai,1560,5,3,392.35,0,0.151,9,1,37230.84,8954.37339551462,-0.8964580373676345,3,0.7843932610706609,1.359
T498,U7525,3932.85,Payment,Card,Web,Bangalore,141,18,3,21340.55,0,0.29,6,0,12564.79,12207.406617590814,-0.7071067811865475,2,0.3130056292226134,1.7399999999999998
T499,U7816,48721.02,Transfer,Card,iOS,Hyderabad,299,21,3,22962.51,0,0.949,3,0,47237.675,2097.766616678318,0.7071067811865449,2,1.0314017360083871,2.847
T500,U1226,49311.23,Withdrawal,UPI,Web,Hyderabad,1863,19,4,24466.96,0,0.212,1,0,28707.055,29138.703726508666,0.7071067811865476,2,1.7177390714582184,0.212
T501,U6928,34923.18,Transfer,Card,iOS,Hyderabad,815,5,4,18806.71,0,0.225,6,0,38348.27,4843.808730348467,-0.7071067811865479,2,0.910684628015814,1.35
T502,U5900,26828.01,Transfer,Wallet,Android,Mumbai,218,5,4,5499.58,0,0.193,4,0,26828.01,,,1,1.0,0.772
T503,U6963,15510.9,Payment,Wallet,Android,Hyderabad,336,3,4,23833.03,0,0.485,1,0,11638.08,5476.99456862977,0.7071067811865475,2,1.3327713849707168,0.485
T504,U7095,40699.06,Withdrawal,UPI,Android,Hyderabad,1001,0,3,27003.74,0,0.796,4,0,26210.95,20489.28165515326,0.7071067811865477,2,1.5527502818478538,3.184
T505,U3789,34252.32,Withdrawal,NetBanking,Web,Mumbai,512,18,3,19050.5,0,0.382,2,1,34252.32,,,1,1.0,0.764
T506,U2679,8172.72,Payment,Card,iOS,Hyderabad,288,10,2,8326.02,0,0.1,3,0,22176.535,19804.385097963783,-0.7071067811865475,2,0.3685300701845441,0.3
T507,U8746,45550.81,Withdrawal,Card,iOS,Chennai,1415,6,2,5462.89,0,0.74,7,0,45550.81,,,1,1.0,5.18
T508,U2116,41135.74,Payment,Wallet,Android,Chennai,797,1,2,7020.74,0,0.61,7,0,24745.095,23179.87245504276,0.7071067811865475,2,1.662379554412703,4.27
T509,U1917,47492.51,Transfer,UPI,Android,Mumbai,1016,3,2,605.44,0,0.479,5,0,29014.156666666662,16804.00907561149,1.099639571139717,3,1.6368737008497118,2.395
T510,U9829,36299.69,Transfer,NetBanking,iOS,Chennai,961,5,2,404.04,0,0.964,2,0,36299.69,,,1,1.0,1.928
T511,U3842,30690.09,Payment,Wallet,Web,Bangalore,1342,4,4,8981.45,0,0.47,9,0,30690.09,,,1,1.0,4.23
T512,U5680,20941.24,Transfer,NetBanking,Android,Hyderabad,1931,21,3,27696.5,0,0.733,9,0,20941.24,,,1,1.0,6.597
T513,U5783,46639.79,Transfer,UPI,Web,Bangalore,286,20,2,18677.69,0,0.159,9,0,46639.79,,,1,1.0,1.431
T514,U2496,43309.89,Payment,UPI,Android,Chennai,1109,8,1,11644.6,0,0.417,6,0,26215.35,24175.33031052937,0.7071067811865475,2,1.652081318769347,2.502
T515,U7162,2308.67,Transfer,UPI,Android,Mumbai,307,10,2,424.34,0,0.212,1,0,2308.67,,,1,1.0,0.212
T516,U8722,1367.03,Withdrawal,Wallet,Web,Mumbai,1858,17,2,29692.03,0,0.348,6,0,19640.575,25842.695171635063,-0.7071067811865475,2,0.06960234107199,2.088
T517,U1718,18854.35,Transfer,UPI,Web,Bangalore,1411,19,3,13729.75,0,0.48,8,0,22151.44,4662.789394364708,-0.7071067811865476,2,0.8511568548139534,3.84
T518,U8483,40537.14,Payment,Wallet,Web,Chennai,442,16,4,29745.93,0,0.174,4,0,40537.14,,,1,1.0,0.696
T519,U7290,49364.44,Withdrawal,Wallet,Web,Hyderabad,1892,12,0,21632.18,0,0.803,6,0,49364.44,,,1,1.0,4.8180000000000005
T520,U4766,7563.32,Withdrawal,Card,iOS,Chennai,1019,22,3,1632.04,0,0.376,8,0,23409.46,22409.826099262795,-0.7071067811865476,2,0.3230881874250837,3.008
T521,U9897,29726.83,Transfer,Wallet,iOS,Chennai,1145,16,4,25784.87,1,0.897,6,0,28477.96,1766.168891640887,0.707106781186549,2,1.0438539136932563,5.382
T522,U3648,19075.5,Withdrawal,Wallet,Android,Mumbai,1811,21,1,15958.94,0,0.675,4,1,17094.88,2801.0196659074,0.707106781186547,2,1.1158604213659291,2.7
T523,U7359,48497.22,Payment,Card,Android,Delhi,1105,9,0,13636.58,0,0.177,7,0,48497.22,,,1,1.0,1.239
T524,U1469,42113.84,Withdrawal,NetBanking,Android,Hyderabad,326,17,4,22759.77,0,0.642,5,0,42113.84,,,1,1.0,3.21
T525,U5918,41924.52,Transfer,Card,iOS,Hyderabad,1054,16,4,23266.55,0,0.023,1,0,41924.52,,,1,1.0,0.023
T526,U2108,23461.22,Transfer,Card,Web,Mumbai,1221,11,3,23913.25,0,0.807,3,0,23461.22,,,1,1.0,2.4210000000000003
T527,U4141,20770.23,Withdrawal,UPI,Android,Chennai,130,14,4,22840.04,0,0.974,3,0,20770.23,,,1,1.0,2.922
T528,U6441,13706.68,Payment,UPI,iOS,Mumbai,1375,18,2,19273.97,0,0.678,1,0,16904.85,4522.895388774763,-0.7071067811865469,2,0.810813464774902,0.678
T529,U5238,2865.96,Payment,Card,Android,Chennai,662,21,4,20301.11,0,0.926,4,0,13592.625,15169.795122032798,-0.7071067811865475,2,0.2108466907606146,3.704
T530,U5694,43242.88,Transfer,UPI,iOS,Delhi,313,14,0,25771.62,1,0.295,2,0,43242.88,,,1,1.0,0.59
T531,U8894,40654.41,Transfer,Card,Web,Delhi,945,12,4,20747.16,0,0.424,1,0,25988.18,20741.18137488316,0.7071067811865477,2,1.5643423279352384,0.424
T532,U1162,49985.9,Payment,UPI,iOS,Bangalore,1480,6,1,3130.59,1,0.425,6,1,37218.15,13356.678463791062,0.9559075659874868,3,1.343051709985585,2.55
T533,U3446,49832.01,Withdrawal,Wallet,Web,Chennai,1749,10,2,19400.47,0,0.112,7,0,49832.01,,,1,1.0,0.784
T534,U1807,27793.81,Withdrawal,UPI,Android,Mumbai,730,7,0,5182.81,0,0.796,4,0,24106.16,5215.124643285146,0.7071067811865476,2,1.1529754220498,3.184
T535,U2835,38460.92,Withdrawal,UPI,Web,Mumbai,505,19,0,526.16,0,0.495,5,0,28898.375,13523.480829803026,0.7071067811865476,2,1.3309025161449388,2.475
T536,U6910,47241.05,Withdrawal,Wallet,iOS,Mumbai,1554,15,3,6503.58,0,0.49,9,0,47241.05,,,1,1.0,4.41
T537,U4268,42489.89,Payment,Card,Android,Bangalore,194,23,3,4716.71,0,0.668,8,0,32044.8275,15150.156268253197,0.6894359579569082,4,1.325951590783255,5.344
T538,U5184,12405.04,Transfer,UPI,Android,Hyderabad,1980,22,2,3152.66,0,0.171,2,0,17090.920000000002,18477.97132948582,-0.2535927736029447,3,0.7258263452172264,0.342
T539,U6579,22554.68,Transfer,UPI,iOS,Mumbai,1914,10,0,6528.1,0,0.81,3,0,28989.672,8022.706348344679,-0.8020974120943274,5,0.7780246703032722,2.43
T540,U9847,6501.51,Withdrawal,Wallet,Web,Delhi,897,23,1,16950.72,0,0.366,9,0,9927.95,9997.849038875813,-0.3427177172486373,5,0.6548693335482149,3.294
T541,U7412,47704.85,Payment,Wallet,iOS,Mumbai,817,4,4,4628.95,0,0.08,5,0,47704.85,,,1,1.0,0.4
T542,U9516,30328.42,Payment,Wallet,Web,Mumbai,341,6,4,8455.2,0,0.19,1,0,30328.42,,,1,1.0,0.19
T543,U7265,11470.71,Withdrawal,NetBanking,Web,Mumbai,722,15,4,25502.8,0,0.253,9,0,24010.210000000003,20240.594293772603,-0.6195223232085638,3,0.4777430101610939,2.277
T544,U7236,33601.45,Withdrawal,Wallet,Android,Hyderabad,585,15,3,26652.73,0,0.178,8,0,25581.926666666663,7153.690903403172,1.121032966285734,3,1.3134839466091814,1.424
T545,U3980,30925.51,Withdrawal,Card,Web,Mumbai,359,19,0,10059.22,0,0.242,7,0,30643.76,398.4546711986195,0.7071067811865476,2,1.0091943677929862,1.694
T546,U3412,17940.23,Transfer,UPI,Android,Hyderabad,847,16,0,26978.64,0,0.996,7,0,19676.666666666668,4076.96036137627,-0.4259145325809581,3,0.911751482297137,6.972
T547,U7481,5722.2,Withdrawal,UPI,iOS,Hyderabad,329,18,1,17613.26,0,0.538,8,0,22941.32,24351.513036129807,-0.7071067811865476,2,0.2494276702473964,4.304
T548,U3360,33595.08,Transfer,NetBanking,iOS,Bangalore,546,14,3,6868.42,0,0.603,4,0,25535.525,11397.93198769189,0.7071067811865475,2,1.3156212766332394,2.412
T549,U5704,26039.37,Payment,UPI,Android,Delhi,421,14,1,22653.37,0,0.166,7,0,30160.39,12981.312042574898,-0.3174578953563602,3,0.8633631726910693,1.162
T550,U6322,38627.3,Payment,UPI,Android,Mumbai,915,19,0,27670.61,0,0.044,8,0,33547.46,7183.978622685345,0.7071067811865479,2,1.15142249219464,0.352
T551,U4012,26032.17,Transfer,Card,Web,Mumbai,1189,20,4,19811.15,0,0.31,3,0,35666.23,13624.618312716144,-0.7071067811865471,2,0.729882861182693,0.93
T552,U1367,42616.47,Transfer,UPI,Android,Mumbai,1766,14,3,6119.79,0,0.77,2,0,37931.7775,8795.69360653032,0.5326120610342632,4,1.1235031102879374,1.54
T553,U3981,27617.75,Transfer,Card,iOS,Hyderabad,1837,2,3,2667.81,0,0.559,2,0,27617.75,,,1,1.0,1.118
T554,U2675,28068.85,Transfer,NetBanking,Android,Chennai,1684,11,3,6959.42,0,0.011,7,0,25191.525,4069.1520383551656,0.7071067811865468,2,1.1142179760852111,0.077
T555,U5461,43838.85,Withdrawal,Card,Android,Delhi,542,5,4,10221.4,0,0.789,9,0,23387.495,28922.58360990681,0.7071067811865475,2,1.874456841145236,7.101
T556,U6082,20203.97,Payment,Wallet,Android,Mumbai,511,19,3,10078.69,0,0.104,8,0,28394.876666666667,12397.421785058106,-0.6606943611887668,3,0.7115357547482452,0.832
T557,U8296,6744.06,Withdrawal,Wallet,Web,Chennai,1519,4,2,15006.52,0,0.44,7,0,8299.48,2199.6960591863594,-0.7071067811865471,2,0.8125882585414991,3.08
T558,U7833,1487.69,Transfer,NetBanking,Android,Chennai,1187,10,3,15204.56,0,0.999,9,0,4037.415,3605.85567532174,-0.7071067811865475,2,0.3684758688418208,8.991
T559,U8092,37769.11,Withdrawal,UPI,Web,Chennai,923,22,4,14195.84,0,0.121,4,0,37769.11,,,1,1.0,0.484
T560,U1931,31034.46,Withdrawal,Card,Web,Delhi,1101,11,3,10380.33,0,0.815,7,0,31034.46,,,1,1.0,5.705
T561,U7355,35218.78,Payment,Wallet,Android,Chennai,1525,6,2,3294.23,0,0.799,5,0,24426.24,15262.95644045412,0.7071067811865478,2,1.441842051826233,3.995
T562,U7502,10687.56,Withdrawal,Card,Web,Mumbai,1074,8,2,12607.72,0,0.445,1,0,14956.465,6037.143347482316,-0.7071067811865478,2,0.7145779433843491,0.445
T563,U1877,6861.76,Payment,Wallet,Android,Mumbai,536,17,3,29574.23,0,0.988,4,0,13073.695,8785.002725580112,-0.7071067811865475,2,0.524852384884304,3.952
T564,U3268,776.51,Transfer,Card,iOS,Bangalore,1824,13,0,19650.86,0,0.308,1,0,23964.25,32792.41638878111,-0.7071067811865477,2,0.0324028500787631,0.308
T565,U9601,17561.85,Withdrawal,UPI,iOS,Hyderabad,1202,3,0,13249.34,0,0.316,1,0,17561.85,,,1,1.0,0.316
T566,U3273,29516.39,Transfer,NetBanking,Web,Chennai,1679,7,1,2596.37,1,0.152,7,0,18261.515,15916.796867813888,0.7071067811865476,2,1.6163166089998555,1.064
T567,U5734,19642.59,Payment,UPI,iOS,Hyderabad,720,15,2,6476.14,0,0.37,3,0,28047.525,11886.373067864308,-0.7071067811865478,2,0.7003323822690237,1.11
T568,U9338,21901.87,Transfer,Card,Android,Hyderabad,759,3,0,17281.95,0,0.296,9,0,21901.87,,,1,1.0,2.664
T569,U5094,45212.73,Transfer,Wallet,Web,Hyderabad,965,18,1,14986.43,0,0.604,7,0,41050.46,5489.127995565419,0.7582752676495497,3,1.101393991687304,4.228
T570,U7498,17445.36,Payment,Wallet,Android,Hyderabad,121,5,0,673.93,0,0.041,6,0,17445.36,,,1,1.0,0.246
T571,U7654,25723.77,Transfer,NetBanking,Web,Hyderabad,472,18,3,2678.45,0,0.31,2,0,17610.625,11473.719692499464,0.7071067811865476,2,1.4606960286758703,0.62
T572,U3780,39193.47,Transfer,UPI,Web,Mumbai,61,14,2,10744.66,0,0.005,5,0,39193.47,,,1,1.0,0.025
T573,U7236,19857.31,Transfer,UPI,Web,Delhi,1682,11,0,4310.69,0,0.006,8,0,25581.926666666663,7153.690903403172,-0.8002325993625662,3,0.7762241780590412,0.048
T574,U3940,31123.23,Withdrawal,UPI,Web,Chennai,264,11,3,28739.5,0,0.82,4,0,23797.88666666667,6463.634313916076,1.133316486912326,3,1.3078148675946857,3.28
T575,U2127,43125.07,Transfer,Wallet,iOS,Chennai,1660,1,1,1120.12,0,0.75,8,0,43125.07,,,1,1.0,6.0
T576,U2560,47478.56,Payment,NetBanking,iOS,Mumbai,1191,8,3,29224.08,0,0.744,9,0,47478.56,,,1,1.0,6.696
T577,U9929,7396.32,Withdrawal,Wallet,iOS,Mumbai,309,2,1,19730.96,0,0.354,8,0,7396.32,,,1,1.0,2.832
T578,U1077,46333.05,Withdrawal,UPI,Web,Hyderabad,967,0,0,12276.11,0,0.699,6,0,25542.416666666668,21453.590639408903,0.9690980723358374,3,1.8139650059215229,4.194
T579,U1191,24631.21,Payment,Card,iOS,Delhi,436,13,4,16229.03,0,0.257,2,0,33861.335,13053.367957398965,-0.7071067811865475,2,0.7274140254659186,0.514
T580,U4860,12949.31,Transfer,Wallet,Web,Chennai,1957,12,3,12362.73,0,0.309,8,0,11736.67,1714.9319342761091,0.7071067811865476,2,1.1033206181991997,2.472
T581,U4504,22983.83,Withdrawal,NetBanking,iOS,Bangalore,999,4,4,17238.91,0,0.562,4,0,22983.83,,,1,1.0,2.248
T582,U2911,49002.63,Withdrawal,UPI,Web,Mumbai,1809,6,2,4644.98,0,0.7,1,0,41673.526,6065.287007572683,1.2083688687525265,5,1.1758695436522455,0.7
T583,U1198,24656.27,Withdrawal,Card,iOS,Bangalore,1900,13,4,3688.39,1,0.266,5,0,24719.42,89.30758646386172,-0.7071067811865169,2,0.997445328409809,1.33
T584,U4044,16471.14,Transfer,Wallet,iOS,Chennai,316,15,2,15904.86,0,0.679,3,0,20833.415,6169.188467801091,-0.707106781186548,2,0.7906116208024464,2.037
T585,U3001,31688.37,Withdrawal,Card,iOS,Mumbai,108,17,0,2233.06,0,0.962,3,0,31688.37,,,1,1.0,2.886
T586,U7907,12045.27,Payment,Card,Web,Chennai,130,13,0,8845.28,0,0.494,7,0,12045.27,,,1,1.0,3.458
T587,U4992,3839.37,Transfer,NetBanking,Web,Mumbai,1635,0,3,27814.16,0,0.407,1,0,3839.37,,,1,1.0,0.407
T588,U2290,6487.54,Payment,Wallet,iOS,Chennai,1063,5,4,26298.77,0,0.232,3,0,6487.54,,,1,1.0,0.6960000000000001
T589,U9628,6445.89,Payment,NetBanking,Web,Bangalore,239,20,2,24958.93,0,0.356,6,0,25995.83,27647.790291580262,-0.7071067811865476,2,0.2479586149009283,2.136
T590,U6184,7637.54,Withdrawal,UPI,Android,Delhi,660,9,2,15264.19,1,0.529,8,0,24295.03,23557.248273094203,-0.7071067811865476,2,0.3143663539415263,4.232
T591,U2818,6984.42,Withdrawal,Card,iOS,Mumbai,1287,5,4,933.75,0,0.944,6,0,5211.4400000000005,2507.3723618162503,0.7071067811865472,2,1.3402092319972982,5.664
T592,U6515,32061.69,Withdrawal,NetBanking,iOS,Bangalore,1437,1,0,3728.94,1,0.261,4,0,25672.67,9035.438734272948,0.7071067811865479,2,1.2488646486711354,1.044
T593,U2161,9134.91,Payment,NetBanking,Android,Chennai,1527,6,0,27591.59,0,0.231,8,0,14330.616666666669,4608.140564754218,-1.1275061152445092,3,0.6374401194645032,1.848
T594,U1882,17316.08,Transfer,UPI,Web,Bangalore,1064,16,2,25108.58,0,0.961,5,0,24042.99,9513.287354863196,-0.7071067811865476,2,0.7202132513468583,4.805
T595,U9833,44844.58,Withdrawal,Wallet,Web,Mumbai,1195,23,3,11358.0,0,0.606,6,0,44844.58,,,1,1.0,3.636
T596,U8713,23724.38,Withdrawal,NetBanking,Web,Bangalore,1941,13,0,21896.37,0,0.735,1,0,23724.38,,,1,1.0,0.735
T597,U3829,33394.51,Payment,Card,iOS,Chennai,1465,22,1,25650.38,0,0.83,4,0,35283.505000000005,2671.4423482549605,-0.7071067811865496,2,0.9464623766828152,3.32
T598,U2317,8657.38,Transfer,Card,iOS,Hyderabad,1189,6,2,18648.03,0,0.082,4,0,9329.2,950.0969554734928,-0.707106781186549,2,0.9279873944175276,0.328
T599,U1109,9654.84,Payment,Card,iOS,Delhi,1356,21,4,25620.46,0,0.485,5,0,23391.17,19426.10418323242,-0.7071067811865474,2,0.4127557535599973,2.425
T600,U2220,2091.39,Withdrawal,Card,iOS,Delhi,638,20,4,7415.75,1,0.14,1,0,12838.115,15198.164246094,-0.7071067811865476,2,0.1629047566562536,0.14
T601,U1171,8488.31,Payment,NetBanking,iOS,Hyderabad,1224,8,2,13917.86,0,0.624,4,0,19338.756666666664,24616.53988176513,-0.440778708899873,3,0.4389273905406191,2.496
T602,U9107,13965.59,Withdrawal,Card,Web,Mumbai,1209,18,2,17413.35,0,0.954,7,0,23303.56333333333,8112.009013242857,-1.151129555956988,3,0.5992898940061956,6.678
T603,U9276,8891.67,Transfer,NetBanking,Android,Bangalore,1971,20,0,18971.61,0,0.056,6,0,8891.67,,,1,1.0,0.336
T604,U1075,4480.69,Payment,Wallet,Web,Bangalore,957,23,2,29611.01,0,0.274,5,0,21549.846666666668,18458.56168581489,-0.9247284245220496,3,0.2079221290669662,1.37
T605,U2747,6075.76,Withdrawal,Card,Web,Hyderabad,526,10,2,25393.35,0,1.0,1,0,6075.76,,,1,1.0,1.0
T606,U7604,23065.9,Withdrawal,Wallet,iOS,Hyderabad,854,2,1,1752.3,0,0.005,8,0,24766.596666666668,12072.991849091648,-0.1408678716862237,3,0.9313310306798984,0.04
T607,U3223,10356.37,Withdrawal,NetBanking,Android,Chennai,1557,22,4,5157.09,0,0.14,5,0,10356.37,,,1,1.0,0.7000000000000001
T608,U1320,18245.28,Withdrawal,UPI,Android,Chennai,1604,3,0,19748.54,0,0.081,8,0,28110.97,13952.192600168622,-0.7071067811865476,2,0.6490448390788364,0.648
T609,U4044,25195.69,Payment,Wallet,Web,Delhi,842,4,3,7291.25,0,0.764,6,0,20833.415,6169.188467801091,0.7071067811865475,2,1.2093883791975537,4.584
T610,U5420,34535.22,Withdrawal,Card,Android,Mumbai,829,3,0,4853.14,0,0.751,7,0,19443.016666666663,16070.536606076144,0.9391225509935426,3,1.7762274544159389,5.257
T611,U5569,2013.64,Payment,UPI,Web,Mumbai,820,12,4,20032.86,0,0.778,1,0,6956.56,6990.344501725219,-0.7071067811865475,2,0.2894591579746312,0.778
T612,U5361,39980.55,Withdrawal,Wallet,Web,Hyderabad,771,8,3,16139.09,0,0.775,6,0,39980.55,,,1,1.0,4.65
T613,U6428,31413.62,Payment,NetBanking,Web,Delhi,1372,22,2,24175.18,0,0.835,3,0,31413.62,,,1,1.0,2.505
T614,U2429,4133.86,Payment,NetBanking,Web,Delhi,1638,13,1,9648.9,0,0.773,3,0,16804.78,20742.829674159697,-0.610857833720958,3,0.245993104342931,2.319
T615,U7220,43685.25,Withdrawal,NetBanking,iOS,Chennai,328,15,1,9958.15,0,0.484,3,0,28627.95,21294.237872720405,0.7071067811865475,2,1.5259650097195223,1.452
T616,U2959,46047.58,Withdrawal,Wallet,Android,Bangalore,120,21,4,4599.71,0,0.745,6,0,46047.58,,,1,1.0,4.47
T617,U1682,3100.84,Withdrawal,NetBanking,iOS,Mumbai,1851,5,4,19602.52,1,0.598,8,0,5143.745,2889.1039576398075,-0.7071067811865475,2,0.6028370379946907,4.784
T618,U6591,13880.04,Withdrawal,Wallet,iOS,Delhi,1913,9,1,21295.87,0,0.367,3,0,26078.95,13740.91269924236,-0.8877801836753259,4,0.532231550733446,1.101
T619,U5574,40319.75,Transfer,Card,iOS,Chennai,816,22,3,4238.96,0,0.837,3,0,31629.75,12289.515857022196,0.7071067811865476,2,1.2747413431974643,2.511
T620,U5449,37425.57,Withdrawal,Card,Web,Chennai,1971,20,3,7697.99,0,0.788,5,0,37425.57,,,1,1.0,3.94
T621,U6097,9266.82,Withdrawal,Wallet,Web,Chennai,1506,12,0,4712.71,0,0.173,6,0,9266.82,,,1,1.0,1.0379999999999998
T622,U9933,10507.0,Withdrawal,Wallet,iOS,Bangalore,1881,2,2,22455.54,0,0.024,6,0,10507.0,,,1,1.0,0.144
T623,U9412,18555.08,Payment,UPI,iOS,Delhi,1050,10,3,6352.02,0,0.316,7,0,25642.08,10022.531516538123,-0.7071067811865475,2,0.7236183648128389,2.212
T624,U3101,24251.92,Withdrawal,NetBanking,Android,Hyderabad,1253,2,2,4652.17,0,0.404,7,0,23875.7975,10737.603262871327,0.0350285339094768,4,1.0157532957799629,2.8280000000000003
T625,U4555,30931.83,Payment,Card,iOS,Hyderabad,496,6,4,2188.57,1,0.174,3,0,27046.47333333333,5001.706387787405,0.7768062268016152,3,1.1436548350974165,0.522
T626,U8648,18477.24,Payment,Card,Web,Chennai,820,9,3,24955.85,0,0.855,5,0,18477.24,,,1,1.0,4.275
T627,U8407,23153.61,Payment,UPI,iOS,Chennai,1338,0,3,3806.98,0,0.034,1,0,17565.265,7903.113290219873,0.7071067811865477,2,1.3181474916546947,0.034
T628,U5716,37386.17,Payment,Wallet,Android,Bangalore,526,3,3,987.04,0,0.484,1,0,43606.33,8796.634632130628,-0.7071067811865481,2,0.8573564892986866,0.484
T629,U5917,1882.33,Transfer,Wallet,Android,Chennai,1162,7,0,2022.73,0,0.055,2,0,10902.134999999998,12755.930560960654,-0.7071067811865475,2,0.1726570070908129,0.11
T630,U2407,12659.23,Withdrawal,UPI,iOS,Delhi,844,19,4,11068.24,0,0.537,2,0,21528.05,12542.405526245751,-0.7071067811865475,2,0.5880342158253998,1.074
T631,U5157,35681.81,Payment,NetBanking,Android,Chennai,633,16,1,17939.91,0,0.464,7,0,35681.81,,,1,1.0,3.248
T632,U7050,44765.58,Withdrawal,Wallet,Android,Chennai,1057,4,0,12006.32,0,0.78,5,0,44765.58,,,1,1.0,3.9
T633,U7528,25608.29,Payment,Wallet,Web,Delhi,1574,16,0,13716.67,0,0.69,3,0,25608.29,,,1,1.0,2.07
T634,U4835,26629.07,Transfer,NetBanking,Android,Mumbai,1944,8,3,27587.23,1,0.844,7,0,17940.55,12287.422820949883,0.7071067811865476,2,1.4842950745657184,5.908
T635,U1349,5403.24,Payment,NetBanking,Android,Hyderabad,1165,7,0,22791.74,0,0.544,3,0,20125.475,20820.384405443863,-0.7071067811865475,2,0.2684776384159877,1.632
T636,U8615,22398.25,Withdrawal,UPI,iOS,Chennai,565,6,1,10297.13,0,0.822,3,0,31207.56,12458.24567714893,-0.7071067811865476,2,0.717718719438495,2.466
T637,U8623,26654.23,Withdrawal,UPI,Web,Delhi,1354,4,0,4714.01,1,0.719,4,0,26654.23,,,1,1.0,2.876
T638,U4086,12161.4,Transfer,UPI,Android,Hyderabad,506,3,0,22500.26,0,0.78,5,0,6703.76,7718.268506549898,0.7071067811865475,2,1.814116257145244,3.9
T639,U4368,13498.7,Withdrawal,Wallet,iOS,Bangalore,897,22,3,17248.36,0,0.601,8,0,13498.7,,,1,1.0,4.808
T640,U8250,18895.34,Withdrawal,UPI,iOS,Mumbai,1752,2,4,28871.18,0,0.72,9,0,18895.34,,,1,1.0,6.48
T641,U9185,1052.56,Payment,Wallet,iOS,Chennai,391,7,1,27262.43,0,0.402,5,0,22080.09,29737.418109207127,-0.7071067811865475,2,0.0476700955476177,2.01
T642,U1241,16137.85,Withdrawal,Card,iOS,Mumbai,225,4,3,16952.92,1,0.085,8,0,16137.85,,,1,1.0,0.68
T643,U7859,10611.83,Payment,NetBanking,iOS,Chennai,765,4,0,2190.31,0,0.417,3,0,10611.83,,,1,1.0,1.251
T644,U1537,16408.49,Transfer,NetBanking,iOS,Chennai,552,16,1,1025.69,0,0.173,7,0,16408.49,,,1,1.0,1.211
T645,U5380,6032.12,Withdrawal,Card,Android,Chennai,925,14,2,25141.86,0,0.629,3,0,6032.12,,,1,1.0,1.887
T646,U5719,44531.84,Payment,UPI,Web,Mumbai,1811,7,0,20971.46,0,0.263,3,0,34707.86,13893.205752482036,0.7071067811865474,2,1.2830477015869026,0.789
T647,U9525,29699.94,Withdrawal,Wallet,Web,Bangalore,1044,6,4,16848.71,0,0.958,4,0,37038.4,10378.149658932463,-0.7071067811865478,2,0.8018688712255388,3.832
T648,U6735,33971.16,Payment,Wallet,iOS,Delhi,91,16,0,20698.86,0,0.271,2,0,30739.770000000004,4569.875563316798,0.7071067811865469,2,1.1051208255624554,0.542
T649,U5528,39469.1,Transfer,Wallet,iOS,Delhi,1003,11,4,16239.63,0,0.098,7,0,39469.1,,,1,1.0,0.686
T650,U5667,24947.19,Payment,NetBanking,Web,Bangalore,1189,3,2,17392.3,0,0.881,6,0,21775.416666666668,13291.098030792393,0.2386389240366046,3,1.1456584451120335,5.286
T651,U1792,4391.67,Withdrawal,UPI,Android,Bangalore,175,19,3,6854.08,0,0.414,3,0,2993.955,1976.6675093323104,0.7071067811865476,2,1.4668456940735584,1.242
T652,U1933,26878.47,Payment,Wallet,iOS,Chennai,217,17,3,13719.58,0,0.356,1,0,23120.97,9536.274011481984,0.3940218155933698,4,1.162514807985997,0.356
T653,U9630,29362.71,Withdrawal,Wallet,Web,Chennai,33,3,3,431.1,0,0.885,3,1,29362.71,,,1,1.0,2.655
T654,U9927,37284.7,Transfer,Wallet,Web,Delhi,816,9,1,20095.14,0,0.653,4,0,19067.655,25762.79210536097,0.7071067811865476,2,1.955389899806767,2.612
T655,U6938,21611.39,Payment,Card,iOS,Chennai,896,2,4,10035.85,0,0.532,1,0,21611.39,,,1,1.0,0.532
T656,U4916,6422.64,Withdrawal,Wallet,Web,Chennai,700,4,0,19724.09,0,0.327,8,0,6422.64,,,1,1.0,2.616
T657,U1074,14224.61,Withdrawal,Card,Android,Bangalore,341,11,1,27801.2,0,0.292,2,0,13967.33,363.8488653273508,0.7071067811865476,2,1.018420127540482,0.584
T658,U3707,18185.96,Withdrawal,Wallet,Web,Mumbai,1595,22,1,17790.14,0,0.58,3,0,18185.96,,,1,1.0,1.7399999999999998
T659,U4329,32313.57,Payment,Wallet,iOS,Hyderabad,1011,4,0,9909.74,0,0.501,5,0,32313.57,,,1,1.0,2.505
T660,U6115,28560.38,Payment,Wallet,iOS,Hyderabad,1552,4,2,6294.04,0,0.276,9,0,37666.665,12878.231749834677,-0.7071067811865477,2,0.7582402105416023,2.484
T661,U6552,17837.03,Payment,Card,Web,Chennai,1544,3,3,7626.08,0,0.184,6,0,9192.495,12225.218637408903,0.7071067811865475,2,1.9403905033399529,1.104
T662,U6655,49326.44,Transfer,Wallet,Web,Chennai,1645,5,2,29620.18,0,0.818,3,0,33566.66,22287.69461601626,0.7071067811865474,2,1.4695069452843983,2.454
T663,U3195,30308.45,Withdrawal,UPI,iOS,Hyderabad,1626,9,2,18499.36,0,0.688,3,0,20893.46,13314.806547607068,0.7071067811865476,2,1.450618997523627,2.064
T664,U5569,11899.48,Withdrawal,Wallet,Android,Bangalore,250,5,3,13272.31,0,0.993,8,0,6956.56,6990.344501725219,0.7071067811865476,2,1.710540842025369,7.944
T665,U8208,5134.03,Transfer,Card,Web,Hyderabad,845,21,2,7006.15,1,0.516,4,0,5134.03,,,1,1.0,2.064
T666,U6906,7685.31,Transfer,Card,Android,Hyderabad,190,21,1,23214.22,0,0.994,5,0,7685.31,,,1,1.0,4.97
T667,U1027,12335.59,Payment,UPI,Android,Hyderabad,1326,0,0,11684.56,0,0.461,4,0,12650.7225,7693.0904095098,-0.0409630568763951,4,0.9750897626598006,1.844
T668,U6539,8076.03,Payment,NetBanking,iOS,Chennai,1116,15,1,9103.69,0,0.535,9,0,8076.03,,,1,1.0,4.815
T669,U2028,9369.02,Payment,UPI,iOS,Chennai,1599,10,1,6746.91,0,0.209,8,0,9369.02,,,1,1.0,1.672
T670,U1181,14290.5,Payment,UPI,iOS,Hyderabad,99,5,4,5650.37,0,0.15,7,0,24039.11,16581.06909144582,-0.5879361545528634,3,0.5944687636106329,1.05
T671,U2853,8710.01,Payment,Card,Android,Chennai,448,19,3,8273.97,0,0.94,4,0,20547.375,16740.562125760596,-0.7071067811865474,2,0.423898916528267,3.76
T672,U8924,44843.43,Payment,Wallet,iOS,Hyderabad,1748,17,3,18853.37,0,0.981,9,0,32967.385,16795.263906353186,0.7071067811865474,2,1.360236184944605,8.829
T673,U2592,4057.68,Transfer,Wallet,iOS,Bangalore,552,5,1,7271.45,0,0.548,8,0,24801.675,29336.43906679967,-0.7071067811865476,2,0.1636050790924403,4.384
T674,U8646,26249.34,Transfer,NetBanking,Android,Chennai,202,16,3,1911.89,0,0.272,8,0,26249.34,,,1,1.0,2.176
T675,U7767,20549.32,Transfer,NetBanking,Android,Mumbai,497,11,4,10834.83,0,0.951,2,0,20549.32,,,1,1.0,1.902
T676,U5360,49119.81,Withdrawal,NetBanking,Android,Chennai,621,16,0,17587.07,0,0.797,5,0,34696.02,24763.714019853724,0.5824566536520357,3,1.4157188634315985,3.985
T677,U4582,5646.34,Withdrawal,NetBanking,Android,Bangalore,1382,20,2,1900.52,0,0.18,6,1,5646.34,,,1,1.0,1.08
T678,U4790,19922.89,Payment,UPI,Web,Bangalore,1122,21,3,13633.49,0,0.298,6,0,30653.415,15175.253986383555,-0.7071067811865476,2,0.6499403084452418,1.7879999999999998
T679,U7573,48475.05,Transfer,UPI,iOS,Chennai,964,17,1,1663.43,0,0.004,9,1,48071.443333333336,1182.7098420294526,0.3412558620245384,3,1.008395975628774,0.036
T680,U1866,43282.08,Withdrawal,Wallet,Web,Delhi,1156,9,3,23068.57,0,0.582,4,0,43282.08,,,1,1.0,2.328
T681,U4622,40862.75,Withdrawal,UPI,Android,Hyderabad,1407,23,1,26169.29,0,0.526,7,0,28306.34333333333,13883.14967520459,0.9044350136981166,3,1.4435898525925226,3.682
T682,U9129,12932.25,Transfer,Wallet,Android,Hyderabad,1080,19,2,28917.86,0,0.164,9,0,9122.13,5388.323378268978,0.7071067811865472,2,1.4176787658145629,1.476
T683,U4540,8585.83,Withdrawal,Wallet,Android,Bangalore,1466,11,3,20768.78,0,0.339,5,0,8585.83,,,1,1.0,1.695
T684,U3978,33448.73,Withdrawal,Wallet,Android,Chennai,155,3,2,18998.73,1,0.939,6,0,33448.73,,,1,1.0,5.634
T685,U4629,46472.33,Transfer,Wallet,Android,Delhi,1036,9,1,20852.9,0,0.649,1,0,32804.325000000004,10640.339460075196,1.2845459537531905,4,1.416652529811237,0.649
T686,U6121,27860.31,Withdrawal,Card,iOS,Mumbai,1563,4,4,25653.98,0,0.863,7,0,28596.385,1040.9672479237731,-0.7071067811865501,2,0.97425985837021,6.041
T687,U5170,28602.05,Transfer,Wallet,Web,Hyderabad,1347,3,4,24232.07,0,0.838,5,0,28602.05,,,1,1.0,4.19
T688,U8833,14034.96,Withdrawal,UPI,Web,Delhi,336,15,0,13211.04,0,0.921,4,0,14034.96,,,1,1.0,3.684
T689,U6439,38486.17,Transfer,UPI,iOS,Hyderabad,997,4,1,19567.09,0,0.042,3,0,27324.825,12664.359844172935,0.8813193195181913,4,1.4084690386855176,0.126
T690,U5852,9392.84,Withdrawal,UPI,iOS,Chennai,1114,18,1,4941.42,0,0.262,1,0,18806.84,10260.777848803667,-0.9174743025059844,3,0.4994374387191043,0.262
T691,U8515,16217.78,Withdrawal,UPI,iOS,Hyderabad,162,23,1,20878.28,0,0.416,5,1,10689.635,7817.977633765014,0.7071067811865476,2,1.5171500242992395,2.08
T692,U3332,21300.55,Transfer,Card,Web,Mumbai,411,5,4,21950.04,0,0.64,3,0,24715.94,4830.0908587934455,-0.7071067811865481,2,0.8618142785586952,1.92
T693,U5767,25405.14,Withdrawal,NetBanking,Web,Chennai,829,23,4,24059.17,0,0.608,8,0,25405.14,,,1,1.0,4.864
T694,U9828,12158.37,Transfer,NetBanking,Android,Bangalore,497,20,4,24547.69,0,0.246,4,0,27951.465,22334.809140846715,-0.7071067811865475,2,0.4349814938143672,0.984
T695,U8879,5786.1,Transfer,Wallet,Web,Delhi,1844,6,3,13253.25,0,0.193,3,0,19527.34,19433.047971823667,-0.7071067811865476,2,0.2963076384187503,0.579
T696,U2095,30550.47,Withdrawal,Wallet,Web,Hyderabad,76,9,3,27115.15,0,0.437,1,0,30550.47,,,1,1.0,0.437
T697,U6836,14467.1,Payment,UPI,iOS,Chennai,98,6,4,29430.41,0,0.251,2,0,14467.1,,,1,1.0,0.502
T698,U3314,29082.85,Withdrawal,UPI,Web,Chennai,1168,21,2,29343.43,0,0.965,2,0,24095.90333333333,17523.212275942253,0.2845908951016522,3,1.2069624283297948,1.93
T699,U1285,7760.42,Payment,NetBanking,Android,Hyderabad,1912,13,3,17614.25,0,0.965,1,0,14054.21,8900.763176728162,-0.7071067811865475,2,0.5521776037215895,0.965
T700,U3257,24082.95,Payment,NetBanking,Web,Bangalore,211,9,3,16828.53,0,0.113,8,0,24082.95,,,1,1.0,0.904
T701,U5874,26652.84,Withdrawal,UPI,iOS,Hyderabad,437,19,3,13774.29,0,0.705,5,0,26652.84,,,1,1.0,3.525
T702,U8512,2638.59,Payment,Wallet,iOS,Bangalore,949,21,3,9063.84,0,0.228,2,0,21618.245000000003,26841.285510162324,-0.7071067811865477,2,0.1220538484969524,0.456
T703,U8791,16863.38,Transfer,Card,Android,Hyderabad,1212,10,0,10079.36,0,0.717,8,0,16863.38,,,1,1.0,5.736
T704,U4427,6764.01,Transfer,Card,Android,Chennai,348,13,3,6550.99,0,0.767,5,1,6764.01,,,1,1.0,3.835
T705,U6656,3215.58,Payment,NetBanking,Web,Mumbai,88,11,2,28676.11,1,0.048,5,0,3215.58,,,1,1.0,0.24
T706,U9992,49498.51,Transfer,NetBanking,Android,Mumbai,1630,3,0,18632.82,1,0.695,2,0,49498.51,,,1,1.0,1.39
T707,U8188,16151.57,Withdrawal,NetBanking,Android,Chennai,1566,12,3,28040.45,0,0.897,8,0,14589.995,2208.400543662765,0.7071067811865481,2,1.107030537022117,7.176
T708,U1159,40503.23,Transfer,Card,iOS,Mumbai,387,21,1,11675.06,0,0.216,3,0,28466.85,14675.78896995661,0.8201521584045772,3,1.4228209303101678,0.648
T709,U2516,12769.3,Payment,Card,iOS,Bangalore,174,21,0,9016.03,1,0.116,4,0,12769.3,,,1,1.0,0.464
T710,U3661,34091.06,Withdrawal,UPI,Web,Chennai,1573,2,3,4069.07,0,0.567,5,1,20159.86,15702.28814793882,0.8872082761918169,3,1.691036544896641,2.835
T711,U9918,38023.38,Transfer,Wallet,Web,Bangalore,758,12,2,9077.35,0,0.517,9,1,38023.38,,,1,1.0,4.6530000000000005
T712,U7239,29802.16,Withdrawal,NetBanking,Web,Chennai,1833,19,4,26715.8,0,0.886,2,0,18969.185,12451.550533901393,0.8700101220731863,4,1.5710827850537594,1.772
T713,U6953,23605.23,Payment,UPI,Web,Bangalore,1730,18,3,17510.06,0,0.451,8,0,21640.17,2779.014502876872,0.7071067811865486,2,1.0908061258298802,3.608
T714,U2413,20621.45,Transfer,Card,iOS,Bangalore,946,14,1,13629.09,0,0.414,5,0,20621.45,,,1,1.0,2.07
T715,U3360,17475.97,Withdrawal,UPI,Web,Mumbai,1855,18,2,17090.66,0,0.714,9,0,25535.525,11397.93198769189,-0.7071067811865475,2,0.6843787233667606,6.426
T716,U3878,46479.98,Withdrawal,Card,Web,Chennai,164,19,0,26791.41,1,0.077,9,0,37833.09,12228.549110348296,0.7071067811865474,2,1.2285536285828094,0.693
T717,U9123,41539.44,Transfer,Wallet,Android,Hyderabad,1156,3,2,5865.4,0,0.057,3,0,41539.44,,,1,1.0,0.171
T718,U5176,48253.09,Withdrawal,Card,Web,Mumbai,1632,5,3,28973.21,0,0.505,9,0,48253.09,,,1,1.0,4.545
T719,U9408,6258.65,Withdrawal,UPI,Android,Bangalore,1235,14,1,20019.21,0,0.089,7,1,21222.435,21161.98769143509,-0.7071067811865476,2,0.2949072526314722,0.623
T720,U8701,36556.83,Payment,Wallet,iOS,Bangalore,1073,3,2,25674.97,0,0.939,9,1,27076.376666666667,22110.813950568016,0.428769983526083,3,1.350137444534984,8.450999999999999
T721,U9006,46920.11,Payment,Card,Web,Hyderabad,178,5,2,15809.67,0,0.654,7,0,46920.11,,,1,1.0,4.578
T722,U8905,9102.59,Payment,NetBanking,Android,Hyderabad,1103,1,4,7175.47,1,0.754,8,0,28756.925000000003,27795.42711642421,-0.7071067811865476,2,0.3165355822988723,6.032
T723,U2952,3371.49,Payment,Card,Web,Bangalore,801,3,4,17066.29,1,0.229,4,0,3371.49,,,1,1.0,0.916
T724,U4867,37068.98,Payment,Wallet,Android,Hyderabad,1947,17,3,2131.39,0,0.494,5,0,37068.98,,,1,1.0,2.47
T725,U4660,28744.93,Payment,UPI,Web,Delhi,1363,14,0,25580.64,0,0.134,6,0,38208.7,13383.79188517963,-0.7071067811865471,2,0.7523137400644356,0.804
T726,U2999,42099.35,Transfer,Wallet,iOS,Mumbai,1473,11,0,19522.42,0,0.203,4,0,42099.35,,,1,1.0,0.812
T727,U3064,7031.63,Payment,UPI,iOS,Chennai,1432,7,1,8557.43,0,0.568,8,0,7031.63,,,1,1.0,4.544
T728,U7489,39773.6,Withdrawal,Card,Android,Hyderabad,1526,11,3,8306.63,1,0.28,5,0,39773.6,,,1,1.0,1.4
T729,U5079,10121.28,Transfer,Card,Android,Hyderabad,1012,8,0,27093.9,0,0.917,3,0,20080.533333333333,21014.34190742678,-0.4739264915935142,3,0.5040344213965101,2.7510000000000003
T730,U4009,8224.61,Withdrawal,Wallet,iOS,Delhi,363,6,2,25243.12,0,0.995,1,0,17534.155,13165.684798522636,-0.7071067811865474,2,0.4690622388133332,0.995
T731,U3232,8255.08,Payment,NetBanking,Web,Chennai,337,21,3,22916.95,0,0.004,1,0,10467.155,3128.3464659864644,-0.7071067811865471,2,0.7886651148282414,0.004
T732,U1402,40738.01,Payment,Card,Android,Delhi,507,7,2,12502.28,0,0.759,8,0,30450.1625,18450.565464659656,0.5575898212824653,4,1.3378585418058115,6.072
T733,U4290,33276.6,Withdrawal,NetBanking,iOS,Chennai,1452,19,1,26187.9,0,0.115,3,0,30538.15,3872.753129880602,0.7071067811865468,2,1.089673081047804,0.345
T734,U2577,26177.12,Withdrawal,NetBanking,Android,Mumbai,1536,9,3,7482.01,0,0.575,4,0,26177.12,,,1,1.0,2.3
T735,U1950,17973.58,Withdrawal,Wallet,iOS,Hyderabad,1572,10,1,825.19,0,0.228,7,0,17973.58,,,1,1.0,1.596
T736,U1121,43866.17,Transfer,Card,iOS,Mumbai,354,1,4,13039.82,0,0.965,1,0,25562.28,25885.60948218527,0.7071067811865475,2,1.716050759165458,0.965
T737,U8249,19652.63,Payment,NetBanking,Android,Chennai,652,3,1,27593.81,0,0.876,6,0,28644.21,12716.014383162676,-0.7071067811865472,2,0.6860943276145511,5.256
T738,U7922,40839.14,Withdrawal,Card,Android,Hyderabad,798,20,4,17179.69,0,0.595,1,0,40839.14,,,1,1.0,0.595
T739,U3715,21984.79,Payment,UPI,iOS,Delhi,386,20,3,6960.13,0,0.176,3,0,24577.335,3666.412300062557,-0.7071067811865468,2,0.8945148039850538,0.528
T740,U9693,18878.37,Withdrawal,NetBanking,Web,Bangalore,1328,8,2,19559.56,0,0.783,4,0,18878.37,,,1,1.0,3.132
T741,U2006,23160.86,Payment,Wallet,iOS,Delhi,1321,7,2,22375.07,0,0.52,7,1,21948.605,1714.3874620545978,0.7071067811865476,2,1.055231528381872,3.64
T742,U2898,15103.82,Transfer,Wallet,Web,Bangalore,1287,4,2,16555.1,0,0.612,2,0,15103.82,,,1,1.0,1.224
T743,U6838,37393.09,Payment,NetBanking,Web,Delhi,443,13,1,25293.68,0,0.718,8,0,37393.09,,,1,1.0,5.744
T744,U5471,25160.88,Withdrawal,Card,Web,Chennai,510,1,3,17811.94,0,0.416,6,0,34331.1,12968.649493945004,-0.7071067811865474,2,0.7328888384001678,2.496
T745,U9353,11649.02,Payment,UPI,Android,Mumbai,1118,20,3,2971.02,0,0.008,2,0,25412.375,19464.323304755555,-0.7071067811865474,2,0.4583995002434837,0.016
T746,U2354,44983.75,Transfer,UPI,iOS,Bangalore,530,16,4,24305.4,0,0.364,3,0,30930.845,19873.80884174068,0.7071067811865475,2,1.4543330452174843,1.092
T747,U7502,19225.37,Transfer,Wallet,iOS,Chennai,571,7,3,4476.05,0,0.414,4,0,14956.465,6037.143347482316,0.7071067811865475,2,1.285422056615651,1.656
T748,U6029,27200.47,Payment,Wallet,Web,Mumbai,522,1,2,26494.38,0,0.367,6,0,27200.47,,,1,1.0,2.202
T749,U8491,45328.28,Withdrawal,Card,Web,Mumbai,525,22,3,15703.17,0,0.831,1,0,45328.28,,,1,1.0,0.831
T750,U3657,31230.69,Transfer,Wallet,Web,Hyderabad,1549,14,4,21982.82,0,0.332,5,0,36217.155,7051.92643129876,-0.7071067811865471,2,0.8623175950733845,1.66
T751,U5330,5889.06,Transfer,Card,iOS,Hyderabad,506,1,3,29165.64,0,0.416,8,0,15572.845,13694.940082105142,-0.7071067811865475,2,0.378162114886522,3.328
T752,U9704,46994.61,Payment,NetBanking,Web,Hyderabad,611,10,3,13015.1,0,0.062,7,0,46994.61,,,1,1.0,0.434
T753,U7868,31404.02,Transfer,UPI,iOS,Bangalore,1024,13,2,13845.68,0,0.717,3,0,22458.07,12651.48381831159,0.7071067811865476,2,1.3983401066966128,2.151
T754,U2447,16778.54,Transfer,NetBanking,iOS,Bangalore,1195,20,3,24792.79,0,0.215,2,0,27847.54333333333,16215.592351043895,-0.6826148002308874,3,0.602514189462314,0.43
T755,U3273,7006.64,Withdrawal,Wallet,Android,Mumbai,676,9,1,3396.11,0,0.235,2,0,18261.515,15916.796867813888,-0.7071067811865476,2,0.3836833910001443,0.47
T756,U7057,39711.56,Withdrawal,UPI,Web,Bangalore,1560,6,4,928.2,0,0.587,5,0,23790.960000000003,14344.085301297537,1.109906952279477,3,1.6691869516824875,2.935
T757,U2697,31022.63,Withdrawal,UPI,Web,Mumbai,374,21,4,18169.06,0,0.984,8,0,33289.6075,6564.653661808188,-0.345330860817351,4,0.9319013448866889,7.872
T758,U3640,26696.38,Payment,NetBanking,Web,Chennai,1577,13,4,5108.84,0,0.41,6,0,27213.785,731.7211682396496,-0.7071067811865475,2,0.9809873929701436,2.46
T759,U7637,44699.93,Transfer,Card,Android,Delhi,1458,12,3,7746.57,0,0.327,6,0,35623.5575,6876.576489724011,1.3198969739612794,4,1.2547856850063333,1.962
T760,U6291,39440.43,Payment,UPI,Web,Mumbai,976,20,1,29290.77,0,0.036,7,0,28571.88666666667,20535.62089240628,0.5292532127602887,3,1.3803929177002194,0.252
T761,U2083,7626.16,Transfer,Card,iOS,Mumbai,1990,21,4,19629.13,0,0.787,1,0,18928.295,10457.364157531922,-1.0807823873915334,4,0.4028973555198711,0.787
T762,U8272,15620.52,Transfer,NetBanking,Web,Chennai,1608,1,0,25687.3,0,0.261,3,1,12678.846666666666,5219.572521733302,0.5635851060761717,3,1.2320142683850843,0.783
T763,U9045,12462.03,Transfer,NetBanking,iOS,Hyderabad,1990,9,2,26943.95,0,0.769,5,0,29313.53,23831.61984633021,-0.7071067811865476,2,0.4251289421642498,3.845
T764,U9267,37210.12,Withdrawal,Card,iOS,Hyderabad,373,0,0,3728.37,0,0.282,7,0,42027.385,6812.641496545227,-0.7071067811865476,2,0.8853779505910254,1.974
T765,U9830,1724.95,Payment,NetBanking,iOS,Hyderabad,117,0,0,27840.55,0,0.03,6,0,1724.95,,,1,1.0,0.18
T766,U1410,28515.99,Payment,UPI,iOS,Mumbai,1047,23,4,26008.92,0,0.498,1,0,28515.99,,,1,1.0,0.498
T767,U6282,38134.81,Transfer,NetBanking,Web,Mumbai,1056,2,0,1455.74,0,0.906,9,0,38134.81,,,1,1.0,8.154
T768,U7244,43844.44,Payment,NetBanking,Android,Bangalore,632,10,0,29318.51,0,0.211,3,0,43844.44,,,1,1.0,0.633
T769,U3759,17136.98,Withdrawal,UPI,Android,Bangalore,330,18,1,13803.68,0,0.154,7,0,24929.823333333334,20594.272819622285,-0.3783985674846596,3,0.6874088023354089,1.078
T770,U6068,41071.8,Payment,Card,iOS,Delhi,519,8,2,29237.2,0,0.185,1,0,39461.71000000001,2277.0111146413,0.707106781186545,2,1.0408013236121798,0.185
T771,U5682,5576.06,Transfer,NetBanking,Web,Delhi,681,12,3,24733.25,0,0.69,1,0,17699.725,17145.45146866801,-0.7071067811865474,2,0.3150365330534797,0.69
T772,U3041,42330.29,Withdrawal,Card,Android,Bangalore,1074,21,4,13260.01,0,0.367,1,0,42330.29,,,1,1.0,0.367
T773,U7213,6418.06,Withdrawal,UPI,Web,Mumbai,1827,3,4,15395.57,0,0.256,4,0,7430.33,1431.5659627834132,-0.7071067811865471,2,0.8637651355996302,1.024
T774,U6133,19894.5,Transfer,Card,Android,Chennai,313,19,0,8325.42,0,0.338,1,0,13482.56,9067.852509122544,0.7071067811865476,2,1.475572888234875,0.338
T775,U2149,39874.9,Payment,Card,iOS,Bangalore,978,22,3,14658.9,0,0.309,1,0,31297.27,12130.600679018333,0.7071067811865476,2,1.274069591373305,0.309
T776,U4174,7538.38,Transfer,Wallet,iOS,Mumbai,1689,5,3,3314.02,0,0.544,9,0,7538.38,,,1,1.0,4.896000000000001
T777,U1607,11501.11,Payment,Wallet,iOS,Bangalore,1448,1,3,27268.19,0,0.133,8,0,16793.156666666666,8822.395232006631,-0.5998423928535564,3,0.6848688563019818,1.064
T778,U2528,36126.52,Payment,NetBanking,Android,Hyderabad,1483,8,4,21425.04,0,0.509,5,0,36126.52,,,1,1.0,2.545
T779,U8444,36015.83,Withdrawal,Wallet,Web,Bangalore,1833,17,4,24175.68,0,0.312,2,0,36015.83,,,1,1.0,0.624
T780,U9896,32075.32,Transfer,Wallet,iOS,Hyderabad,1427,23,1,15980.55,0,0.933,7,0,34823.33,3886.273011536884,-0.7071067811865489,2,0.9210870987926773,6.531000000000001
T781,U5566,34712.72,Withdrawal,Wallet,Web,Mumbai,1698,3,4,3856.45,0,0.422,1,0,33597.323333333334,7919.714567787991,0.1408379881774202,3,1.0331989740849394,0.422
T782,U9888,27159.09,Transfer,Card,Web,Hyderabad,1627,0,4,16163.62,0,0.1,9,0,35033.675,11136.34490505974,-0.7071067811865478,2,0.7752281198018762,0.9
T783,U9101,12627.36,Transfer,Card,iOS,Bangalore,374,0,1,9943.27,0,0.934,1,0,12627.36,,,1,1.0,0.934
T784,U3534,17317.51,Withdrawal,Wallet,Android,Hyderabad,747,19,4,402.16,0,0.938,3,0,17317.51,,,1,1.0,2.814
T785,U2496,9120.81,Transfer,UPI,iOS,Chennai,998,16,0,18489.57,0,0.175,6,0,26215.35,24175.33031052937,-0.7071067811865475,2,0.347918681230653,1.0499999999999998
T786,U8297,45427.11,Transfer,Wallet,iOS,Hyderabad,1030,18,0,25624.11,0,0.816,4,0,45427.11,,,1,1.0,3.264
T787,U6366,29190.42,Payment,UPI,Android,Hyderabad,1462,2,1,21345.51,0,0.862,2,0,29190.42,,,1,1.0,1.724
T788,U6498,20072.53,Transfer,Card,Web,Delhi,161,22,1,6783.62,0,0.356,5,0,17161.01,4117.5110711205125,0.7071067811865478,2,1.1696590119113035,1.7799999999999998
T789,U2410,23127.19,Transfer,UPI,Android,Chennai,268,21,0,24592.08,0,0.16,1,0,27879.315,6720.5196250922445,-0.7071067811865475,2,0.8295465652581493,0.16
T790,U7332,47366.8,Withdrawal,Card,Android,Mumbai,1863,23,3,9354.03,0,0.798,1,0,30859.726666666666,18028.173298482943,0.9156265063594876,3,1.5349066604392048,0.798
T791,U8951,7709.9,Withdrawal,UPI,iOS,Hyderabad,1624,22,4,6632.71,0,0.028,6,1,15514.083333333334,18524.15581205884,-0.4212976511595186,3,0.4969613630625936,0.168
T792,U4302,29332.18,Transfer,Card,Android,Chennai,716,16,2,28838.14,1,0.619,9,0,15554.236666666666,11939.448536412112,1.1539849006689302,3,1.885800031759836,5.571
T793,U1713,25319.14,Payment,Card,Android,Mumbai,1984,2,2,596.26,0,0.342,7,0,25319.14,,,1,1.0,2.394
T794,U3383,30592.14,Payment,Wallet,Android,Chennai,232,3,1,5110.32,0,0.596,4,0,30592.14,,,1,1.0,2.384
T795,U2462,954.6,Withdrawal,NetBanking,Web,Delhi,1299,12,2,14063.33,0,0.789,8,0,13143.145,17237.205644594775,-0.7071067811865475,2,0.0726310179184662,6.312
T796,U7669,43612.59,Transfer,NetBanking,Web,Mumbai,239,14,3,5095.37,1,0.829,1,0,28966.955,20712.05564656608,0.7071067811865476,2,1.5055980167746317,0.829
T797,U3481,46609.31,Transfer,Card,iOS,Mumbai,448,11,2,5089.4,0,0.998,5,0,46609.31,,,1,1.0,4.99
T798,U6797,28278.4,Payment,Wallet,iOS,Hyderabad,159,2,0,19067.01,1,0.64,2,0,32963.083333333336,12630.394209082577,-0.3709055517811594,6,0.8578809122326239,1.28
T799,U1349,34847.71,Payment,NetBanking,Web,Bangalore,919,20,1,24589.0,0,0.223,3,0,20125.475,20820.384405443863,0.7071067811865476,2,1.7315223615840123,0.669
T800,U6528,46128.84,Payment,NetBanking,Android,Mumbai,1490,7,2,19882.36,0,0.276,4,0,46128.84,,,1,1.0,1.104
T801,U9725,35376.57,Withdrawal,Wallet,iOS,Mumbai,987,0,4,3133.42,0,0.436,1,0,35596.634999999995,311.2189076036359,-0.7071067811865299,2,0.9938178145209512,0.436
T802,U8931,7669.33,Transfer,Wallet,iOS,Delhi,1169,17,1,26871.82,0,0.848,5,0,7669.33,,,1,1.0,4.24
T803,U2857,28835.6,Withdrawal,NetBanking,Android,Delhi,644,12,3,27690.16,0,0.367,6,0,28835.6,,,1,1.0,2.202
T804,U1247,30355.42,Transfer,NetBanking,Android,Delhi,1903,6,0,8501.98,0,0.688,1,0,23196.45333333333,16251.231234443336,0.44051841755188,6,1.308623329773402,0.688
T805,U8016,21235.33,Withdrawal,UPI,Android,Hyderabad,408,12,2,16638.06,1,0.045,4,0,31242.56,14242.87995883206,-0.7026128162931317,3,0.6796923811621072,0.18
T806,U9882,36835.39,Transfer,UPI,Android,Mumbai,631,16,0,14608.57,0,0.43,2,1,17929.539999999997,17716.68010153426,1.0671214861729517,3,2.0544525961067603,0.86
T807,U8945,46721.63,Payment,Card,Android,Delhi,152,12,3,20079.92,1,0.167,1,0,46721.63,,,1,1.0,0.167
T808,U3786,46282.15,Payment,NetBanking,Web,Delhi,957,12,2,29340.6,0,0.938,5,0,46282.15,,,1,1.0,4.69
T809,U2491,22569.43,Payment,Wallet,Android,Chennai,1103,10,1,29592.77,0,0.791,1,0,33204.07,15039.652118955411,-0.7071067811865475,2,0.679718781462634,0.791
T810,U1452,5706.24,Withdrawal,Wallet,iOS,Chennai,63,13,1,15323.42,0,0.139,8,0,26167.405,28936.45704495369,-0.7071067811865475,2,0.2180667131494315,1.112
T811,U2525,49242.82,Payment,NetBanking,Web,Delhi,853,20,4,2849.29,0,0.402,2,1,40818.215,11914.190648636186,0.7071067811865479,2,1.2063932731992324,0.804
T812,U5284,41952.96,Transfer,Card,iOS,Hyderabad,947,9,3,10100.73,0,0.081,5,0,41426.89,743.9753287576137,0.7071067811865475,2,1.01269875677368,0.405
T813,U8116,6276.9,Withdrawal,Wallet,Android,Bangalore,1436,7,2,12465.64,0,0.747,3,0,6276.9,,,1,1.0,2.241
T814,U9798,46046.05,Transfer,NetBanking,iOS,Chennai,561,5,0,16085.54,0,0.191,6,0,46046.05,,,1,1.0,1.146
T815,U5471,43501.32,Withdrawal,NetBanking,Android,Chennai,1742,18,0,28815.07,1,0.804,6,0,34331.1,12968.649493945004,0.7071067811865476,2,1.2671111615998325,4.824
T816,U3892,25965.96,Transfer,Card,iOS,Mumbai,1060,22,2,7946.28,0,0.074,8,0,25965.96,,,1,1.0,0.592
T817,U6037,29584.21,Transfer,NetBanking,iOS,Mumbai,1875,18,3,16146.96,1,0.573,5,0,34618.285,7119.257139003337,-0.7071067811865482,2,0.854583350966115,2.865
T818,U5774,19980.19,Withdrawal,Wallet,Android,Delhi,308,11,3,8802.33,0,0.608,5,0,19980.19,,,1,1.0,3.04
T819,U2155,2785.34,Withdrawal,UPI,iOS,Mumbai,701,20,0,27591.91,0,0.334,5,0,3742.91,1354.2084809216042,-0.7071067811865476,2,0.7441642999698097,1.6700000000000002
T820,U7994,16793.1,Payment,Card,Web,Mumbai,567,6,2,29699.74,0,0.164,9,0,16793.1,,,1,1.0,1.476
T821,U6730,40152.53,Payment,NetBanking,iOS,Bangalore,1687,17,2,26135.1,0,0.324,2,0,40152.53,,,1,1.0,0.648
T822,U3613,281.37,Transfer,Card,Web,Hyderabad,1353,19,0,10228.43,0,0.496,3,0,281.37,,,1,1.0,1.488
T823,U4256,16708.28,Transfer,NetBanking,Web,Delhi,454,17,2,8408.73,0,0.969,4,0,26103.18,13286.394997138992,-0.7071067811865476,2,0.6400859971850172,3.876
T824,U7797,19938.53,Transfer,UPI,iOS,Bangalore,107,22,2,12992.0,0,0.447,7,0,19938.53,,,1,1.0,3.129
T825,U4542,26892.91,Withdrawal,Card,Web,Delhi,1159,2,1,22452.52,0,0.189,1,0,26892.91,,,1,1.0,0.189
T826,U6779,45996.79,Withdrawal,NetBanking,Web,Hyderabad,67,8,1,378.53,0,0.026,3,0,45996.79,,,1,1.0,0.078
T827,U3695,17349.98,Payment,UPI,iOS,Delhi,186,5,4,29853.82,0,0.008,7,0,25847.575,12017.4140965538,-0.7071067811865474,2,0.6712420797695723,0.056
T828,U1451,17380.31,Transfer,Wallet,Android,Mumbai,728,0,4,26514.0,0,0.417,8,0,18843.126666666667,1994.1215234868032,-0.7335644540403289,3,0.9223686868669,3.336
T829,U1084,36888.19,Payment,NetBanking,Android,Hyderabad,1318,9,3,812.08,0,0.296,2,0,36888.19,,,1,1.0,0.592
T830,U8126,22638.29,Withdrawal,UPI,Web,Bangalore,675,7,1,11524.79,0,0.115,3,0,35623.39,11867.549402800058,-1.0941686071208825,3,0.6354894915952694,0.345
T831,U4106,11269.01,Withdrawal,UPI,Web,Bangalore,1060,22,1,20666.24,0,0.172,7,1,11269.01,,,1,1.0,1.204
T832,U8858,22649.35,Withdrawal,Card,Android,Chennai,1484,16,1,7318.04,0,0.35,7,0,29768.945,10068.627807603676,-0.7071067811865476,2,0.7608381822063227,2.45
T833,U6703,7085.81,Payment,NetBanking,Web,Bangalore,332,2,1,4370.88,0,0.687,3,0,7085.81,,,1,1.0,2.061
T834,U6253,8860.53,Withdrawal,Wallet,Android,Chennai,684,2,3,18916.62,0,0.61,5,0,8860.53,,,1,1.0,3.05
T835,U8016,24943.47,Transfer,NetBanking,iOS,Mumbai,1283,2,0,27115.41,0,0.08,7,0,31242.56,14242.87995883206,-0.4422623807970738,3,0.7983811185767108,0.56
T836,U9606,20975.33,Payment,UPI,Web,Bangalore,1733,6,3,28672.24,0,0.143,3,0,16972.15,12514.383301862435,0.3198863182817992,4,1.2358675830699115,0.4289999999999999
T837,U3042,45746.55,Withdrawal,Wallet,iOS,Hyderabad,1990,21,0,406.87,0,0.908,8,0,25121.295,29168.515348403493,0.7071067811865475,2,1.8210267424509765,7.264
T838,U9104,18151.58,Payment,UPI,Android,Chennai,1403,10,4,26246.27,0,0.071,4,0,18151.58,,,1,1.0,0.284
T839,U3106,29050.39,Payment,Card,Android,Bangalore,1999,17,1,16866.96,0,0.199,7,0,12887.81,14000.153873007966,1.1544573114414942,3,2.25409825253476,1.393
T840,U3126,31631.6,Withdrawal,NetBanking,iOS,Mumbai,855,4,0,7207.36,0,0.318,2,0,40567.70333333333,8592.032421449152,-1.0400453460842678,3,0.7797237063210628,0.636
T841,U1357,704.07,Withdrawal,UPI,Web,Hyderabad,99,21,3,18546.62,0,0.23,5,0,7216.563333333334,10614.07825894144,-0.6135712564439709,3,0.0975630597943896,1.15
T842,U5667,33193.69,Payment,UPI,iOS,Hyderabad,140,1,0,29874.08,1,0.291,6,0,21775.416666666668,13291.098030792393,0.8590918001567548,3,1.5243653202196668,1.746
T843,U9472,8942.9,Payment,NetBanking,iOS,Mumbai,1962,13,2,8357.55,0,0.728,1,0,8942.9,,,1,1.0,0.728
T844,U6398,48055.46,Withdrawal,Wallet,Web,Bangalore,1843,0,4,8378.96,0,0.095,9,1,39502.55,12095.64131975647,0.7071067811865471,2,1.216515389512829,0.855
T845,U7839,7475.7,Transfer,UPI,Android,Delhi,1558,3,4,20998.38,0,0.352,9,0,15193.9,10915.18311710802,-0.7071067811865476,2,0.4920198237450556,3.168
T846,U5459,20760.47,Payment,NetBanking,iOS,Bangalore,1062,13,1,1391.91,0,0.612,4,0,20760.47,,,1,1.0,2.448
T847,U8617,4313.22,Payment,Card,iOS,Chennai,1810,14,1,24634.36,0,0.049,5,0,21187.355,23863.630570314526,-0.7071067811865475,2,0.2035751985087331,0.245
T848,U1270,49843.87,Transfer,Card,Android,Chennai,1577,19,3,19610.61,0,0.044,9,1,28219.025,30582.149083216013,0.7071067811865476,2,1.7663214799235625,0.3959999999999999
T849,U9492,25134.64,Withdrawal,NetBanking,iOS,Bangalore,671,19,0,25251.62,0,0.499,2,0,22236.456666666665,11471.75201220081,0.2526365048905314,3,1.130334764066877,0.998
T850,U7928,29789.48,Withdrawal,UPI,Android,Chennai,1119,16,2,6999.13,0,0.9,5,0,29789.48,,,1,1.0,4.5
T851,U1959,3400.47,Transfer,NetBanking,Web,Delhi,67,2,4,25430.99,0,0.445,4,0,3400.47,,,1,1.0,1.78
T852,U8875,37510.53,Withdrawal,NetBanking,Android,Delhi,1090,22,0,13513.54,0,0.407,2,0,21786.71,22236.83949631332,0.7071067811865476,2,1.7217161287775895,0.814
T853,U7205,10534.78,Withdrawal,UPI,Android,Hyderabad,1003,3,2,4068.39,0,0.01,2,0,10534.78,,,1,1.0,0.02
T854,U9213,44907.81,Payment,Wallet,iOS,Chennai,1427,17,0,27052.54,0,0.733,9,0,22917.275,31099.312840840223,0.7071067811865476,2,1.9595615098217396,6.597
T855,U4500,10296.73,Payment,Wallet,Android,Bangalore,1058,23,1,21179.89,0,0.164,8,0,21089.985,15263.96760315122,-0.7071067811865476,2,0.4882284174218236,1.312
T856,U6493,9574.85,Payment,Card,Android,Hyderabad,199,0,4,5131.73,0,0.698,8,0,9574.85,,,1,1.0,5.584
T857,U5233,1875.66,Transfer,Wallet,iOS,Delhi,968,4,2,7470.5,0,0.349,8,0,1875.66,,,1,1.0,2.792
T858,U8520,23629.74,Withdrawal,NetBanking,Android,Hyderabad,85,17,1,8139.02,0,0.045,5,0,21658.085,2788.3412413207243,0.7071067811865486,2,1.091035518606562,0.2249999999999999
T859,U6418,28263.81,Withdrawal,UPI,iOS,Mumbai,380,12,3,28903.69,0,0.328,4,1,19308.050000000003,12665.357253358472,0.7071067811865472,2,1.4638355504569336,1.312
T860,U5593,3332.15,Payment,Card,Web,Chennai,908,13,3,26596.7,0,0.66,3,0,19877.59,23398.7856434303,-0.7071067811865476,2,0.1676335008419028,1.98
T861,U8441,38787.6,Payment,Wallet,Android,Bangalore,860,19,1,10455.72,0,0.768,2,0,26674.15,17131.00527712837,0.7071067811865472,2,1.454126935628689,1.536
T862,U3465,22691.78,Transfer,NetBanking,Web,Delhi,1770,2,2,14052.44,0,0.636,5,0,22509.885,257.23837592785344,0.7071067811865369,2,1.0080806721136069,3.18
T863,U7434,26243.29,Withdrawal,Card,Android,Hyderabad,515,22,2,8629.87,0,0.711,8,0,26243.29,,,1,1.0,5.688
T864,U3909,22066.1,Transfer,UPI,Android,Bangalore,1976,5,4,22305.19,0,0.236,5,0,22066.1,,,1,1.0,1.18
T865,U1730,20068.11,Withdrawal,Wallet,Web,Chennai,192,10,1,4920.15,0,0.965,7,0,22071.892,12080.44824305249,-0.1658698385759304,5,0.9092156666949984,6.755
T866,U4939,28004.03,Transfer,NetBanking,Web,Bangalore,163,8,3,10224.57,0,0.227,5,0,16010.195,16961.84412186511,0.7071067811865475,2,1.749137346546997,1.135
T867,U7472,7804.25,Payment,UPI,iOS,Chennai,1302,19,1,18222.52,0,0.17,9,0,7804.25,,,1,1.0,1.53
T868,U6720,9137.31,Transfer,NetBanking,iOS,Chennai,912,18,0,26332.6,0,0.25,8,0,9137.31,,,1,1.0,2.0
T869,U2285,43096.19,Transfer,NetBanking,Web,Chennai,1963,6,2,19102.95,0,0.972,8,0,26497.74,23473.753104371703,0.7071067811865475,2,1.626410025911644,7.776
T870,U3574,47308.47,Payment,NetBanking,Android,Hyderabad,1311,21,0,28197.82,1,0.065,1,0,47308.47,,,1,1.0,0.065
T871,U3492,18696.8,Withdrawal,UPI,iOS,Chennai,1373,20,3,27931.2,0,0.773,5,0,13872.86,6822.081372074069,0.7071067811865472,2,1.347724982447743,3.865
T872,U2464,13573.7,Withdrawal,Card,Android,Bangalore,1908,9,2,21577.15,1,0.105,9,0,29810.025,22961.631018097338,-0.7071067811865477,2,0.455340107899943,0.945
T873,U3261,32217.78,Payment,NetBanking,iOS,Mumbai,1056,6,3,8433.19,0,0.773,8,0,39938.065,10918.131752385569,-0.707106781186548,2,0.8066935641473867,6.184
T874,U7955,20466.27,Transfer,Card,iOS,Bangalore,1465,4,3,20524.06,0,0.277,1,0,16038.166666666666,7776.246781515703,0.5694396612848021,3,1.2760978499205022,0.277
T875,U9588,1318.05,Transfer,Card,iOS,Hyderabad,535,3,3,5862.86,0,0.727,9,0,21299.012,20106.313942830748,-0.9937655433418991,5,0.0618831521387001,6.543
T876,U5815,7849.82,Transfer,Wallet,Web,Chennai,615,16,4,10062.82,0,0.049,1,0,26276.885,26059.805237730576,-0.7071067811865475,2,0.2987348005671144,0.049
T877,U1192,35812.81,Withdrawal,Wallet,Android,Mumbai,1376,4,3,22761.19,0,0.335,5,1,35812.81,,,1,1.0,1.675
T878,U2623,32963.25,Transfer,Card,Web,Hyderabad,888,16,3,25533.89,0,0.465,1,0,33556.335,838.7488506400458,-0.7071067811865476,2,0.9823256920042072,0.465
T879,U3483,1403.44,Withdrawal,Wallet,iOS,Delhi,1085,16,0,12561.39,0,0.021,8,0,15718.0,20243.84489140341,-0.7071067811865475,2,0.0892887135767909,0.168
T880,U2466,11137.51,Transfer,Wallet,Web,Delhi,348,16,0,15750.76,1,0.181,2,0,11137.51,,,1,1.0,0.362
T881,U5027,11592.19,Payment,Card,Web,Delhi,1968,0,0,11645.37,0,0.169,6,0,19944.81333333333,17820.487391495033,-0.4687090285375522,3,0.5812132611251981,1.014
T882,U4392,33611.04,Payment,UPI,Web,Mumbai,1074,23,2,14431.08,0,0.481,2,1,25856.516666666663,6718.599866864624,1.154187403178714,3,1.2999059553652177,0.962
T883,U3606,1034.54,Withdrawal,Wallet,Android,Bangalore,1709,1,4,15423.38,0,0.133,2,0,26281.016666666663,23759.409927240056,-1.0625885383509333,3,0.0393645349843771,0.266
T884,U1044,5250.22,Withdrawal,Wallet,Web,Mumbai,527,22,2,20785.85,0,0.977,1,0,5250.22,,,1,1.0,0.977
T885,U6443,40005.81,Payment,UPI,Web,Mumbai,416,18,4,22540.68,0,0.887,6,0,40005.81,,,1,1.0,5.322
T886,U3029,8968.31,Payment,UPI,Web,Mumbai,147,8,4,29252.99,0,0.224,5,0,22206.03,18720.96315889757,-0.7071067811865474,2,0.4038682285847583,1.12
T887,U3109,32654.67,Transfer,UPI,Web,Delhi,1132,19,1,13185.78,0,0.234,4,0,18235.755,20391.425147704853,0.7071067811865477,2,1.7906947093772647,0.936
T888,U3317,11947.23,Payment,Card,Web,Bangalore,350,22,1,2585.88,0,0.947,4,0,18968.45,9929.504548405224,-0.7071067811865472,2,0.6298474572250238,3.788
T889,U8079,5017.1,Withdrawal,UPI,Web,Mumbai,1769,14,1,20676.17,0,0.3,9,0,5017.1,,,1,1.0,2.7
T890,U7590,12196.45,Payment,Card,Web,Bangalore,1349,18,4,14998.41,1,0.423,2,0,28938.619999999995,15001.416439366649,-1.1160392798686176,3,0.4214592817487497,0.846
T891,U6130,36127.23,Withdrawal,NetBanking,iOS,Chennai,551,4,4,25246.55,0,0.701,7,0,25079.965000000004,15623.191990129611,0.7071067811865475,2,1.4404816753133427,4.907
T892,U6434,42792.04,Withdrawal,NetBanking,Web,Mumbai,234,12,2,4481.68,0,0.344,5,0,42792.04,,,1,1.0,1.7199999999999998
T893,U9270,41519.48,Transfer,UPI,Web,Mumbai,1871,3,4,19382.93,0,0.902,9,0,32144.79333333333,12267.020610308497,0.7642187100255398,3,1.2916393510281292,8.118
T894,U1986,19889.32,Transfer,UPI,Android,Mumbai,270,12,3,13831.83,0,0.589,4,0,19889.32,,,1,1.0,2.356
T895,U7800,33420.85,Transfer,NetBanking,iOS,Chennai,1280,5,3,12637.16,0,0.567,6,0,33420.85,,,1,1.0,3.402
T896,U1065,10288.97,Transfer,Card,Web,Chennai,1112,11,4,16989.49,1,0.554,2,0,15618.765,7537.468373668312,-0.7071067811865474,2,0.658756950373477,1.108
T897,U7091,14692.73,Payment,Card,Android,Delhi,706,8,3,20557.06,1,0.112,1,0,14692.73,,,1,1.0,0.112
T898,U6225,44821.97,Transfer,UPI,Web,Hyderabad,820,14,4,25542.73,1,0.79,1,0,44821.97,,,1,1.0,0.79
T899,U2002,699.45,Payment,UPI,Web,Bangalore,1725,20,1,7129.84,0,0.572,4,0,5663.08,7019.632864601966,-0.7071067811865476,2,0.123510527839974,2.288
T900,U8399,4321.15,Transfer,UPI,Web,Hyderabad,482,14,4,8863.53,0,0.054,9,0,4321.15,,,1,1.0,0.486
T901,U9870,10433.92,Transfer,NetBanking,Web,Mumbai,86,16,1,16502.59,0,0.85,3,0,10433.92,,,1,1.0,2.55
T902,U2521,1375.28,Withdrawal,Wallet,Web,Mumbai,271,4,0,10462.06,0,0.729,3,0,1375.28,,,1,1.0,2.187
T903,U9811,9112.7,Payment,UPI,Android,Delhi,1774,4,3,17093.5,0,0.289,7,0,9112.7,,,1,1.0,2.023
T904,U1802,29172.93,Withdrawal,Card,Web,Hyderabad,1035,23,0,6084.51,0,0.286,8,0,14874.035,20221.69123594884,0.7071067811865475,2,1.9613326175446004,2.288
T905,U7577,21100.16,Transfer,Wallet,Android,Mumbai,26,4,3,9298.67,0,0.505,6,0,34392.055,18797.578178639127,-0.7071067811865477,2,0.6135184419773695,3.03
T906,U1586,44638.95,Payment,Card,Web,Hyderabad,353,20,0,9812.78,0,0.007,1,0,30794.9775,13229.758230331534,1.0464267191414178,4,1.449552934403021,0.007
T907,U7285,40881.31,Transfer,Wallet,Android,Delhi,1045,13,4,29770.39,0,0.81,6,0,40881.31,,,1,1.0,4.86
T908,U3730,17123.78,Withdrawal,NetBanking,iOS,Hyderabad,949,1,0,25645.02,0,0.942,8,0,23676.135,9266.429306483162,-0.7071067811865478,2,0.7232506488073327,7.536
T909,U5004,13008.2,Payment,Wallet,Web,Bangalore,703,8,3,25147.25,1,0.447,5,0,13008.2,,,1,1.0,2.235
T910,U8301,19015.64,Withdrawal,Card,iOS,Delhi,855,13,2,15455.74,0,0.537,8,0,12610.925,9057.634816134398,0.7071067811865476,2,1.5078703584392106,4.296
T911,U9761,29535.23,Transfer,Wallet,iOS,Hyderabad,1040,14,3,14058.76,0,0.81,1,0,29535.23,,,1,1.0,0.81
T912,U9520,13439.78,Transfer,NetBanking,iOS,Mumbai,255,3,2,2196.75,0,0.278,4,0,17457.775,5682.303022547283,-0.7071067811865478,2,0.7698449544687109,1.112
T913,U1759,31226.24,Transfer,Card,Web,Chennai,995,22,4,6000.06,0,0.492,9,0,34138.253333333334,8901.09425952974,-0.3271522858232465,3,0.9146994046561258,4.428
T914,U7134,20500.11,Payment,UPI,iOS,Chennai,1961,5,3,26870.87,0,0.111,5,0,32869.245,14397.356919412909,-0.8591253984487862,4,0.6236866712332455,0.555
T915,U5674,27624.76,Withdrawal,Wallet,Android,Delhi,1190,13,0,15816.68,0,0.702,3,0,27624.76,,,1,1.0,2.106
T916,U1401,21834.52,Withdrawal,Card,Web,Chennai,183,4,4,29624.4,0,0.793,3,0,33938.405,17117.47832440427,-0.7071067811865475,2,0.6433572821115194,2.379
T917,U8752,14758.56,Transfer,Wallet,iOS,Bangalore,1520,10,3,17794.46,0,0.067,9,0,14758.56,,,1,1.0,0.603
T918,U3681,47425.24,Withdrawal,NetBanking,Web,Delhi,1874,20,4,11386.86,0,0.882,1,0,24869.09,31899.213244921888,0.7071067811865475,2,1.9069953906636712,0.882
T919,U1342,38192.11,Payment,Card,iOS,Mumbai,855,13,2,8295.89,0,0.375,6,0,38192.11,,,1,1.0,2.25
T920,U3737,7048.65,Transfer,UPI,Android,Mumbai,702,6,4,27558.95,0,0.922,6,0,4507.46,3593.7853625668854,0.7071067811865475,2,1.5637742764217542,5.532
T921,U3137,43429.98,Transfer,UPI,Web,Delhi,1018,13,0,11184.9,0,0.9,8,0,43429.98,,,1,1.0,7.2
T922,U2330,24397.19,Transfer,Wallet,Web,Chennai,290,12,3,4469.63,0,0.791,8,0,24397.19,,,1,1.0,6.328
T923,U1317,44732.88,Payment,NetBanking,iOS,Chennai,1342,17,2,8419.94,0,0.83,1,0,29376.295,21717.490778735235,0.7071067811865475,2,1.5227543160224937,0.83
T924,U7407,40002.77,Transfer,NetBanking,Android,Mumbai,999,1,4,19404.13,1,0.289,7,0,41938.215,2737.1325682272022,-0.7071067811865456,2,0.9538500863711056,2.023
T925,U4709,21289.41,Transfer,Wallet,Web,Bangalore,246,8,1,4077.01,0,0.367,1,0,34016.225,17998.434378813345,-0.7071067811865474,2,0.6258604533571848,0.367
T926,U5789,1172.34,Transfer,Card,iOS,Chennai,166,10,2,2837.83,1,0.24,8,0,23295.77,19160.611521913903,-1.1546306846572998,3,0.0503241575616517,1.92
T927,U5456,13470.43,Transfer,Card,Android,Bangalore,1284,19,2,13783.04,0,0.355,5,0,23616.1425,13429.523569907147,-0.7554782153802158,4,0.5703907824912557,1.775
T928,U2480,27104.63,Withdrawal,Wallet,Android,Chennai,1032,10,0,2601.19,0,0.562,2,0,36099.12,12720.12974462918,-0.7071067811865477,2,0.7508390786257393,1.124
T929,U7156,31692.24,Transfer,Card,Android,Delhi,1254,5,0,11848.85,0,0.864,3,0,31692.24,,,1,1.0,2.592
T930,U4688,12931.49,Payment,Card,Android,Hyderabad,347,0,4,9749.48,0,0.547,9,0,12931.49,,,1,1.0,4.923
T931,U6902,7010.84,Transfer,Card,Web,Mumbai,1256,4,1,11805.17,0,0.697,2,0,20142.296666666665,22681.79125198522,-0.5789426646591387,3,0.3480655714699201,1.394
T932,U3950,41754.77,Transfer,Wallet,Web,Delhi,1244,21,2,14684.87,0,0.136,4,0,34395.85,10407.084468418614,0.7071067811865476,2,1.2139479035988352,0.544
T933,U9414,49220.89,Withdrawal,UPI,Android,Chennai,346,13,4,5641.34,0,0.94,7,0,44572.82,6573.363632859511,0.7071067811865476,2,1.104280366375742,6.58
T934,U4114,26308.22,Transfer,NetBanking,iOS,Mumbai,1167,15,1,13328.49,0,0.583,8,0,20413.92,7493.878366373451,0.7865486616981824,3,1.288739252431674,4.664
T935,U9919,8625.38,Withdrawal,UPI,iOS,Hyderabad,1877,8,4,10909.42,0,0.776,3,1,8625.38,,,1,1.0,2.3280000000000003
T936,U1941,13651.75,Payment,Card,Android,Hyderabad,1967,18,2,23884.66,0,0.999,9,0,8548.063333333334,7382.827480717217,0.6912916060949131,3,1.5970576571145354,8.991
T937,U3277,968.61,Withdrawal,Wallet,Android,Chennai,780,19,4,20871.21,0,0.86,8,0,968.61,,,1,1.0,6.88
T938,U7575,45719.23,Transfer,NetBanking,iOS,Mumbai,504,7,0,26189.0,1,0.504,6,0,21695.4425,18424.53635834812,1.3039018748015812,4,2.107319544185375,3.024
T939,U4055,5931.67,Payment,Card,Android,Chennai,556,7,0,20103.39,0,0.868,8,0,14833.473333333332,18105.53813380407,-0.4916619029794623,3,0.3998840909816132,6.944
T940,U5308,28847.0,Transfer,NetBanking,Android,Hyderabad,1216,15,3,3720.44,0,0.659,8,0,24316.02333333333,4825.978514191017,0.938872117508007,3,1.186337075127553,5.272
T941,U9590,13739.06,Withdrawal,NetBanking,Web,Delhi,1848,17,1,15261.6,0,0.73,3,0,22446.2,12313.755477481272,-0.7071067811865476,2,0.6120884604075523,2.19
T942,U3640,27731.19,Payment,UPI,Web,Delhi,170,7,2,22299.84,0,0.637,7,0,27213.785,731.7211682396496,0.7071067811865475,2,1.0190126070298564,4.459
T943,U5398,32588.45,Payment,Card,Android,Bangalore,614,22,1,25266.19,0,0.288,8,0,32588.45,,,1,1.0,2.304
T944,U4278,41495.6,Withdrawal,NetBanking,Android,Hyderabad,396,8,0,5520.14,0,0.334,6,0,41495.6,,,1,1.0,2.004
T945,U3527,10360.74,Withdrawal,UPI,Web,Hyderabad,1230,4,2,6782.73,0,0.558,6,0,10360.74,,,1,1.0,3.3480000000000003
T946,U2134,599.24,Payment,Wallet,Android,Chennai,1860,1,3,25881.0,1,0.874,7,0,599.24,,,1,1.0,6.118
T947,U9125,6887.44,Payment,NetBanking,Web,Bangalore,1751,20,0,14613.59,0,0.453,4,0,6887.44,,,1,1.0,1.812
T948,U2963,45005.93,Withdrawal,Card,Web,Bangalore,1517,13,0,13627.45,0,0.541,9,0,33799.035,15848.94290109123,0.7071067811865472,2,1.3315744073758318,4.869000000000001
T949,U4572,43700.81,Transfer,Wallet,iOS,Mumbai,1535,17,1,14874.04,1,0.369,3,0,43700.81,,,1,1.0,1.107
T950,U5201,29890.78,Payment,NetBanking,Web,Chennai,997,12,4,5282.65,0,0.018,7,0,24385.62,7785.471935033868,0.7071067811865475,2,1.225754358511287,0.126
T951,U6187,30045.82,Withdrawal,NetBanking,iOS,Delhi,1522,11,1,18866.33,0,0.644,9,0,30045.82,,,1,1.0,5.796
T952,U8879,33268.58,Transfer,Card,iOS,Mumbai,1385,14,0,24258.41,0,0.566,8,0,19527.34,19433.047971823667,0.7071067811865477,2,1.7036923615812498,4.528
T953,U1838,8809.8,Payment,NetBanking,Web,Bangalore,1563,20,1,25128.13,0,0.978,7,1,10983.55,3074.146731208516,-0.7071067811865475,2,0.8020903988236954,6.846
T954,U1896,45724.88,Payment,Card,Android,Delhi,243,14,4,1008.31,0,0.508,5,0,45724.88,,,1,1.0,2.54
T955,U4730,20967.59,Withdrawal,Card,Web,Hyderabad,1927,22,3,21484.16,0,0.535,2,0,25159.34,5928.029700077421,-0.7071067811865476,2,0.833391893428047,1.07
T956,U7776,19187.77,Transfer,Card,iOS,Chennai,1878,22,2,2827.62,0,0.282,2,0,28018.64333333333,13156.03283699662,-0.6712413569309184,3,0.6848215230026009,0.564
T957,U7114,25969.94,Payment,Card,Web,Bangalore,1611,0,0,29009.39,0,0.1,4,0,26564.99333333333,4901.117725033071,-0.1214117608916072,3,0.9776000947613012,0.4
T958,U7125,2395.95,Transfer,NetBanking,Web,Hyderabad,1789,21,1,14519.0,0,0.708,5,0,5182.02,3940.097979720809,-0.7071067811865477,2,0.4623583081501035,3.54
T959,U2380,8355.85,Transfer,Wallet,iOS,Bangalore,1442,6,0,23284.91,0,0.808,4,0,16375.11,11340.946252196063,-0.7071067811865476,2,0.5102774882122929,3.232
T960,U3540,36914.78,Payment,Wallet,Web,Delhi,1309,12,2,18693.55,0,0.87,2,0,35280.630000000005,2311.0370929519927,0.7071067811865451,2,1.0463186173262775,1.74
T961,U1965,4185.79,Transfer,UPI,Web,Mumbai,720,17,1,28562.9,1,0.404,4,0,12949.443333333336,8434.283537119993,-1.0390513070569372,3,0.3232409218105385,1.616
T962,U2826,30177.45,Payment,Card,iOS,Delhi,468,0,3,29212.37,0,0.704,5,0,30177.45,,,1,1.0,3.52
T963,U5902,12305.19,Transfer,NetBanking,Android,Chennai,1486,10,2,8438.5,0,0.263,4,0,12305.19,,,1,1.0,1.052
T964,U7989,19495.32,Payment,NetBanking,iOS,Chennai,422,12,4,14537.78,0,0.253,6,1,29837.75333333333,11652.416468322495,-0.8875784144387218,3,0.6533776113170273,1.518
T965,U4380,14470.25,Withdrawal,UPI,iOS,Bangalore,1051,19,4,15176.79,0,0.996,7,0,6568.41,6846.415904639449,1.1541571692490002,3,2.2030065114692903,6.972
T966,U9573,17815.85,Payment,Wallet,Web,Delhi,81,8,0,5413.16,0,0.849,5,0,19543.575,2443.3721270510573,-0.7071067811865465,2,0.9115962662921192,4.245
T967,U5396,35966.34,Payment,NetBanking,iOS,Mumbai,1700,15,4,27127.74,0,0.256,9,1,35966.34,,,1,1.0,2.3040000000000003
T968,U5050,14891.23,Payment,UPI,Web,Chennai,387,10,1,10553.23,0,0.433,4,0,14891.23,,,1,1.0,1.732
T969,U4810,28341.91,Transfer,Wallet,Web,Mumbai,691,2,4,2714.96,0,0.565,2,0,40062.77333333334,10447.096277580356,-1.1219254634885014,3,0.7074375446798823,1.13
T970,U3427,23828.72,Withdrawal,NetBanking,Web,Hyderabad,843,16,3,4720.53,1,0.013,8,0,32240.315,11895.791730189716,-0.7071067811865476,2,0.7390969970361642,0.104
T971,U5957,33200.37,Transfer,Card,iOS,Bangalore,1388,1,1,15447.79,0,0.959,4,0,33200.37,,,1,1.0,3.836
T972,U9267,46844.65,Transfer,UPI,iOS,Mumbai,1827,8,0,26462.39,0,0.109,4,0,42027.385,6812.641496545227,0.7071067811865476,2,1.1146220494089747,0.436
T973,U6391,36641.98,Payment,NetBanking,Web,Bangalore,160,8,0,18883.74,0,0.817,3,0,24658.815,16946.75446315459,0.7071067811865476,2,1.485958672385514,2.451
T974,U3285,10786.27,Transfer,UPI,Android,Hyderabad,1294,15,4,6523.46,0,0.976,9,1,10786.27,,,1,1.0,8.783999999999999
T975,U9310,1607.6,Payment,UPI,Android,Mumbai,1113,0,4,8974.41,0,0.704,4,0,15996.725,20349.29572568176,-0.7071067811865475,2,0.1004955701870226,2.816
T976,U9841,13150.09,Withdrawal,UPI,iOS,Mumbai,1139,16,0,29283.15,0,0.967,2,0,13150.09,,,1,1.0,1.934
T977,U2143,29774.14,Transfer,Card,Web,Hyderabad,1556,9,1,1680.18,0,0.02,1,0,17956.175,16713.126382650553,0.7071067811865476,2,1.6581560382431113,0.02
T978,U8961,2618.72,Transfer,Wallet,Web,Delhi,1436,19,2,29830.72,0,0.355,1,0,18267.815,22131.16238786499,-0.7071067811865476,2,0.1433515721502544,0.355
T979,U6798,24843.49,Transfer,Wallet,iOS,Mumbai,729,4,0,27185.14,0,0.476,8,0,24843.49,,,1,1.0,3.808
T980,U2394,29862.3,Payment,NetBanking,Android,Mumbai,1941,7,3,20386.65,0,0.783,1,0,32329.215,3488.7446502216235,-0.7071067811865468,2,0.9236939406044966,0.783
T981,U3954,16745.48,Payment,Card,iOS,Chennai,139,12,1,28301.75,0,0.655,5,0,16745.48,,,1,1.0,3.2750000000000004
T982,U6039,38557.06,Transfer,Wallet,iOS,Delhi,1204,20,2,4658.79,1,0.736,8,0,38793.16,333.89582207628825,-0.7071067811865639,2,0.9939138755388836,5.888
T983,U3635,5374.58,Transfer,NetBanking,Web,Mumbai,415,4,2,28283.42,0,0.145,7,0,5374.58,,,1,1.0,1.015
T984,U9010,3803.13,Withdrawal,NetBanking,iOS,Hyderabad,1955,3,1,6455.99,0,0.845,7,0,3803.13,,,1,1.0,5.915
T985,U5593,36423.03,Withdrawal,UPI,Android,Bangalore,1066,7,0,16431.77,1,0.822,8,0,19877.59,23398.7856434303,0.7071067811865476,2,1.832366499158097,6.576
T986,U3819,24799.79,Withdrawal,Card,iOS,Hyderabad,545,22,2,14713.98,0,0.769,3,0,28000.525,4526.522846562245,-0.7071067811865482,2,0.8856901790234291,2.307
T987,U6702,34435.7,Withdrawal,Wallet,Web,Delhi,206,6,3,15422.5,0,0.818,5,0,34435.7,,,1,1.0,4.09
T988,U5488,21769.63,Withdrawal,Card,Android,Chennai,926,4,1,8094.65,0,0.214,2,0,31762.86,14132.561397913682,-0.7071067811865477,2,0.6853800318988907,0.428
T989,U2965,12357.78,Payment,Card,Web,Chennai,1079,9,4,23441.1,1,0.14,5,0,20059.09333333333,6921.78928587351,-1.1126188641787655,3,0.6160687222818978,0.7000000000000001
T990,U5592,40964.16,Withdrawal,Wallet,iOS,Chennai,283,16,0,22303.24,0,0.895,5,0,40964.16,,,1,1.0,4.475
T991,U9780,39980.82,Withdrawal,Wallet,iOS,Hyderabad,1776,5,1,28623.56,0,0.957,2,0,39980.82,,,1,1.0,1.914
T992,U8076,34750.09,Transfer,Card,iOS,Bangalore,142,9,3,15259.03,0,0.424,6,0,34750.09,,,1,1.0,2.544
T993,U9103,13643.65,Payment,NetBanking,Web,Bangalore,273,15,2,16487.95,0,0.447,1,0,22763.120000000003,8759.046745066878,-1.04114868494521,4,0.5993752174570093,0.447
T994,U5629,29532.02,Withdrawal,Card,iOS,Mumbai,1630,21,0,27110.85,0,0.741,8,0,29173.046666666665,12977.224227103936,0.0276617963172426,3,1.0123049655195424,5.928
T995,U2917,18080.65,Withdrawal,Wallet,Android,Bangalore,376,9,0,27591.24,0,0.495,1,0,18080.65,,,1,1.0,0.495
T996,U3116,4624.52,Withdrawal,Card,Android,Bangalore,834,3,1,19521.15,0,0.314,3,0,4624.52,,,1,1.0,0.942
T997,U2909,45869.81,Transfer,Wallet,Web,Mumbai,14,1,1,24629.81,0,0.19,1,0,45869.81,,,1,1.0,0.19
T998,U4203,6884.09,Transfer,NetBanking,Web,Hyderabad,278,0,3,15203.68,0,0.023,2,0,12435.486666666666,5741.447510448331,-0.9668984444365624,3,0.5535842854025818,0.046
T999,U7659,47514.36,Transfer,Card,Web,Hyderabad,860,2,4,11707.05,0,0.588,7,0,41247.52,8862.65012122221,0.7071067811865469,2,1.1519325283071562,4.116
T1000,U3465,22327.99,Withdrawal,NetBanking,iOS,Delhi,742,12,1,25935.64,1,0.142,7,0,22509.885,257.23837592785344,-0.7071067811865511,2,0.991919327886393,0.994
T1001,U1509,9297.39,Transfer,Card,Android,Hyderabad,1739,11,1,23340.43,0,0.858,5,0,9297.39,,,1,1.0,4.29
T1002,U1383,27117.95,Withdrawal,Card,Android,Chennai,1454,0,1,7348.11,0,0.983,5,0,27117.95,,,1,1.0,4.915
T1003,U5692,43653.64,Payment,Wallet,Android,Chennai,1379,20,3,1524.59,0,0.458,7,0,43653.64,,,1,1.0,3.206
T1004,U2130,36624.63,Withdrawal,UPI,Web,Delhi,1958,9,2,17011.43,0,0.116,5,0,36624.63,,,1,1.0,0.5800000000000001
T1005,U3899,40337.73,Transfer,Wallet,Web,Bangalore,78,5,4,25264.33,0,0.583,8,0,40337.73,,,1,1.0,4.664
T1006,U4238,32956.23,Payment,Card,iOS,Delhi,809,8,3,7491.32,1,0.574,3,0,38132.355,7320.146175538436,-0.7071067811865476,2,0.8642589737769933,1.722
T1007,U3560,34629.21,Withdrawal,UPI,Web,Mumbai,367,0,1,23045.12,0,0.133,2,0,34629.21,,,1,1.0,0.266
T1008,U5693,42467.32,Payment,UPI,Android,Delhi,1721,11,2,12478.82,0,0.647,4,0,42467.32,,,1,1.0,2.588
T1009,U7010,12520.92,Payment,NetBanking,iOS,Delhi,1419,4,1,10137.69,0,0.316,7,0,15580.485,4326.878317962038,-0.7071067811865478,2,0.8036283851240831,2.212
T1010,U4476,24496.78,Payment,Card,Web,Chennai,334,0,3,5267.21,0,0.845,9,0,24496.78,,,1,1.0,7.604999999999999
T1011,U5559,11099.41,Withdrawal,Wallet,Web,Mumbai,760,1,0,28035.38,0,0.588,3,0,11099.41,,,1,1.0,1.7639999999999998
T1012,U6477,49384.02,Transfer,UPI,Android,Mumbai,1514,13,1,6848.37,0,0.433,3,0,44892.6,6351.827078313764,0.7071067811865476,2,1.1000481148340706,1.299
T1013,U8166,47205.76,Withdrawal,UPI,iOS,Delhi,1212,1,2,8447.74,0,0.963,7,0,45736.72,2077.5362916685726,0.7071067811865476,2,1.032119487361577,6.741
T1014,U7292,2019.37,Transfer,Wallet,Web,Mumbai,265,4,4,10011.49,0,0.491,1,0,14442.74,17569.298344379036,-0.7071067811865476,2,0.1398190371079171,0.491
T1015,U7347,35293.48,Withdrawal,Wallet,Web,Mumbai,428,9,0,8611.39,0,0.887,7,1,29036.040000000005,19469.77145945221,0.3213925758210236,3,1.2155059711999294,6.209
T1016,U8243,46266.15,Withdrawal,UPI,iOS,Hyderabad,220,19,1,4970.88,0,0.264,2,0,46266.15,,,1,1.0,0.528
T1017,U8954,9069.74,Withdrawal,Wallet,iOS,Mumbai,920,5,1,10698.06,0,0.442,1,0,9069.74,,,1,1.0,0.442
T1018,U4738,28418.86,Transfer,NetBanking,Web,Bangalore,1772,4,2,14206.01,0,0.084,9,0,30685.655,3205.732232119517,-0.7071067811865476,2,0.9261285118404676,0.756
T1019,U9440,45778.64,Withdrawal,UPI,Web,Mumbai,593,1,0,16598.0,0,0.423,1,0,45778.64,,,1,1.0,0.423
T1020,U6894,1745.6,Payment,NetBanking,Android,Chennai,1400,8,0,4779.34,0,0.894,8,0,1745.6,,,1,1.0,7.152
T1021,U1215,34886.14,Withdrawal,Card,iOS,Hyderabad,586,9,0,23404.47,1,0.829,7,0,39494.215,6516.802161432403,-0.7071067811865467,2,0.8833227853750227,5.803
T1022,U2152,14902.58,Payment,NetBanking,Web,Chennai,175,7,1,9414.73,0,0.976,9,0,29606.29,20794.186099200902,-0.7071067811865476,2,0.5033585768429614,8.783999999999999
T1023,U9343,46223.59,Transfer,Wallet,Web,Chennai,223,5,0,27546.67,0,0.75,5,0,23412.3,32260.03569322576,0.7071067811865475,2,1.974329305535979,3.75
T1024,U6588,48554.36,Transfer,UPI,Web,Bangalore,538,4,1,9953.62,1,0.271,3,0,32499.036,19647.81283893273,0.817155788871619,5,1.4940246227611182,0.8130000000000001
T1025,U5954,47216.11,Withdrawal,NetBanking,Web,Hyderabad,1881,20,1,25900.08,0,0.161,1,0,41415.605,8203.152839612949,0.7071067811865481,2,1.1400560247761684,0.161
T1026,U7902,23737.0,Withdrawal,Wallet,Android,Delhi,1206,17,0,10640.72,0,0.18,2,0,20958.995000000003,3928.69234734027,0.7071067811865469,2,1.1325447618075195,0.36
T1027,U5094,43109.03,Withdrawal,Wallet,iOS,Mumbai,1162,19,3,15224.4,0,0.661,6,0,41050.46,5489.127995565419,0.3750267805128768,3,1.0501473065100857,3.966
T1028,U5839,42235.24,Payment,NetBanking,Web,Bangalore,12,17,4,11233.41,1,0.382,8,0,38653.58,5065.232147809222,0.7071067811865465,2,1.0926604987170656,3.056
T1029,U7259,15989.07,Transfer,UPI,iOS,Bangalore,904,1,4,11674.15,1,0.414,9,0,15989.07,,,1,1.0,3.726
T1030,U5908,41454.33,Payment,NetBanking,iOS,Delhi,905,11,3,18595.61,0,0.861,8,0,41454.33,,,1,1.0,6.888
T1031,U1808,1898.53,Payment,Card,Web,Bangalore,1793,7,0,20818.56,0,0.727,2,0,9884.18,11293.414534364709,-0.7071067811865476,2,0.1920776432642869,1.454
T1032,U6197,29833.68,Withdrawal,NetBanking,Web,Delhi,1103,3,1,26127.16,0,0.209,1,0,22872.645,9844.390105153798,0.7071067811865475,2,1.3043388729200318,0.209
T1033,U8140,11538.94,Withdrawal,NetBanking,Web,Delhi,61,19,2,17114.67,0,0.171,4,0,11538.94,,,1,1.0,0.684
T1034,U7328,6072.32,Payment,UPI,Android,Delhi,446,22,3,6583.64,0,0.822,5,0,6072.32,,,1,1.0,4.109999999999999
T1035,U3103,3893.81,Payment,NetBanking,Web,Bangalore,1411,3,4,29688.44,0,0.954,6,0,9012.815,7239.366296855685,-0.7071067811865477,2,0.4320303922803252,5.724
T1036,U5094,34829.62,Withdrawal,Wallet,iOS,Delhi,1031,8,4,20544.83,0,0.185,4,0,41050.46,5489.127995565419,-1.1333020481624252,3,0.8484587018026108,0.74
T1037,U7078,17026.75,Withdrawal,UPI,iOS,Bangalore,1804,8,1,11305.09,0,0.952,5,0,17026.75,,,1,1.0,4.76
T1038,U4754,36252.1,Payment,Wallet,Android,Hyderabad,1784,11,4,29049.31,0,0.43,8,1,36252.1,,,1,1.0,3.44
T1039,U7737,3314.55,Withdrawal,UPI,Web,Delhi,103,13,4,28758.36,0,0.906,3,0,3314.55,,,1,1.0,2.718
T1040,U4129,15798.75,Withdrawal,Card,Web,Bangalore,1592,2,1,2478.22,0,0.751,1,0,15798.75,,,1,1.0,0.751
T1041,U1662,26997.59,Payment,Card,Android,Bangalore,596,5,0,692.79,0,0.905,9,0,28847.196666666667,11322.299347413198,-0.1633596330492044,3,0.9358826201367458,8.145
T1042,U4418,39546.62,Payment,Card,Android,Bangalore,612,14,4,1429.25,0,0.645,9,0,32870.0,9442.166554811454,0.7071067811865478,2,1.2031219957407973,5.805
T1043,U9169,15971.69,Transfer,NetBanking,Web,Mumbai,95,22,0,20590.9,0,0.157,2,0,17671.355,2403.6892944908677,-0.7071067811865469,2,0.9038180716758846,0.314
T1044,U9103,31313.27,Payment,Card,Web,Mumbai,527,18,2,21355.28,0,0.06,3,0,22763.120000000003,8759.046745066878,0.9761507443507444,4,1.3756141513114193,0.18
T1045,U5146,44304.59,Withdrawal,UPI,iOS,Delhi,751,3,0,21748.43,0,0.627,8,0,29920.395,20342.323652819257,0.7071067811865477,2,1.4807488336968817,5.016
T1046,U1056,30812.37,Payment,Card,Web,Hyderabad,439,0,1,18944.16,0,0.058,3,0,19855.595,15495.219804870469,0.7071067811865474,2,1.5518230503795023,0.174
T1047,U9564,11686.33,Payment,UPI,Web,Delhi,872,8,1,8636.19,0,0.236,3,0,11686.33,,,1,1.0,0.708
T1048,U8851,1268.82,Payment,Wallet,iOS,Chennai,838,22,1,5097.15,0,0.206,6,0,1268.82,,,1,1.0,1.236
T1049,U4984,43511.44,Transfer,NetBanking,iOS,Chennai,52,15,4,27842.96,1,0.427,6,0,42122.07,1964.865897154311,0.7071067811865475,2,1.0329843713758609,2.562
T1050,U5250,1112.41,Transfer,Wallet,iOS,Hyderabad,1857,22,3,27402.89,0,0.597,7,0,12030.53,15440.553379616937,-0.7071067811865476,2,0.0924655854729592,4.179
T1051,U6483,43741.35,Withdrawal,Wallet,iOS,Hyderabad,1743,8,4,7350.33,0,0.911,4,0,23672.79,28381.2297292982,0.7071067811865475,2,1.8477479840779223,3.644
T1052,U4807,26470.41,Transfer,Card,Android,Hyderabad,1403,11,0,5121.32,0,0.936,5,0,18584.86333333333,7281.7395625312865,1.0829207223013462,3,1.424299416424729,4.680000000000001
T1053,U6824,46956.43,Payment,Card,iOS,Mumbai,413,13,2,11322.7,0,0.982,3,0,27074.67,28117.054635846907,0.7071067811865476,2,1.734330649274765,2.946
T1054,U1898,39949.22,Transfer,Card,Android,Mumbai,1336,14,2,1547.36,0,0.764,2,0,39949.22,,,1,1.0,1.528
T1055,U2115,49896.81,Payment,Wallet,iOS,Chennai,1215,21,2,4947.96,0,0.921,3,0,39315.7475,19196.209610771904,0.5512058221151359,4,1.269130391072941,2.763
T1056,U8449,17568.06,Transfer,NetBanking,iOS,Hyderabad,178,23,2,11470.94,0,0.791,3,0,17568.06,,,1,1.0,2.373
T1057,U9743,38371.06,Transfer,NetBanking,iOS,Bangalore,212,20,3,7238.44,0,0.911,2,0,33293.755,7180.393591304724,0.7071067811865479,2,1.1525002211375677,1.822
T1058,U6625,20126.45,Transfer,Wallet,Web,Chennai,715,15,2,22130.93,0,0.104,1,0,28842.945,12326.985445357272,-0.7071067811865474,2,0.6977945559997428,0.104
T1059,U8677,24019.79,Payment,NetBanking,Android,Hyderabad,552,7,4,27158.29,0,0.962,3,0,24019.79,,,1,1.0,2.886
T1060,U9049,31393.9,Transfer,Wallet,iOS,Bangalore,111,9,2,27283.29,0,0.235,1,0,26325.406666666662,16541.066452421786,0.3064187758336014,3,1.1925323850647702,0.235
T1061,U4505,43690.17,Payment,Wallet,Web,Hyderabad,1609,13,1,18167.91,0,0.568,8,0,41710.87333333333,6706.433700308484,0.2951340093879739,3,1.0474527745043618,4.544
T1062,U6983,49204.97,Payment,NetBanking,Android,Delhi,355,16,0,21134.34,0,0.517,5,0,49204.97,,,1,1.0,2.585
T1063,U2041,38425.26,Withdrawal,UPI,Android,Bangalore,612,2,4,14871.54,0,0.564,6,0,38425.26,,,1,1.0,3.3839999999999995
T1064,U2881,20917.45,Transfer,UPI,Web,Delhi,451,3,3,4485.96,0,0.702,7,0,10861.115,14221.80534476724,0.7071067811865476,2,1.925902635226678,4.914
T1065,U9274,21096.78,Withdrawal,Card,Android,Mumbai,259,15,4,19087.57,1,0.54,7,0,15478.96,7944.797234970821,0.7071067811865475,2,1.3629326518060645,3.78
T1066,U8397,36892.24,Withdrawal,NetBanking,Web,Chennai,1216,13,1,10563.62,0,0.689,4,0,31314.125,7888.645885476795,0.7071067811865475,2,1.1781341487268124,2.756
T1067,U8407,11976.92,Payment,Card,iOS,Hyderabad,1335,23,2,273.23,0,0.534,6,0,17565.265,7903.113290219873,-0.7071067811865475,2,0.6818525083453054,3.204
T1068,U3347,5568.18,Transfer,Wallet,Web,Chennai,887,13,2,17291.12,0,0.012,8,0,7334.14,2497.444582608391,-0.7071067811865475,2,0.7592137592137592,0.096
T1069,U9451,17763.38,Payment,UPI,Android,Hyderabad,1896,15,3,6031.23,1,0.627,6,0,14122.245,5149.34249943136,0.7071067811865475,2,1.2578297572376065,3.762
T1070,U3728,14397.59,Payment,NetBanking,Android,Delhi,1313,7,0,26606.52,0,0.555,7,0,7999.72,9047.954524299954,0.7071067811865475,2,1.799761741660958,3.885
T1071,U4816,14850.59,Transfer,NetBanking,iOS,Bangalore,1750,17,2,28024.95,1,0.586,3,1,10739.816666666668,8954.738667551015,0.4590612284677166,3,1.3827601029812735,1.758
T1072,U7051,11718.71,Payment,NetBanking,Web,Bangalore,1122,6,3,4948.97,0,0.002,9,0,11718.71,,,1,1.0,0.018
T1073,U9215,2152.55,Transfer,UPI,iOS,Hyderabad,1838,2,2,979.44,1,0.469,2,0,2152.55,,,1,1.0,0.938
T1074,U3051,942.8,Transfer,Card,Web,Delhi,1458,5,4,220.93,0,0.875,8,0,942.8,,,1,1.0,7.0
T1075,U4920,49386.73,Payment,UPI,Web,Hyderabad,1954,19,3,27400.0,0,0.333,8,0,49386.73,,,1,1.0,2.664
T1076,U7871,21417.27,Payment,Card,Web,Hyderabad,1318,15,3,4645.36,0,0.445,2,0,21417.27,,,1,1.0,0.89
T1077,U2887,19247.12,Withdrawal,Wallet,iOS,Hyderabad,680,21,3,13116.44,0,0.122,9,0,19247.12,,,1,1.0,1.098
T1078,U2488,33998.38,Payment,Wallet,iOS,Bangalore,1908,3,2,1809.12,1,0.45,3,0,33998.38,,,1,1.0,1.35
T1079,U2010,10951.78,Transfer,Card,Android,Hyderabad,1163,18,3,11263.04,0,0.396,6,0,21174.155,14456.621364663666,-0.7071067811865475,2,0.5172239458906389,2.3760000000000003
T1080,U6238,47500.56,Withdrawal,Wallet,iOS,Bangalore,257,1,4,23584.2,0,0.883,4,0,47500.56,,,1,1.0,3.532
T1081,U5346,39327.93,Transfer,Wallet,Web,Mumbai,661,3,0,12259.39,0,0.035,5,0,23419.77,22497.53562440117,0.7071067811865476,2,1.6792620081239056,0.175
T1082,U4733,4516.08,Withdrawal,NetBanking,Web,Delhi,910,1,0,23289.85,0,0.951,3,0,4516.08,,,1,1.0,2.853
T1083,U6465,20908.16,Payment,NetBanking,Web,Mumbai,1222,6,1,20696.29,0,0.576,8,0,16181.655,6684.287473624246,0.7071067811865477,2,1.292090333158135,4.608
T1084,U8566,43961.96,Payment,UPI,iOS,Hyderabad,100,14,4,15567.51,0,0.53,8,0,43961.96,,,1,1.0,4.24
T1085,U8607,47239.36,Payment,UPI,Android,Bangalore,577,16,4,22157.52,0,0.886,7,0,38295.06,12649.150365933674,0.7071067811865478,2,1.233562762403297,6.202
T1086,U3480,23396.71,Transfer,UPI,iOS,Delhi,1771,13,3,26385.51,0,0.191,7,0,23396.71,,,1,1.0,1.337
T1087,U9178,30689.9,Withdrawal,NetBanking,Android,Chennai,1879,10,1,23811.04,0,0.209,2,0,30689.9,,,1,1.0,0.418
T1088,U7515,8393.35,Transfer,UPI,iOS,Delhi,1872,16,4,20782.72,1,0.874,6,0,11500.91,4394.753497888134,-0.7071067811865476,2,0.729798772444963,5.244
T1089,U7181,49558.87,Withdrawal,UPI,Web,Delhi,1198,4,4,21084.48,0,0.929,4,1,49558.87,,,1,1.0,3.716
T1090,U7332,11622.0,Payment,NetBanking,Android,Hyderabad,557,22,4,4916.84,0,0.838,9,0,30859.726666666666,18028.173298482943,-1.0670923974469175,3,0.3766073538348471,7.542
T1091,U7512,47139.45,Transfer,Card,iOS,Mumbai,1363,13,2,28525.09,0,0.041,5,0,47139.45,,,1,1.0,0.205
T1092,U1764,32499.85,Payment,NetBanking,Web,Mumbai,1574,16,4,6249.36,0,0.652,6,0,36330.495,5417.350111636688,-0.7071067811865465,2,0.8945611668654667,3.912
T1093,U9719,30406.45,Transfer,Card,Android,Chennai,89,19,2,10533.67,0,0.451,7,0,30406.45,,,1,1.0,3.157
T1094,U6591,25658.79,Payment,NetBanking,Android,Hyderabad,943,20,4,15587.8,0,0.808,2,0,26078.95,13740.91269924236,-0.0305772992810853,4,0.9838889219082824,1.616
T1095,U2117,11571.96,Transfer,UPI,Web,Delhi,990,1,0,3872.81,0,0.158,1,0,26917.875,21702.401120024715,-0.7071067811865476,2,0.4298987197169167,0.158
T1096,U3185,8867.58,Transfer,Wallet,Web,Mumbai,879,6,2,17847.92,0,0.92,6,0,8867.58,,,1,1.0,5.5200000000000005
T1097,U2433,11063.29,Withdrawal,Wallet,iOS,Mumbai,178,3,2,5562.09,0,0.335,9,0,11063.29,,,1,1.0,3.015
T1098,U8662,9362.59,Payment,Card,iOS,Bangalore,1578,7,3,27708.69,0,0.323,7,0,6158.935,4530.652350164378,0.7071067811865475,2,1.5201637945521425,2.261
T1099,U8519,38990.24,Withdrawal,Card,Web,Delhi,1126,0,4,26671.42,0,0.178,9,0,28279.095,15147.846527544763,0.7071067811865474,2,1.3787654802956033,1.602
T1100,U1541,17538.76,Withdrawal,Card,iOS,Hyderabad,633,9,1,16378.32,0,0.007,3,0,18961.865,2012.5743916809668,-0.7071067811865461,2,0.924949101789302,0.021
T1101,U2477,2939.24,Payment,Wallet,Web,Mumbai,388,0,1,13539.34,0,0.313,5,0,2939.24,,,1,1.0,1.565
T1102,U5155,48456.68,Transfer,Card,Web,Hyderabad,1242,0,1,3167.8,0,0.148,6,0,34522.995,19705.20630083456,0.7071067811865475,2,1.403605915419563,0.8879999999999999
T1103,U7176,44195.1,Withdrawal,NetBanking,iOS,Delhi,1942,3,1,24716.68,0,0.738,6,0,26553.835,24948.5162204178,0.7071067811865476,2,1.6643584627229928,4.428
T1104,U3059,46391.23,Payment,NetBanking,iOS,Delhi,1935,16,0,11443.17,0,0.757,5,0,35931.865000000005,14791.775836810471,0.7071067811865471,2,1.29108884273054,3.785
T1105,U1717,49745.65,Transfer,Wallet,Android,Mumbai,203,4,1,7465.09,0,0.828,2,0,49745.65,,,1,1.0,1.656
T1106,U1218,8736.07,Withdrawal,NetBanking,Android,Chennai,273,13,3,29859.41,0,0.005,3,0,7775.3,3155.461356267891,0.3044784554536096,3,1.1235669363240004,0.015
T1107,U3745,19842.29,Withdrawal,Card,iOS,Hyderabad,1280,5,1,20082.09,1,0.351,6,0,27732.82,11158.894540311776,-0.7071067811865476,2,0.7154804307675887,2.106
T1108,U9689,37924.01,Withdrawal,Wallet,iOS,Hyderabad,1663,6,3,2308.49,0,0.006,9,0,37924.01,,,1,1.0,0.054
T1109,U8815,34816.23,Transfer,Card,iOS,Bangalore,1481,7,2,24058.74,0,0.508,8,1,34816.23,,,1,1.0,4.064
T1110,U5634,7737.1,Withdrawal,NetBanking,Android,Delhi,1773,23,4,22537.03,0,0.909,8,0,17252.456666666665,18024.62556195366,-0.5279087010135544,3,0.4484636680727789,7.272
T1111,U7455,40800.86,Transfer,Card,iOS,Delhi,530,17,1,12095.89,0,0.408,8,0,43731.925,4145.151875197092,-0.7071067811865488,2,0.932976538306969,3.264
T1112,U3496,11260.81,Withdrawal,Wallet,Android,Mumbai,928,3,3,3798.31,1,0.874,6,0,11260.81,,,1,1.0,5.244
T1113,U9020,11229.69,Payment,Card,Android,Mumbai,1744,22,3,14973.6,0,0.948,3,0,11229.69,,,1,1.0,2.844
T1114,U2546,26871.87,Withdrawal,NetBanking,Android,Mumbai,488,2,4,22923.24,0,0.238,5,0,26871.87,,,1,1.0,1.19
T1115,U8541,29667.35,Payment,UPI,Android,Bangalore,1310,22,2,2372.84,0,0.01,8,1,29667.35,,,1,1.0,0.08
T1116,U3866,29025.31,Payment,Wallet,Web,Chennai,1162,3,1,4986.9,0,0.74,3,0,29025.31,,,1,1.0,2.22
T1117,U3314,4619.77,Payment,Card,iOS,Mumbai,1335,22,3,18605.89,0,0.579,1,1,24095.90333333333,17523.212275942253,-1.1114476630561771,3,0.1917242917226178,0.579
T1118,U3988,43879.17,Transfer,Wallet,iOS,Mumbai,583,15,1,16830.39,0,0.347,1,0,43879.17,,,1,1.0,0.347
T1119,U4227,13316.72,Payment,Card,Web,Mumbai,1547,12,0,27162.12,0,0.368,7,0,27315.923333333336,12485.462766418928,-1.1212402451742345,3,0.4875075917258028,2.576
T1120,U3463,6519.27,Withdrawal,UPI,iOS,Bangalore,1393,21,3,24462.29,0,0.081,6,0,16553.705,14190.834067751266,-0.7071067811865477,2,0.3938254306211207,0.486
T1121,U7507,44442.97,Transfer,NetBanking,Android,Hyderabad,852,22,2,27573.01,1,0.871,5,0,41102.72,8140.877631490355,0.4103058848445678,3,1.0812659113557448,4.355
T1122,U5156,47784.79,Payment,Card,Web,Chennai,1390,10,4,14032.17,0,0.242,8,0,24558.995,32846.23428589722,0.7071067811865476,2,1.9457143910001204,1.936
T1123,U2344,43113.27,Transfer,Card,Android,Hyderabad,1499,23,3,23655.24,0,0.097,8,0,43113.27,,,1,1.0,0.776
T1124,U9824,40485.33,Transfer,UPI,Web,Delhi,1205,10,0,1556.63,0,0.78,1,0,30686.345,13857.857484490523,0.7071067811865476,2,1.3193272121525064,0.78
T1125,U1159,32779.34,Transfer,Wallet,Android,Delhi,1790,4,4,8905.31,0,0.485,7,1,28466.85,14675.78896995661,0.2938506412723884,3,1.1514916473020371,3.395
T1126,U4822,27565.33,Withdrawal,NetBanking,iOS,Mumbai,1121,19,2,19363.75,0,0.763,2,0,12990.3,13003.238789766956,1.120876901181726,3,2.1219933334872945,1.526
T1127,U7935,4394.99,Payment,Card,iOS,Hyderabad,1533,0,1,22934.15,0,0.902,4,0,4022.8,526.3561457796421,0.7071067811865469,2,1.0925201352291936,3.608
T1128,U8755,20452.24,Transfer,Card,iOS,Bangalore,905,13,1,17157.72,0,0.382,1,0,16971.656666666666,6209.743776858536,0.5605035341883522,3,1.2050821202487207,0.382
T1129,U4757,18665.79,Transfer,NetBanking,Web,Chennai,1116,23,3,14474.0,0,0.054,2,0,28485.215,13886.764009705428,-0.7071067811865475,2,0.6552799408394846,0.108
T1130,U8043,13024.7,Transfer,UPI,iOS,Hyderabad,526,21,4,7074.65,0,0.253,9,0,26332.405,18819.93689506025,-0.7071067811865474,2,0.4946262979017679,2.277
T1131,U3990,36184.83,Payment,Wallet,Web,Hyderabad,1894,19,0,5308.18,0,0.051,1,0,34642.98,2180.505181144957,0.70710678118655,2,1.044506852470544,0.051
T1132,U2495,24818.99,Transfer,NetBanking,Android,Chennai,1033,18,0,26276.92,1,0.149,7,0,24818.99,,,1,1.0,1.043
T1133,U9957,4098.26,Transfer,Wallet,iOS,Hyderabad,1584,4,2,4352.15,0,0.849,4,0,2263.0150000000003,2595.428369277411,0.7071067811865475,2,1.810973413786475,3.396
T1134,U7406,11048.15,Withdrawal,UPI,Android,Hyderabad,905,19,4,13115.08,0,0.941,7,0,11048.15,,,1,1.0,6.587
T1135,U9748,34178.78,Payment,UPI,iOS,Chennai,1355,22,4,26665.59,0,0.677,7,0,34178.78,,,1,1.0,4.739000000000001
T1136,U3600,3852.74,Withdrawal,NetBanking,Android,Bangalore,474,5,1,4516.59,0,0.732,3,0,13538.055,13697.103828855572,-0.7071067811865476,2,0.2845859320264247,2.196
T1137,U7446,42567.79,Payment,Card,Web,Chennai,1846,18,2,3913.63,0,0.731,2,0,42567.79,,,1,1.0,1.462
T1138,U1198,24782.57,Payment,UPI,iOS,Mumbai,1620,11,2,20806.02,0,0.123,3,0,24719.42,89.30758646386172,0.7071067811865577,2,1.0025546715901912,0.369
T1139,U8714,24055.3,Payment,UPI,Web,Mumbai,622,13,2,10014.1,0,0.047,5,0,24055.3,,,1,1.0,0.235
T1140,U7030,29640.77,Withdrawal,NetBanking,Web,Mumbai,1174,16,4,13127.61,0,0.698,8,0,32119.18,3505.0010351210985,-0.7071067811865482,2,0.9228370711830128,5.584
T1141,U9842,41242.81,Withdrawal,NetBanking,Android,Mumbai,614,6,1,18805.24,0,0.037,9,0,37927.28999999999,4688.853350319242,0.7071067811865487,2,1.087417793361983,0.3329999999999999
T1142,U7923,17423.07,Withdrawal,NetBanking,iOS,Delhi,1664,20,2,11431.38,0,0.812,4,0,17423.07,,,1,1.0,3.248
T1143,U8961,33916.91,Withdrawal,UPI,Web,Bangalore,1833,0,1,24015.26,0,0.591,6,0,18267.815,22131.16238786499,0.7071067811865476,2,1.8566484278497453,3.546
T1144,U7571,28308.31,Transfer,Wallet,Android,Delhi,630,16,2,29072.64,0,0.114,4,0,28308.31,,,1,1.0,0.456
T1145,U8578,13388.06,Transfer,UPI,Android,Hyderabad,1009,5,4,27998.52,0,0.659,9,0,16892.985,4956.71247010052,-0.7071067811865478,2,0.7925218663249863,5.931
T1146,U1334,43937.57,Transfer,NetBanking,Android,Hyderabad,564,3,1,16409.01,0,0.606,5,0,45286.67,1907.9155169975404,-0.7071067811865476,2,0.9702097769608584,3.03
T1147,U6067,39881.43,Payment,Card,iOS,Chennai,145,13,3,10709.01,0,0.376,2,0,39881.43,,,1,1.0,0.752
T1148,U2346,32939.67,Transfer,Card,iOS,Mumbai,339,7,2,13068.6,1,0.818,1,0,32939.67,,,1,1.0,0.818
T1149,U3477,42536.56,Payment,NetBanking,Android,Chennai,1762,17,4,9971.68,0,0.305,5,0,30509.5,17008.83136747496,0.7071067811865472,2,1.3942070502630328,1.525
T1150,U4858,43371.35,Withdrawal,Card,iOS,Hyderabad,964,19,1,13307.55,0,0.378,8,1,25627.07,25094.20143054566,0.7071067811865476,2,1.6924037746024028,3.024
T1151,U4950,35432.73,Payment,UPI,Android,Mumbai,404,12,0,487.89,0,0.697,6,0,32113.835,4693.626321092258,0.7071067811865477,2,1.1033478250106226,4.182
T1152,U5115,41858.82,Payment,Wallet,iOS,Bangalore,165,7,4,1750.91,0,0.752,7,0,29703.95,11964.638123106772,1.0158995094490857,3,1.4092004598714984,5.264
T1153,U3746,34888.7,Transfer,UPI,iOS,Hyderabad,1072,23,4,23162.98,0,0.274,9,0,40562.7,8024.247752904941,-0.7071067811865476,2,0.8601177929477081,2.466
T1154,U2933,34023.03,Withdrawal,NetBanking,Android,Chennai,1315,15,0,10110.91,0,0.017,4,0,34023.03,,,1,1.0,0.068
T1155,U6398,30949.64,Withdrawal,UPI,Android,Chennai,1873,4,0,23852.75,1,0.176,5,0,39502.55,12095.64131975647,-0.7071067811865477,2,0.783484610487171,0.8799999999999999
T1156,U1667,37648.2,Transfer,Card,iOS,Hyderabad,879,2,3,14450.33,0,0.263,9,1,37648.2,,,1,1.0,2.367
T1157,U4360,7972.33,Withdrawal,UPI,Android,Delhi,547,12,3,24196.93,0,0.905,3,0,7972.33,,,1,1.0,2.715
T1158,U8704,44049.49,Withdrawal,Wallet,Android,Bangalore,1577,14,3,19941.18,0,0.894,1,0,31432.555,17333.636233369118,0.7278873763204421,4,1.4013970547414931,0.894
T1159,U2950,43598.58,Withdrawal,Card,Android,Hyderabad,1079,3,4,6109.94,0,0.661,8,0,22247.56,30194.9020544992,0.7071067811865475,2,1.9597016481807443,5.288
T1160,U4980,1510.9,Transfer,Wallet,Android,Hyderabad,677,2,4,13486.9,0,0.709,9,0,7671.62,8712.573777983174,-0.7071067811865475,2,0.196946668369914,6.380999999999999
T1161,U1847,41299.55,Withdrawal,Wallet,iOS,Chennai,253,1,4,21159.54,0,0.621,4,0,41299.55,,,1,1.0,2.484
T1162,U1885,6487.05,Payment,Wallet,Web,Mumbai,1936,3,3,9985.45,0,0.779,6,0,6487.05,,,1,1.0,4.674
T1163,U8090,16789.19,Payment,UPI,iOS,Mumbai,556,5,1,5879.74,1,0.351,7,0,16789.19,,,1,1.0,2.457
T1164,U3675,37188.24,Withdrawal,UPI,Android,Mumbai,459,3,4,16241.84,0,0.547,7,0,41168.925,5629.538714535143,-0.7071067811865485,2,0.9033085027116932,3.829
T1165,U2806,8079.96,Transfer,UPI,Android,Chennai,287,16,4,8282.08,0,0.671,8,0,8079.96,,,1,1.0,5.368
T1166,U6795,40907.45,Transfer,UPI,iOS,Mumbai,763,6,4,17870.83,0,0.468,6,0,40907.45,,,1,1.0,2.8080000000000003
T1167,U2855,41615.1,Transfer,Card,Android,Hyderabad,415,17,3,8224.86,0,0.773,7,0,37666.195,5584.595007522925,0.7071067811865476,2,1.104839498653899,5.4110000000000005
T1168,U1560,25398.01,Withdrawal,UPI,iOS,Delhi,1923,21,2,27206.72,0,0.933,9,0,30179.59,14712.885576346562,-0.3249926722523549,4,0.8415624599273881,8.397
T1169,U9413,368.97,Withdrawal,Card,Web,Delhi,780,9,3,10382.67,0,0.664,6,1,10999.16,15033.35886860285,-0.7071067811865476,2,0.0335452889129715,3.984
T1170,U1910,14387.55,Payment,Wallet,Android,Delhi,1079,16,2,27232.77,0,0.075,2,0,32115.085,25070.520424443726,-0.7071067811865475,2,0.4479997484048384,0.15
T1171,U8501,30865.5,Transfer,Card,Web,Mumbai,1979,22,3,8456.51,0,0.61,4,0,34716.54,5446.192997241285,-0.7071067811865475,2,0.8890718948374463,2.44
T1172,U6415,49060.25,Payment,NetBanking,Web,Delhi,758,3,1,18173.19,1,0.696,5,0,35999.99,18469.99682011884,0.7071067811865476,2,1.3627851007736391,3.4799999999999995
T1173,U8990,31609.09,Payment,UPI,Android,Mumbai,1553,18,1,3993.53,0,0.283,8,0,31609.09,,,1,1.0,2.264
T1174,U2579,13027.19,Transfer,NetBanking,Android,Hyderabad,781,6,4,23373.32,0,0.322,4,0,25578.565,17750.324751430606,-0.7071067811865477,2,0.5093010495311211,1.288
T1175,U7479,31718.58,Withdrawal,Card,iOS,Hyderabad,1304,12,3,6086.51,0,0.595,1,0,31718.58,,,1,1.0,0.595
T1176,U6072,27022.27,Withdrawal,UPI,iOS,Chennai,1589,2,2,25934.22,0,0.707,1,0,29040.255,8862.66591924612,-0.2276950319900646,4,0.9305107685865706,0.707
T1177,U2233,39003.28,Payment,NetBanking,Android,Chennai,247,7,2,13628.13,0,0.871,2,0,27902.545,15698.809989309697,0.7071067811865477,2,1.397839516072817,1.742
T1178,U9968,5393.68,Payment,UPI,iOS,Bangalore,1200,10,1,2926.73,1,0.763,8,0,5393.68,,,1,1.0,6.104
T1179,U6439,38063.34,Payment,Card,Web,Hyderabad,1409,15,4,10969.8,0,0.134,3,0,27324.825,12664.359844172935,0.8479319232974063,4,1.3929948316228924,0.402
T1180,U8078,27086.27,Payment,NetBanking,Web,Mumbai,1621,19,2,23413.81,1,0.348,6,0,20193.63,9747.664968555291,0.7071067811865474,2,1.341327438405081,2.088
T1181,U7167,48151.45,Transfer,Card,Android,Bangalore,1702,18,3,2381.22,0,0.149,7,0,48151.45,,,1,1.0,1.043
T1182,U5717,17126.51,Payment,NetBanking,iOS,Hyderabad,210,22,4,18809.3,0,0.757,1,0,29554.35666666667,10777.833691796945,-1.1530931931270714,3,0.579491889915384,0.757
T1183,U5071,31649.46,Payment,Wallet,Android,Mumbai,755,22,3,15267.26,0,0.266,5,0,32228.855,819.3882669711601,-0.7071067811865475,2,0.982022476442306,1.33
T1184,U7442,46604.8,Withdrawal,Wallet,Web,Hyderabad,241,8,3,9365.1,0,0.124,2,0,43797.53,3970.079307243117,0.7071067811865489,2,1.0640965369508282,0.248
T1185,U3172,5170.36,Withdrawal,Wallet,Android,Hyderabad,1479,9,1,22692.96,0,0.096,7,0,5170.36,,,1,1.0,0.672
T1186,U3518,46864.56,Withdrawal,Wallet,Android,Mumbai,733,22,3,1667.98,0,0.114,3,0,23641.04,32843.01695004282,0.7071067811865476,2,1.9823391864317308,0.342
T1187,U2425,34409.89,Transfer,Wallet,Android,Hyderabad,1451,5,0,14979.49,0,0.247,9,0,34409.89,,,1,1.0,2.223
T1188,U2818,3438.46,Transfer,Card,Android,Hyderabad,1187,2,4,15255.21,0,0.782,1,0,5211.4400000000005,2507.3723618162503,-0.7071067811865477,2,0.6597907680027016,0.782
T1189,U6725,15083.13,Withdrawal,Wallet,Web,Hyderabad,1401,19,0,2683.54,0,0.238,2,0,15083.13,,,1,1.0,0.476
T1190,U5399,35423.2,Withdrawal,Card,Android,Chennai,734,7,3,4167.08,1,0.281,9,0,24561.255,15361.109932750624,0.7071067811865476,2,1.442239006109419,2.5290000000000004
T1191,U2821,3414.16,Payment,Wallet,Android,Delhi,96,5,3,12348.67,0,0.881,7,0,4382.674999999999,1369.6870483617784,-0.707106781186547,2,0.7790128175144176,6.167
T1192,U2631,29129.41,Payment,UPI,iOS,Hyderabad,1563,7,1,16142.02,0,0.442,3,0,29429.9925,10165.093428645485,-0.0295700676152126,4,0.9897865247502188,1.326
T1193,U6072,17326.86,Transfer,Wallet,Android,Mumbai,712,13,1,1690.54,0,0.509,8,0,29040.255,8862.66591924612,-1.3216559336354148,4,0.59664971950143,4.072
T1194,U3435,31064.73,Transfer,UPI,iOS,Hyderabad,829,7,1,451.52,0,0.003,5,0,31064.73,,,1,1.0,0.015
T1195,U7031,2334.81,Payment,Card,Android,Chennai,63,10,1,5858.87,0,0.082,2,0,20926.51333333333,24211.29138094524,-0.7678939153144622,3,0.111571859239491,0.164
T1196,U7845,43583.26,Withdrawal,Wallet,iOS,Chennai,1761,9,2,14685.5,0,0.741,1,0,25468.298000000003,11456.654571142051,1.5811737961995844,5,1.7112749348228922,0.741
T1197,U2224,48675.77,Payment,NetBanking,Android,Hyderabad,1075,22,1,1304.33,0,0.333,6,0,41854.075,9647.33358737273,0.7071067811865476,2,1.162987594397917,1.998
T1198,U9057,48445.45,Transfer,Card,iOS,Bangalore,1382,9,3,22023.74,0,0.15,4,0,32864.215,15779.40491681166,0.987441230017456,4,1.4741094530935852,0.6
T1199,U3879,37495.11,Transfer,Wallet,Android,Delhi,1263,10,3,4642.65,0,0.429,2,1,42833.33,7549.3831229313055,-0.7071067811865475,2,0.8753722860211895,0.858
T1200,U6198,6547.81,Payment,Card,Android,Mumbai,751,0,4,23201.07,0,0.045,1,0,5416.585,1599.7937370955049,0.7071067811865476,2,1.2088446871968224,0.045
T1201,U4013,37925.25,Payment,NetBanking,iOS,Mumbai,703,14,0,6221.53,0,0.709,7,0,29954.915,11271.75585365696,0.7071067811865476,2,1.2660777037758244,4.963
T1202,U9047,1278.12,Payment,Wallet,Android,Mumbai,445,4,2,10463.92,0,0.08,4,0,6059.445,6761.814661113539,-0.7071067811865475,2,0.2109302089547805,0.32
T1203,U2931,1155.07,Transfer,NetBanking,Android,Mumbai,1174,13,2,14424.88,0,0.055,1,0,5727.085,6465.805620373227,-0.7071067811865475,2,0.2016854996913787,0.055
T1204,U3805,16214.33,Withdrawal,Wallet,Android,Chennai,1321,22,4,10483.4,1,0.42,1,0,16214.33,,,1,1.0,0.42
T1205,U4477,24457.73,Payment,UPI,Android,Delhi,1884,19,4,806.22,0,0.587,7,0,24457.73,,,1,1.0,4.109
T1206,U7214,38531.85,Transfer,Card,Web,Hyderabad,1882,7,1,27266.36,0,0.764,5,0,22948.17,22038.651607682357,0.7071067811865476,2,1.6790815999707167,3.82
T1207,U9225,34180.6,Transfer,NetBanking,Android,Hyderabad,1355,16,4,8665.35,0,0.071,1,0,34180.6,,,1,1.0,0.071
T1208,U6082,22322.84,Transfer,Card,Web,Bangalore,603,3,2,4167.48,0,0.335,9,0,28394.876666666667,12397.421785058106,-0.4897822121358282,3,0.7861573149991965,3.015
T1209,U4410,13717.65,Payment,NetBanking,Web,Hyderabad,451,3,0,4062.3,0,0.269,3,0,13717.65,,,1,1.0,0.807
T1210,U3770,49856.37,Payment,Card,Android,Delhi,176,17,0,29240.91,0,0.744,1,0,49856.37,,,1,1.0,0.744
T1211,U1418,21337.76,Withdrawal,Card,iOS,Hyderabad,1956,18,2,3779.42,0,0.369,2,1,31844.89,14859.325747617217,-0.7071067811865477,2,0.6700528719050372,0.738
T1212,U9970,22596.78,Transfer,Card,iOS,Chennai,1879,2,1,10461.77,0,0.628,6,0,22596.78,,,1,1.0,3.768
T1213,U7054,8223.01,Payment,UPI,Android,Hyderabad,575,8,0,2121.88,0,0.489,3,0,8223.01,,,1,1.0,1.467
T1214,U5456,39750.74,Transfer,Wallet,Web,Mumbai,1496,6,0,22090.64,0,0.57,8,0,23616.1425,13429.523569907147,1.2014273936086888,4,1.6832020724807195,4.56
T1215,U8366,34699.43,Transfer,UPI,iOS,Mumbai,1489,1,1,17942.87,0,0.366,1,0,34699.43,,,1,1.0,0.366
T1216,U4248,11077.44,Withdrawal,Card,Android,Mumbai,82,8,0,16053.71,1,0.239,1,0,25362.855,20202.627637128047,-0.7071067811865475,2,0.4367584012131126,0.239
T1217,U4576,4164.93,Payment,NetBanking,Android,Mumbai,734,23,3,25689.63,1,0.06,8,1,24898.0725,17191.72656353122,-1.2059953619772652,4,0.1672792140837408,0.48
T1218,U5812,34040.94,Payment,Card,Web,Chennai,1716,5,2,17242.77,0,0.173,1,0,28069.8675,17016.592275265488,0.3508970775940415,4,1.2127217914370276,0.173
T1219,U2366,32742.84,Transfer,Wallet,iOS,Chennai,957,5,0,28670.37,0,0.173,4,0,32742.84,,,1,1.0,0.692
T1220,U5399,13699.31,Transfer,UPI,Android,Chennai,279,15,0,18721.12,0,0.935,6,0,24561.255,15361.109932750624,-0.7071067811865475,2,0.557760993890581,5.61
T1221,U4450,47545.63,Withdrawal,Wallet,iOS,Hyderabad,228,1,1,10694.78,1,0.937,1,0,31673.04333333333,14874.664103200224,1.06708874610834,3,1.5011386654455792,0.937
T1222,U5994,7595.34,Withdrawal,NetBanking,Android,Mumbai,1681,15,0,1198.73,0,0.256,4,0,7595.34,,,1,1.0,1.024
T1223,U9127,21645.12,Withdrawal,Wallet,Android,Bangalore,556,2,1,21785.74,0,0.106,5,0,21645.12,,,1,1.0,0.53
T1224,U7541,47183.62,Withdrawal,UPI,Android,Bangalore,1691,21,2,11271.99,0,0.282,1,0,25788.81,30256.83046639552,0.7071067811865475,2,1.8296160233837853,0.282
T1225,U4485,21015.38,Withdrawal,NetBanking,Web,Mumbai,1216,15,3,18016.15,1,0.796,2,0,21015.38,,,1,1.0,1.592
T1226,U9526,31944.37,Withdrawal,Wallet,Web,Delhi,1111,11,4,26302.81,1,0.871,2,0,18605.935,18863.395677831973,0.7071067811865476,2,1.7168914112620517,1.742
T1227,U1686,19909.84,Transfer,UPI,Web,Hyderabad,317,2,2,328.98,0,0.501,6,0,19909.84,,,1,1.0,3.006
T1228,U1725,13747.05,Withdrawal,UPI,iOS,Bangalore,1798,10,0,22812.41,0,0.54,2,0,13747.05,,,1,1.0,1.08
T1229,U8155,49199.68,Transfer,Card,Web,Chennai,1361,10,3,13115.01,0,0.459,6,0,49199.68,,,1,1.0,2.754
T1230,U8254,20496.23,Transfer,Wallet,Web,Delhi,1978,22,4,3809.4,0,0.183,9,0,21904.37,9331.878782485335,-0.1508956591509618,4,0.9357141976692324,1.647
T1231,U4110,44710.26,Payment,NetBanking,iOS,Chennai,1937,15,4,17515.49,0,0.05,2,0,44710.26,,,1,1.0,0.1
T1232,U6296,11536.23,Transfer,Card,iOS,Delhi,430,4,0,16025.19,0,0.621,7,0,11536.23,,,1,1.0,4.347
T1233,U3320,10694.58,Transfer,Wallet,iOS,Delhi,1269,19,4,25285.01,0,0.799,1,0,10694.58,,,1,1.0,0.799
T1234,U5139,1605.15,Withdrawal,Wallet,iOS,Hyderabad,1867,7,4,15694.73,0,0.749,9,0,23484.77,30942.45534356961,-0.7071067811865476,2,0.068348550997093,6.741
T1235,U2265,32600.76,Transfer,NetBanking,Web,Chennai,858,10,2,24837.82,0,0.9,4,0,32600.76,,,1,1.0,3.6
T1236,U2249,18457.89,Withdrawal,Card,Web,Chennai,1622,10,2,16380.23,0,0.814,5,0,18457.89,,,1,1.0,4.069999999999999
T1237,U5613,43224.69,Withdrawal,Card,iOS,Bangalore,895,17,4,13463.67,0,0.288,4,0,41014.880000000005,3125.1432722676936,0.7071067811865458,2,1.0538782510152411,1.152
T1238,U2242,23686.83,Withdrawal,NetBanking,Web,Mumbai,471,18,1,11198.4,0,0.117,9,0,23686.83,,,1,1.0,1.0530000000000002
T1239,U8905,48411.26,Payment,Card,Android,Mumbai,1970,9,0,5293.55,0,0.431,1,0,28756.925000000003,27795.42711642421,0.7071067811865474,2,1.6834644177011275,0.431
T1240,U2734,9317.0,Withdrawal,UPI,Web,Bangalore,594,3,1,17562.52,0,0.348,6,0,24518.58,21498.2806054996,-0.7071067811865476,2,0.3799975365620684,2.088
T1241,U6618,43437.73,Transfer,NetBanking,Android,Delhi,1572,9,1,16373.08,0,0.729,5,0,45749.600000000006,3269.477908443489,-0.707106781186548,2,0.9494668805847484,3.645
T1242,U9702,38841.01,Withdrawal,Wallet,iOS,Bangalore,925,13,4,29274.62,0,0.068,8,0,35843.16,4239.600127960189,0.7071067811865462,2,1.0836379939715135,0.544
T1243,U9330,38557.55,Withdrawal,NetBanking,iOS,Bangalore,47,5,0,12431.02,0,0.943,2,0,36266.09,3240.613809635454,0.7071067811865491,2,1.0631846443881876,1.886
T1244,U1346,42246.92,Withdrawal,UPI,Web,Chennai,1799,4,1,12703.55,0,0.957,4,0,27611.49,20697.623597162063,0.7071067811865476,2,1.5300485413862128,3.828
T1245,U3686,38063.15,Payment,NetBanking,iOS,Bangalore,1941,14,2,4999.75,0,0.088,5,0,38063.15,,,1,1.0,0.4399999999999999
T1246,U2737,31329.71,Transfer,Wallet,Web,Delhi,435,4,2,17967.39,1,0.434,8,0,32125.96,1126.067549039577,-0.7071067811865475,2,0.9752147484464276,3.472
T1247,U6262,6605.68,Payment,Wallet,Web,Mumbai,1631,22,0,25450.78,0,0.899,1,0,21417.42,12828.383927790748,-1.15460685331631,3,0.3084255713339888,0.899
T1248,U9262,1674.68,Transfer,NetBanking,Web,Hyderabad,1902,23,1,7512.9,0,0.187,7,0,1674.68,,,1,1.0,1.309
T1249,U2464,46046.35,Payment,NetBanking,Web,Bangalore,443,5,3,371.43,0,0.692,8,0,29810.025,22961.631018097338,0.7071067811865476,2,1.5446598921000567,5.536
T1250,U9584,30851.68,Transfer,UPI,Android,Bangalore,1392,18,3,20775.06,0,0.711,1,0,23797.305,9976.392799065705,0.7071067811865475,2,1.296435877928194,0.711
T1251,U9997,39837.04,Payment,UPI,Android,Chennai,1064,19,0,1038.08,0,0.234,5,0,31515.36,8002.662129366703,1.039863968449027,3,1.264051560889674,1.1700000000000002
T1252,U4588,24102.04,Withdrawal,Wallet,iOS,Chennai,214,16,0,12337.36,0,0.006,6,0,24102.04,,,1,1.0,0.036
T1253,U2482,5909.54,Payment,Card,Android,Bangalore,714,13,3,18420.04,1,0.664,5,1,5909.54,,,1,1.0,3.3200000000000003
T1254,U7117,6303.03,Payment,Card,iOS,Bangalore,751,10,1,11641.75,1,0.617,9,0,21417.63,23184.24366931343,-0.6519341418070765,3,0.2942916653243146,5.553
T1255,U8098,34293.99,Withdrawal,Card,iOS,Delhi,1214,13,1,7891.29,1,0.65,4,0,34293.99,,,1,1.0,2.6
T1256,U1090,21543.78,Withdrawal,Card,Web,Mumbai,1790,4,4,23998.07,0,0.156,2,0,24575.295,4287.209627537476,-0.7071067811865469,2,0.876643800206671,0.312
T1257,U9479,10066.21,Transfer,Wallet,Web,Mumbai,49,12,0,9097.9,0,0.604,9,0,17920.37,11107.459593048268,-0.7071067811865475,2,0.5617188707599229,5.436
T1258,U1892,24605.15,Transfer,Card,Web,Hyderabad,850,11,1,5483.4,0,0.542,2,0,24605.15,,,1,1.0,1.084
T1259,U1724,3257.24,Transfer,Card,Web,Mumbai,1456,23,3,11713.06,0,0.453,2,0,22179.575,26760.222788767103,-0.7071067811865474,2,0.1468576381648431,0.906
T1260,U9103,29119.47,Payment,NetBanking,Web,Hyderabad,915,18,3,4036.78,0,0.777,6,0,22763.120000000003,8759.046745066878,0.7256896994618637,4,1.2792389619700637,4.662
T1261,U9397,13486.22,Transfer,Card,Web,Chennai,1190,9,2,20742.87,0,0.388,9,0,13486.22,,,1,1.0,3.492
T1262,U2298,39888.08,Payment,NetBanking,Android,Hyderabad,177,12,1,21331.4,0,0.353,5,0,39888.08,,,1,1.0,1.765
T1263,U8004,15552.58,Payment,Wallet,iOS,Hyderabad,1703,14,4,541.88,0,0.541,2,0,15176.445,531.9352182832044,0.7071067811865475,2,1.0247841309344845,1.082
T1264,U1648,22788.25,Transfer,NetBanking,iOS,Mumbai,651,19,4,20876.51,0,0.944,6,0,22788.25,,,1,1.0,5.664
T1265,U3121,630.45,Transfer,UPI,Web,Bangalore,1115,12,0,9039.72,0,0.344,1,0,23476.63,32309.377604416957,-0.7071067811865475,2,0.026854365383788,0.344
T1266,U4595,3668.72,Payment,NetBanking,Android,Chennai,1701,3,2,19720.49,0,0.445,3,0,4198.885,749.7665332955324,-0.7071067811865476,2,0.8737367182001887,1.335
T1267,U3213,19655.05,Withdrawal,Card,Web,Delhi,696,21,3,21223.87,0,0.266,3,0,19655.05,,,1,1.0,0.798
T1268,U1977,24022.94,Withdrawal,NetBanking,Android,Hyderabad,1833,8,3,8405.66,0,0.68,6,0,23264.815,1072.1506569741027,0.7071067811865475,2,1.032586762456525,4.08
T1269,U9498,30021.03,Payment,NetBanking,Android,Hyderabad,609,18,0,5643.03,0,0.364,4,0,30021.03,,,1,1.0,1.456
T1270,U6913,14618.55,Transfer,Wallet,iOS,Hyderabad,111,19,4,24808.13,0,0.693,8,0,34608.1,17319.34612365317,-1.1541746355366218,3,0.4224025589385144,5.544
T1271,U5850,34764.35,Payment,Wallet,iOS,Bangalore,769,21,4,22201.61,0,0.146,7,0,34764.35,,,1,1.0,1.022
T1272,U5010,43013.11,Payment,Card,Android,Delhi,727,21,3,25130.56,0,0.264,9,0,43013.11,,,1,1.0,2.3760000000000003
T1273,U6375,39003.56,Transfer,UPI,iOS,Mumbai,98,6,0,13128.02,0,0.206,5,1,39003.56,,,1,1.0,1.03
T1274,U2778,2028.96,Withdrawal,UPI,Android,Chennai,354,14,1,13745.43,0,0.777,5,0,2028.96,,,1,1.0,3.885
T1275,U8721,24051.32,Payment,NetBanking,Android,Bangalore,809,16,2,10390.6,0,0.09,5,0,24051.32,,,1,1.0,0.4499999999999999
T1276,U8707,5291.26,Withdrawal,UPI,Android,Delhi,1956,13,4,15021.97,0,0.252,9,0,25204.14333333333,20390.993026658445,-0.9765528980025616,3,0.2099361176462653,2.268
T1277,U2111,12140.15,Withdrawal,Wallet,iOS,Chennai,1343,13,4,19432.44,0,0.507,2,0,12140.15,,,1,1.0,1.014
T1278,U7543,49333.8,Transfer,Card,Web,Mumbai,617,8,4,24454.89,0,0.088,7,0,45766.125,5045.454371139436,0.7071067811865475,2,1.077954491449735,0.616
T1279,U9188,7167.65,Payment,Card,iOS,Chennai,1473,15,1,5576.8,0,0.011,3,0,7167.65,,,1,1.0,0.033
T1280,U4875,24969.46,Payment,Wallet,Web,Hyderabad,168,1,1,12221.99,0,0.691,8,0,24969.46,,,1,1.0,5.528
T1281,U8358,30926.88,Withdrawal,Card,iOS,Hyderabad,1147,13,2,13889.93,0,0.614,9,0,19071.59,16765.91190386613,0.7071067811865476,2,1.6216204312278106,5.526
T1282,U3670,35138.13,Withdrawal,NetBanking,iOS,Bangalore,545,3,4,14691.04,0,0.008,9,0,19834.345,21642.820302641936,0.7071067811865476,2,1.7715800546980505,0.072
T1283,U4944,28004.45,Transfer,Card,Web,Chennai,172,2,3,16304.99,0,0.049,5,0,24490.445,4969.553529246869,0.7071067811865475,2,1.1434847345566812,0.245
T1284,U3309,538.05,Withdrawal,UPI,Android,Hyderabad,295,2,4,24072.24,0,0.219,9,0,10146.15,13587.905328636936,-0.7071067811865475,2,0.0530299670318298,1.971
T1285,U8154,16356.74,Transfer,Card,Web,Bangalore,874,10,2,26598.89,0,0.906,3,0,16356.74,,,1,1.0,2.718
T1286,U3494,25909.7,Payment,Card,Android,Bangalore,64,4,2,4858.81,0,0.653,8,0,25909.7,,,1,1.0,5.224
T1287,U8973,4438.93,Transfer,Wallet,Android,Bangalore,585,15,3,21409.19,0,0.805,7,0,9064.41,6541.416548485503,-0.7071067811865476,2,0.4897097549647468,5.635000000000001
T1288,U8022,17563.82,Withdrawal,Wallet,iOS,Mumbai,42,22,1,14425.34,0,0.759,4,0,20230.8225,11737.601472249702,-0.2272186959410221,4,0.8681713262028768,3.036
T1289,U9882,1708.5,Payment,UPI,iOS,Hyderabad,567,22,3,12589.73,0,0.983,9,0,17929.539999999997,17716.68010153426,-0.915580114730144,3,0.0952896727969596,8.847
T1290,U3783,3975.0,Transfer,Wallet,iOS,Hyderabad,740,22,2,3488.96,0,0.95,7,0,3975.0,,,1,1.0,6.65
T1291,U4949,19876.32,Payment,UPI,iOS,Delhi,1002,18,3,2017.66,0,0.067,8,0,30071.01,14417.468862189366,-0.7071067811865476,2,0.6609794616143588,0.536
T1292,U4435,6679.15,Transfer,NetBanking,iOS,Mumbai,810,8,4,29336.55,0,0.023,8,1,27858.54,29952.180580789103,-0.7071067811865476,2,0.2397523344726607,0.184
T1293,U5428,28398.67,Withdrawal,UPI,Web,Hyderabad,205,21,2,19306.82,0,0.497,3,0,28398.67,,,1,1.0,1.491
T1294,U9390,34488.78,Withdrawal,Card,Web,Hyderabad,1798,10,1,13627.53,0,0.272,7,0,30312.415,5906.272024420309,0.7071067811865475,2,1.1377773760355283,1.904
T1295,U7510,40039.31,Payment,UPI,Web,Delhi,457,11,1,22876.73,0,0.505,8,0,32977.8625,11633.503272139986,0.6069923508691325,4,1.2141269010385374,4.04
T1296,U4443,10047.5,Payment,NetBanking,Web,Chennai,1831,7,3,2824.87,0,0.091,3,0,10047.5,,,1,1.0,0.273
T1297,U9786,8415.75,Payment,Card,iOS,Chennai,1781,13,3,18262.65,0,0.909,9,0,15480.39,9990.90970128346,-0.7071067811865476,2,0.5436394044336093,8.181000000000001
T1298,U6941,5273.16,Transfer,UPI,Web,Mumbai,1624,16,3,19852.29,0,0.774,4,0,27389.550000000003,31277.2986887327,-0.7071067811865476,2,0.1925245212133824,3.096
T1299,U1664,31839.69,Withdrawal,Wallet,Web,Bangalore,934,19,4,13616.44,0,0.552,7,0,32129.4,409.71181115510944,-0.7071067811865541,2,0.9909830248930884,3.864
T1300,U5495,35338.46,Payment,Wallet,Android,Delhi,1991,14,1,7652.7,0,0.465,8,1,35338.46,,,1,1.0,3.72
T1301,U9611,1627.73,Payment,Wallet,iOS,Delhi,101,14,2,28642.09,0,0.468,8,0,1627.73,,,1,1.0,3.744
T1302,U8883,46813.8,Payment,UPI,Web,Hyderabad,617,22,2,9103.93,0,0.616,5,0,28130.225,26422.565158614903,0.7071067811865475,2,1.6641814987260144,3.08
T1303,U8750,2645.97,Transfer,UPI,Web,Hyderabad,1261,11,1,3831.43,0,0.545,7,0,24056.57,30279.160898545382,-0.7071067811865476,2,0.1099894955930957,3.815
T1304,U5517,27087.75,Payment,NetBanking,Web,Delhi,295,8,3,18951.16,0,0.482,8,0,34287.205,10181.566902694793,-0.7071067811865476,2,0.7900250253702511,3.856
T1305,U8281,35467.57,Payment,Card,iOS,Bangalore,883,11,0,17272.26,0,0.679,2,0,35467.57,,,1,1.0,1.358
T1306,U5713,43554.91,Transfer,Card,Web,Chennai,1268,18,3,22667.7,0,0.765,4,0,31291.065,17343.69592584147,0.7071067811865475,2,1.3919280152337417,3.06
T1307,U6540,35718.64,Transfer,Card,Android,Mumbai,111,11,1,22638.12,0,0.643,6,0,35718.64,,,1,1.0,3.858
T1308,U2797,40096.32,Payment,Card,iOS,Chennai,1797,10,4,18645.05,0,0.391,9,0,40096.32,,,1,1.0,3.519
T1309,U6736,17005.54,Payment,UPI,Android,Mumbai,149,5,3,6305.31,0,0.414,2,0,29115.92,17126.663641491883,-0.7071067811865476,2,0.5840632890872073,0.828
T1310,U8795,40750.51,Transfer,UPI,iOS,Bangalore,844,7,2,26625.65,1,0.099,7,0,40750.51,,,1,1.0,0.6930000000000001
T1311,U3804,4051.74,Withdrawal,NetBanking,Web,Delhi,1688,10,4,7523.66,0,0.415,2,0,8088.94,5709.462994012659,-0.7071067811865476,2,0.500898758057298,0.83
T1312,U9668,44746.09,Transfer,Card,iOS,Bangalore,1785,2,1,2910.13,0,0.786,2,0,44746.09,,,1,1.0,1.572
T1313,U8060,27402.24,Withdrawal,UPI,iOS,Delhi,275,15,0,9114.82,0,0.066,1,0,18503.906666666662,12607.36832504442,0.7058041856092107,3,1.4808894410045303,0.066
T1314,U9839,40874.02,Payment,UPI,iOS,Hyderabad,1375,5,3,14548.64,0,0.176,9,0,40874.02,,,1,1.0,1.584
T1315,U7448,22643.3,Payment,UPI,Android,Mumbai,582,8,4,6294.76,1,0.843,6,0,22643.3,,,1,1.0,5.058
T1316,U5988,32196.71,Withdrawal,UPI,iOS,Hyderabad,544,8,4,10076.78,0,0.568,2,0,24600.936666666665,8658.077819206368,0.8773048119853457,3,1.308759517422169,1.136
T1317,U8376,26343.81,Transfer,Card,Web,Delhi,532,5,2,15459.43,0,0.671,4,0,26343.81,,,1,1.0,2.684
T1318,U9485,36592.9,Payment,Card,iOS,Mumbai,25,4,3,9755.89,0,0.322,4,0,31556.41333333333,5033.397848494926,1.0006136646187556,3,1.1596026333368683,1.288
T1319,U8056,4127.42,Withdrawal,UPI,iOS,Mumbai,570,0,0,2770.59,0,0.489,7,0,30039.59333333333,23104.03070628442,-1.1215434078472326,3,0.13739933008414,3.423
T1320,U6136,3064.59,Transfer,Wallet,Web,Hyderabad,887,2,4,5996.68,0,0.762,7,0,9687.013333333334,7311.299563185285,-0.905779236112734,3,0.3163606670649089,5.334
T1321,U9384,12392.81,Withdrawal,NetBanking,Web,Mumbai,345,2,2,23846.79,0,0.876,4,1,10945.18,8327.5646386984,0.1738359367722979,3,1.1322618723492897,3.504
T1322,U8974,8019.26,Transfer,Card,Android,Delhi,919,11,3,28634.52,0,0.974,5,0,8019.26,,,1,1.0,4.87
T1323,U9288,43595.59,Transfer,Card,Web,Delhi,1423,3,3,4538.26,1,0.851,9,0,43595.59,,,1,1.0,7.659
T1324,U1501,10999.74,Transfer,Wallet,Web,Hyderabad,179,20,0,20462.47,0,0.067,6,0,15561.73,6451.628129410437,-0.7071067811865474,2,0.7068455756525784,0.402
T1325,U8174,48794.47,Transfer,Card,Web,Bangalore,922,15,2,27176.84,0,0.343,2,0,29131.035,27808.2964598418,0.7071067811865476,2,1.6749995322857565,0.686
T1326,U2354,16877.94,Withdrawal,Wallet,iOS,Delhi,128,10,0,9044.37,1,0.749,2,1,30930.845,19873.80884174068,-0.7071067811865477,2,0.5456669547825156,1.498
T1327,U9535,9146.79,Withdrawal,Wallet,Android,Delhi,1075,7,4,24900.91,0,0.418,3,0,9146.79,,,1,1.0,1.254
T1328,U6718,39495.44,Withdrawal,UPI,Web,Mumbai,1022,8,1,27157.58,0,0.436,7,0,39495.44,,,1,1.0,3.052
T1329,U4738,32952.45,Withdrawal,Card,Web,Mumbai,19,13,1,9054.99,0,0.794,2,0,30685.655,3205.732232119517,0.7071067811865476,2,1.0738714881595324,1.588
T1330,U2240,24934.88,Withdrawal,NetBanking,Web,Delhi,439,22,0,1796.55,0,0.833,1,0,34736.635,13861.774856058297,-0.7071067811865477,2,0.7178265827993989,0.833
T1331,U8704,27790.41,Transfer,Wallet,iOS,Hyderabad,1501,21,0,27512.11,0,0.791,4,0,31432.555,17333.636233369118,-0.2101200781512005,4,0.8841282549255064,3.164
T1332,U8944,35974.13,Payment,NetBanking,iOS,Bangalore,58,14,1,9981.43,0,0.355,7,0,33379.134999999995,3669.877123290366,0.707106781186549,2,1.077743027193485,2.485
T1333,U1981,11461.31,Payment,UPI,Android,Mumbai,1810,18,4,510.77,0,0.228,5,0,30716.015,27230.26495049305,-0.7071067811865475,2,0.3731379216998038,1.14
T1334,U8403,49816.88,Withdrawal,Card,Android,Mumbai,216,8,0,14300.1,0,0.359,7,0,31528.356666666663,19175.11386105525,0.9537634804076658,3,1.5800658602885214,2.513
T1335,U2385,48740.92,Withdrawal,UPI,iOS,Bangalore,1712,16,4,3564.71,0,0.701,7,0,48740.92,,,1,1.0,4.907
T1336,U3056,32533.77,Payment,UPI,Web,Mumbai,523,8,4,27060.89,0,0.365,7,0,37615.165,7186.17772477483,-0.7071067811865479,2,0.8649110006562513,2.555
T1337,U6049,10017.15,Transfer,NetBanking,Web,Hyderabad,1613,2,2,4734.36,0,0.055,1,0,10017.15,,,1,1.0,0.055
T1338,U6744,34027.4,Withdrawal,NetBanking,Android,Mumbai,1853,15,4,9202.12,0,0.801,8,0,34027.4,,,1,1.0,6.408
T1339,U4344,3656.31,Transfer,Wallet,Web,Mumbai,1243,12,3,23734.46,0,0.063,6,0,3656.31,,,1,1.0,0.378
T1340,U8075,1581.09,Payment,Card,iOS,Delhi,1172,16,1,24209.77,0,0.996,6,0,19889.07,18278.961764525902,-1.0015875209898633,4,0.0794954213545429,5.976
T1341,U1091,12921.26,Payment,UPI,Android,Hyderabad,46,23,1,27048.27,0,0.862,4,1,14172.21,1769.1104558506238,-0.7071067811865467,2,0.9117321857353228,3.448
T1342,U7166,23158.02,Withdrawal,Wallet,iOS,Hyderabad,227,21,0,14972.15,0,0.956,9,0,25664.10666666667,16948.56460962206,-0.1478642424529515,3,0.9023505201557764,8.604
T1343,U6476,43420.21,Transfer,Wallet,iOS,Delhi,1489,3,0,29602.95,0,0.833,9,0,21098.17,20050.695323197648,1.113280095287993,3,2.058008348591371,7.497
T1344,U2711,36372.1,Withdrawal,UPI,Web,Chennai,1545,20,2,15534.05,0,0.101,6,0,25836.185,14900.033885010123,0.7071067811865477,2,1.4077968554567946,0.6060000000000001
T1345,U2911,37148.19,Payment,UPI,iOS,Bangalore,1311,21,2,23742.16,0,0.419,9,0,41673.526,6065.287007572683,-0.7461041817724346,5,0.8914098125510187,3.771
T1346,U6138,21303.39,Transfer,Wallet,iOS,Hyderabad,189,8,3,10920.88,0,0.908,1,0,21303.39,,,1,1.0,0.908
T1347,U6417,17329.45,Withdrawal,UPI,Web,Chennai,1550,21,0,28244.61,0,0.091,7,0,25161.005,11075.491295470823,-0.7071067811865472,2,0.6887423614438295,0.637
T1348,U3334,18583.39,Withdrawal,UPI,iOS,Bangalore,139,8,1,20581.99,0,0.305,9,0,18583.39,,,1,1.0,2.745
T1349,U9588,49383.1,Withdrawal,NetBanking,Web,Hyderabad,1678,17,3,2405.24,0,0.467,5,0,21299.012,20106.313942830748,1.3967795429760443,5,2.318562945548836,2.335
T1350,U3958,2053.45,Payment,Card,iOS,Mumbai,620,13,0,3344.74,1,0.45,6,0,25419.61,22288.795858116693,-1.048336579003256,3,0.080782120575414,2.7
T1351,U1998,43358.22,Withdrawal,Wallet,Web,Hyderabad,1705,19,3,26735.24,0,0.944,6,0,28796.11,13271.586336459555,1.0972395937322978,3,1.5056971236739962,5.664
T1352,U4509,28954.84,Transfer,UPI,Web,Bangalore,1781,2,4,24305.8,0,0.395,5,0,16224.645,18003.214420654163,0.7071067811865475,2,1.784620865356376,1.975
T1353,U8860,21958.84,Withdrawal,Wallet,Android,Chennai,668,3,4,9969.82,0,0.239,9,0,16773.13,7333.701412533784,0.7071067811865474,2,1.3091676985750422,2.151
T1354,U8213,36276.62,Payment,Card,iOS,Mumbai,368,0,3,15695.72,0,0.445,5,0,36276.62,,,1,1.0,2.225
T1355,U3721,24359.11,Withdrawal,Wallet,iOS,Bangalore,636,17,0,25597.18,0,0.396,3,0,24359.11,,,1,1.0,1.1880000000000002
T1356,U8588,43677.49,Payment,Wallet,Android,Bangalore,1037,3,4,3192.59,0,0.623,6,0,41080.73,3672.3732102279537,0.707106781186549,2,1.063211145468934,3.738
T1357,U9389,45040.06,Payment,Wallet,Web,Hyderabad,1632,9,4,4230.37,0,0.994,6,0,30966.4675,12928.7378092717,1.0885511569356197,4,1.4544784612581334,5.964
T1358,U9812,21114.96,Transfer,NetBanking,Web,Delhi,1591,3,3,21494.26,0,0.551,1,0,19791.39,1871.810644750157,0.7071067811865475,2,1.0668760506462658,0.551
T1359,U7850,13877.55,Transfer,Card,Android,Delhi,1116,20,4,2557.94,1,0.462,4,0,10134.21,5293.882196573701,0.7071067811865477,2,1.3693765966957463,1.848
T1360,U7804,29637.9,Withdrawal,Card,Android,Mumbai,1187,16,1,10641.74,0,0.594,1,0,29637.9,,,1,1.0,0.594
T1361,U8086,45622.55,Payment,Wallet,Web,Bangalore,515,7,4,7629.07,0,0.98,6,0,27930.373333333333,15893.015738230217,1.1132045017805288,3,1.6334386030405132,5.88
T1362,U3608,10572.58,Payment,Wallet,Web,Chennai,1542,18,3,22832.55,0,0.625,2,0,10572.58,,,1,1.0,1.25
T1363,U6501,31167.18,Transfer,Card,Android,Mumbai,827,8,4,173.19,0,0.123,5,0,31167.18,,,1,1.0,0.615
T1364,U2322,31596.43,Transfer,UPI,iOS,Mumbai,803,15,4,3550.0,0,0.913,3,0,38114.875,9218.47332458309,-0.7071067811865475,2,0.8289789747441124,2.739
T1365,U7594,36669.0,Withdrawal,NetBanking,Web,Hyderabad,848,23,2,3060.33,0,0.591,6,0,22647.555,19829.31768306842,0.7071067811865476,2,1.6191151760090658,3.546
T1366,U8524,6621.81,Payment,Card,Android,Chennai,1833,23,3,9610.5,0,0.158,9,0,6621.81,,,1,1.0,1.422
T1367,U3897,35805.46,Transfer,Wallet,iOS,Bangalore,632,14,3,7051.14,0,0.23,3,0,33891.95333333333,16590.36031660052,0.1153384634299949,3,1.056459025770719,0.6900000000000001
T1368,U7087,45456.17,Withdrawal,UPI,iOS,Bangalore,638,19,2,6925.66,0,0.121,9,0,44762.32,981.25208025257,0.7071067811865475,2,1.0155007604610309,1.089
T1369,U2008,9025.17,Payment,UPI,iOS,Bangalore,106,15,2,11174.76,1,0.961,5,0,9025.17,,,1,1.0,4.805
T1370,U4647,11915.29,Payment,UPI,iOS,Mumbai,1973,20,1,6500.06,1,0.071,2,0,11915.29,,,1,1.0,0.142
T1371,U5217,48571.18,Transfer,NetBanking,Android,Hyderabad,1315,11,4,3275.8,0,0.764,9,0,48571.18,,,1,1.0,6.876
T1372,U5104,9089.8,Withdrawal,NetBanking,Web,Mumbai,1734,22,0,17539.21,0,0.338,3,0,11560.5725,7945.965331316999,-0.3109468009207239,4,0.7862759391889977,1.014
T1373,U3643,42726.54,Transfer,Card,iOS,Delhi,1633,17,0,28556.96,0,0.081,9,0,42726.54,,,1,1.0,0.729
T1374,U1679,24639.28,Withdrawal,Card,iOS,Delhi,828,6,2,18254.23,0,0.434,6,0,28379.38,5289.300144631612,-0.7071067811865474,2,0.8682106515364325,2.604
T1375,U9085,12399.19,Payment,Card,Android,Bangalore,1988,15,3,22734.92,0,0.0,1,0,9903.49,3529.452787614533,0.7071067811865477,2,1.2520020719968417,0.0
T1376,U1949,43543.96,Withdrawal,Card,iOS,Hyderabad,608,18,3,29168.09,1,0.817,1,0,28943.205,20648.585741886774,0.7071067811865475,2,1.504462273614826,0.817
T1377,U5868,22293.0,Withdrawal,Wallet,Android,Bangalore,943,5,1,4679.56,0,0.542,3,0,22293.0,,,1,1.0,1.626
T1378,U7227,25765.13,Withdrawal,NetBanking,Android,Bangalore,1571,5,0,13848.32,0,0.452,5,0,25765.13,,,1,1.0,2.26
T1379,U8144,17993.71,Withdrawal,UPI,Web,Mumbai,1925,5,3,17497.24,0,0.829,6,0,16760.285,1744.3263631700338,0.7071067811865475,2,1.073592125670894,4.974
T1380,U2998,29667.9,Withdrawal,Wallet,iOS,Bangalore,438,14,1,9731.17,0,0.519,5,0,29667.9,,,1,1.0,2.595
T1381,U1587,8218.02,Transfer,Card,Web,Bangalore,1576,1,1,18432.57,0,0.595,8,0,14966.2425,13502.179337485672,-0.4997876514101042,4,0.5491037580073956,4.76
T1382,U6147,19584.52,Withdrawal,Card,Android,Hyderabad,1159,8,2,18752.23,1,0.815,6,0,19584.52,,,1,1.0,4.89
T1383,U4701,48472.15,Withdrawal,Wallet,iOS,Hyderabad,1743,7,0,25282.65,0,0.721,2,0,46136.8,3302.6836428880133,0.7071067811865458,2,1.0506179448943145,1.442
T1384,U2740,12943.76,Payment,UPI,Android,Hyderabad,1334,6,1,24992.21,0,0.659,5,0,12943.76,,,1,1.0,3.295
T1385,U8927,32854.0,Withdrawal,NetBanking,Android,Bangalore,552,15,1,4361.41,0,0.704,7,0,17505.955,21705.41339491257,0.7071067811865474,2,1.876732803208965,4.928
T1386,U5999,16293.24,Payment,NetBanking,Android,Hyderabad,376,14,1,5149.87,0,0.263,2,0,29548.35,18745.55633274724,-0.7071067811865474,2,0.5514094695642904,0.526
T1387,U5235,38684.98,Transfer,UPI,iOS,Hyderabad,1862,8,0,6748.92,0,0.117,5,0,24395.26,20208.715826514064,0.7071067811865476,2,1.5857580529988202,0.5850000000000001
T1388,U7833,6587.14,Transfer,NetBanking,Android,Chennai,1977,19,2,7910.78,1,0.623,5,0,4037.415,3605.85567532174,0.7071067811865476,2,1.6315241311581792,3.115
T1389,U8056,48492.56,Withdrawal,Card,Android,Chennai,1777,14,4,16978.35,0,0.224,8,0,30039.59333333333,23104.03070628442,0.7986903627879683,3,1.614288165019544,1.792
T1390,U1403,22716.79,Transfer,Card,iOS,Delhi,1078,1,3,9891.96,0,0.048,9,0,22716.79,,,1,1.0,0.432
T1391,U7238,11840.72,Withdrawal,Card,Web,Mumbai,1526,19,0,28593.58,0,0.254,3,1,22203.42,14655.070882803671,-0.7071067811865474,2,0.53328361126349,0.762
T1392,U4882,3721.16,Transfer,Card,Android,Mumbai,1349,13,0,3637.21,1,0.72,4,0,7930.08,5952.311746943367,-0.7071067811865476,2,0.4692462118919355,2.88
T1393,U1064,8529.41,Withdrawal,UPI,Web,Hyderabad,1222,10,0,7469.9,1,0.708,9,0,8529.41,,,1,1.0,6.372
T1394,U7323,26012.71,Withdrawal,NetBanking,Web,Delhi,61,2,4,26062.69,0,0.903,9,0,26012.71,,,1,1.0,8.127
T1395,U1209,16883.31,Payment,NetBanking,Web,Delhi,573,1,3,17571.5,0,0.675,3,0,34508.22333333333,16123.035747068025,-1.093151042385949,3,0.489254686829719,2.0250000000000004
T1396,U1386,41452.72,Payment,Wallet,Web,Chennai,1365,17,3,16468.11,0,0.44,2,0,32616.99,12495.609199466828,0.7071067811865478,2,1.2708934822005342,0.88
T1397,U4576,21572.83,Payment,UPI,Web,Delhi,508,13,1,17870.92,0,0.26,7,0,24898.0725,17191.72656353122,-0.1934210905293149,4,0.8664457861145677,1.82
T1398,U9469,12473.28,Payment,NetBanking,Web,Bangalore,986,23,1,7642.71,0,0.758,4,0,27861.4575,11976.166478945795,-1.2849000994644275,4,0.4476894290257428,3.032
T1399,U4175,30876.39,Withdrawal,NetBanking,iOS,Hyderabad,1351,4,2,22867.27,0,0.412,3,0,33180.18,3258.051062859514,-0.7071067811865476,2,0.9305672844451116,1.236
T1400,U9401,35353.52,Transfer,Wallet,iOS,Bangalore,1443,11,0,14946.31,0,0.815,2,0,42582.465,10223.27206064918,-0.707106781186547,2,0.8302365774268822,1.63
T1401,U4503,8393.74,Withdrawal,Card,Web,Mumbai,332,13,2,1373.62,0,0.852,8,0,8393.74,,,1,1.0,6.816
T1402,U1503,8422.58,Payment,NetBanking,iOS,Chennai,1624,5,0,5397.03,0,0.352,7,0,8422.58,,,1,1.0,2.464
T1403,U9755,1881.74,Payment,Card,iOS,Bangalore,1594,7,3,24517.06,0,0.344,5,0,1881.74,,,1,1.0,1.7199999999999998
T1404,U3575,36833.28,Transfer,Wallet,Web,Hyderabad,1263,6,2,10416.84,0,0.914,7,0,36833.28,,,1,1.0,6.398000000000001
T1405,U3809,33207.04,Payment,NetBanking,Web,Bangalore,1377,6,3,23225.98,0,0.397,1,0,13384.55,14413.355507586242,1.3752862745643613,4,2.480997866943603,0.397
T1406,U3546,23757.81,Withdrawal,Card,Android,Bangalore,1404,11,1,19934.96,0,0.707,9,0,23049.93,20486.70435847845,0.0345531417651881,3,1.030710722331912,6.363
T1407,U1629,42216.31,Withdrawal,UPI,iOS,Delhi,565,6,3,9113.65,0,0.378,8,0,42216.31,,,1,1.0,3.024
T1408,U6857,40293.22,Withdrawal,Card,Web,Chennai,1325,11,4,3898.36,0,0.731,4,0,24378.195,13865.112429621093,1.147846804761534,4,1.652838530498259,2.924
T1409,U1574,29288.45,Withdrawal,Card,iOS,Mumbai,1470,15,2,24227.66,0,0.174,1,0,27123.303333333333,10881.589831386464,0.198973376153326,3,1.0798260683832637,0.174
T1410,U2937,43420.15,Withdrawal,Card,iOS,Hyderabad,1280,6,0,19328.31,0,0.836,4,0,32790.380000000005,15032.764898906658,0.7071067811865471,2,1.324173431353952,3.344
T1411,U8393,10331.77,Transfer,Card,iOS,Hyderabad,1973,7,3,9093.85,0,0.983,1,0,10473.265,200.1041480079816,-0.7071067811865407,2,0.986489886391684,0.983
T1412,U1790,5640.38,Withdrawal,UPI,Android,Mumbai,228,0,2,15745.92,0,0.766,6,0,7605.67,2779.339771996219,-0.7071067811865478,2,0.7416019890423855,4.596
T1413,U5661,13523.99,Payment,Wallet,Web,Hyderabad,543,12,0,18395.9,0,0.359,8,0,17315.673333333332,9237.250118202566,-0.4104774997768641,3,0.7810259375802501,2.872
T1414,U2123,2901.49,Payment,Card,iOS,Delhi,651,18,2,163.34,0,0.555,5,0,2901.49,,,1,1.0,2.7750000000000004
T1415,U5199,26581.92,Payment,Card,Web,Bangalore,528,0,2,20148.35,0,0.67,9,0,13798.883333333331,13123.858449832249,0.9740303673292104,3,1.9263819656904604,6.03
T1416,U4801,46833.45,Payment,NetBanking,iOS,Delhi,1817,23,4,19716.73,0,0.193,2,0,46833.45,,,1,1.0,0.386
T1417,U5106,2015.21,Transfer,NetBanking,Web,Delhi,1505,17,3,2569.09,0,0.283,2,0,2015.21,,,1,1.0,0.566
T1418,U1731,6149.39,Payment,UPI,Web,Delhi,1383,6,4,23653.82,0,0.802,4,0,6149.39,,,1,1.0,3.208
T1419,U6684,22637.34,Transfer,UPI,Web,Mumbai,53,21,1,24770.16,0,0.945,6,0,22637.34,,,1,1.0,5.67
T1420,U3589,46697.06,Payment,UPI,iOS,Chennai,1785,16,2,8775.86,0,0.272,6,1,46697.06,,,1,1.0,1.632
T1421,U4961,15842.0,Transfer,NetBanking,Android,Mumbai,1911,14,3,4950.16,0,0.148,6,0,23360.86666666667,7027.227390104388,-1.0699620560528036,3,0.6781426488172527,0.8879999999999999
T1422,U3460,25386.38,Transfer,Card,Web,Mumbai,74,21,1,20625.8,0,0.982,6,0,26850.31,2070.309660364845,-0.7071067811865475,2,0.9454780969009297,5.892
T1423,U2686,2126.56,Transfer,NetBanking,Android,Delhi,255,18,1,3788.17,0,0.32,1,0,14045.075,16855.32555634717,-0.7071067811865476,2,0.1514096578337958,0.32
T1424,U2958,7459.74,Payment,Wallet,Web,Chennai,996,22,4,25755.47,0,0.778,1,0,16867.975,13305.253534993237,-0.7071067811865474,2,0.4422427706941705,0.778
T1425,U9033,49332.17,Transfer,UPI,Android,Mumbai,1618,3,1,14455.87,0,0.379,3,0,32288.18333333333,17826.041032518504,0.9561285445026632,3,1.5278707225708477,1.137
T1426,U7499,48257.68,Withdrawal,UPI,Web,Chennai,1104,16,0,27303.29,0,0.949,2,0,48257.68,,,1,1.0,1.898
T1427,U6213,296.75,Withdrawal,UPI,Android,Delhi,1742,6,0,19300.86,0,0.6,7,0,3378.915,4358.839544471671,-0.7071067811865475,2,0.0878240500278935,4.2
T1428,U3513,47593.0,Payment,Wallet,Web,Mumbai,1734,15,0,8624.26,0,0.415,6,0,25428.3925,19669.361100332968,1.1268595551700349,4,1.87164800134338,2.49
T1429,U1239,31974.04,Withdrawal,Card,Web,Chennai,167,16,1,14094.33,1,0.178,5,0,20378.615,16398.407296480043,0.7071067811865476,2,1.5689996596922804,0.8899999999999999
T1430,U8618,43402.52,Withdrawal,Card,Android,Hyderabad,947,19,2,15927.48,0,0.256,8,0,27657.405,22266.95517412405,0.7071067811865476,2,1.5692911175144597,2.048
T1431,U2341,22764.26,Withdrawal,Card,Web,Mumbai,1508,14,3,24473.24,0,0.857,2,0,18513.55,6011.411731714938,0.7071067811865476,2,1.2295999416643486,1.714
T1432,U9015,25804.02,Payment,UPI,iOS,Mumbai,1875,8,0,25869.47,0,0.057,7,0,25804.02,,,1,1.0,0.399
T1433,U4083,24467.89,Payment,Card,Web,Mumbai,1058,20,0,20522.05,1,0.157,4,0,15696.753333333332,7830.827296986784,1.120077909270417,3,1.558786679028742,0.628
T1434,U3436,33359.87,Withdrawal,NetBanking,Web,Chennai,1883,22,0,8896.52,1,0.193,3,0,33359.87,,,1,1.0,0.579
T1435,U1739,7025.58,Payment,UPI,iOS,Bangalore,1616,12,4,15904.2,0,0.071,1,0,16403.596666666668,8675.800662038826,-1.0809396195212744,3,0.4282950954455313,0.071
T1436,U4254,1547.18,Transfer,Wallet,iOS,Mumbai,834,6,4,4005.59,0,0.686,2,0,1547.18,,,1,1.0,1.372
T1437,U2487,15431.1,Withdrawal,Wallet,iOS,Hyderabad,1256,18,0,6980.27,0,0.981,7,0,19917.16333333333,5409.838355129783,-0.8292416591485592,3,0.7747639431251003,6.867
T1438,U7124,35248.8,Payment,Card,Android,Hyderabad,169,10,0,9161.45,0,0.139,3,1,35248.8,,,1,1.0,0.417
T1439,U2492,10132.58,Payment,UPI,iOS,Delhi,827,7,4,2275.52,0,0.799,5,0,10132.58,,,1,1.0,3.995
T1440,U1645,33687.95,Withdrawal,NetBanking,Android,Bangalore,1014,16,3,26561.16,0,0.177,3,0,33687.95,,,1,1.0,0.5309999999999999
T1441,U8811,48497.11,Payment,NetBanking,iOS,Bangalore,84,3,2,3767.06,0,0.974,7,0,36667.130000000005,16730.11815860247,0.7071067811865472,2,1.3226317412898143,6.818
T1442,U4941,4740.34,Withdrawal,UPI,Android,Chennai,147,3,3,20935.48,0,0.507,4,0,24297.95,17747.994895472,-1.1019616646942854,3,0.1950921785582734,2.028
T1443,U3540,33646.48,Payment,Card,iOS,Delhi,1951,17,2,15219.29,0,0.848,8,0,35280.630000000005,2311.0370929519927,-0.7071067811865483,2,0.953681382673722,6.784
T1444,U2074,22215.32,Transfer,Wallet,iOS,Chennai,488,21,1,24969.86,0,0.171,8,1,22215.32,,,1,1.0,1.368
T1445,U3356,43413.71,Withdrawal,Wallet,Web,Delhi,562,16,1,22256.97,0,0.885,4,0,22749.055,29224.23536276099,0.7071067811865476,2,1.9083742159839163,3.54
T1446,U6031,8898.63,Transfer,NetBanking,iOS,Bangalore,1336,2,3,22816.17,0,0.082,2,0,21994.255,18520.010482752165,-0.7071067811865474,2,0.4045888346752368,0.164
T1447,U2861,34646.67,Withdrawal,NetBanking,Web,Chennai,1943,8,4,12608.55,0,0.023,7,1,37687.575,4300.489092888163,-0.7071067811865461,2,0.919312797387468,0.161
T1448,U7316,41913.86,Payment,NetBanking,iOS,Delhi,396,5,0,25035.89,0,0.709,1,0,41913.86,,,1,1.0,0.709
T1449,U5735,47233.48,Transfer,Wallet,iOS,Bangalore,481,1,1,2932.78,0,0.107,9,1,37391.61,13918.506033112892,0.7071067811865477,2,1.2632106507315413,0.963
T1450,U1368,34178.24,Payment,NetBanking,Web,Bangalore,1367,11,4,13388.13,0,0.866,5,0,36730.76666666667,10393.731840471606,-0.2455832713258507,3,0.93050712254849,4.33
T1451,U5719,24883.88,Withdrawal,Wallet,Web,Mumbai,318,14,4,29838.96,0,0.621,4,0,34707.86,13893.205752482036,-0.7071067811865476,2,0.7169522984130973,2.484
T1452,U5067,30911.47,Withdrawal,Wallet,Android,Chennai,1561,8,2,28448.62,0,0.331,4,0,24024.875,9739.116047570746,0.7071067811865476,2,1.2866443633941904,1.324
T1453,U4810,43451.8,Withdrawal,Card,Web,Mumbai,896,1,1,2558.16,0,0.277,9,1,40062.77333333334,10447.096277580356,0.3243989120632087,3,1.0845929121898037,2.4930000000000003
T1454,U1008,28551.96,Withdrawal,Card,Android,Bangalore,710,11,3,17232.27,1,0.082,1,0,32769.225,5964.11335912137,-0.7071067811865475,2,0.8713040970605804,0.082
T1455,U3816,1567.83,Withdrawal,Card,iOS,Chennai,1573,15,4,9537.95,0,0.687,4,0,1567.83,,,1,1.0,2.748
T1456,U1332,46550.89,Transfer,NetBanking,Web,Chennai,1196,6,3,21881.33,0,0.917,6,0,46550.89,,,1,1.0,5.502000000000001
T1457,U3271,34491.86,Withdrawal,Wallet,Web,Hyderabad,1009,0,3,22100.04,0,0.757,8,0,34491.86,,,1,1.0,6.056
T1458,U4459,33841.84,Payment,NetBanking,iOS,Delhi,1931,20,1,102.79,0,0.619,2,0,33383.13,4547.330299318492,0.1008745725087852,3,1.0137407726597236,1.238
T1459,U6924,10822.97,Transfer,Wallet,iOS,Hyderabad,1862,6,3,25389.99,0,0.119,8,0,20194.035,13252.687216879827,-0.7071067811865476,2,0.5359488581652948,0.952
T1460,U5204,32961.33,Payment,Card,iOS,Hyderabad,961,2,3,6785.12,0,0.828,9,0,26552.120000000003,9063.991706097268,0.7071067811865472,2,1.2413822323791848,7.452
T1461,U7937,19723.53,Withdrawal,Card,iOS,Bangalore,1088,19,0,28980.61,0,0.965,8,0,29369.01,8536.484324761572,-1.1299124596318406,3,0.671576263551274,7.72
T1462,U3827,32579.09,Payment,NetBanking,Web,Delhi,795,4,3,27172.4,0,0.263,5,0,30531.07,2896.337660011347,0.7071067811865475,2,1.0670798632344036,1.315
T1463,U2919,5374.32,Transfer,Wallet,iOS,Hyderabad,1488,2,0,5800.71,0,0.42,1,0,18602.27333333333,19967.550628758487,-0.6624725074832978,3,0.2889066246741885,0.42
T1464,U7093,32909.37,Transfer,NetBanking,iOS,Hyderabad,314,14,1,19126.43,0,0.014,6,1,20722.465,17234.886334352486,0.7071067811865476,2,1.588101126000213,0.084
T1465,U1981,49970.72,Transfer,UPI,Web,Chennai,111,5,3,8960.9,0,0.832,1,0,30716.015,27230.26495049305,0.7071067811865475,2,1.626862078300196,0.832
T1466,U5810,2458.19,Payment,NetBanking,Android,Bangalore,1587,14,4,3179.23,0,0.021,4,0,2458.19,,,1,1.0,0.084
T1467,U1272,48859.85,Transfer,Card,Web,Hyderabad,784,2,3,26232.67,0,0.487,9,0,48859.85,,,1,1.0,4.383
T1468,U9722,20375.05,Payment,Wallet,Android,Delhi,1421,23,0,5506.71,0,0.576,5,0,20375.05,,,1,1.0,2.88
T1469,U2631,43544.13,Withdrawal,Wallet,iOS,Mumbai,1716,22,4,12686.93,0,0.056,7,0,29429.9925,10165.093428645485,1.3884906812785418,4,1.4795834555513392,0.392
T1470,U7111,39130.15,Withdrawal,NetBanking,Web,Mumbai,1241,0,1,27733.25,0,0.176,9,1,39130.15,,,1,1.0,1.584
T1471,U6367,28372.46,Payment,Card,iOS,Bangalore,1348,1,2,2353.09,0,0.791,4,0,26036.74,15406.518161521764,0.1516059615490232,3,1.0897086194354593,3.164
T1472,U4952,36935.54,Transfer,UPI,Web,Mumbai,1082,3,2,16562.48,0,0.253,5,0,30685.005,8839.591369087713,0.7071067811865476,2,1.2036999831024957,1.265
T1473,U3419,43931.85,Payment,NetBanking,Android,Chennai,581,20,0,17207.12,0,0.725,6,0,41059.735,4061.783985695199,0.7071067811865476,2,1.0699496721057746,4.35
T1474,U6922,20236.81,Payment,Wallet,Web,Chennai,1551,13,1,22915.69,0,0.749,1,0,20236.81,,,1,1.0,0.749
T1475,U1170,16385.31,Payment,Card,iOS,Delhi,157,13,1,24831.21,1,0.407,5,0,22481.056666666667,10391.405049031307,-0.5866142872791698,3,0.7288496374058338,2.035
T1476,U5318,33396.29,Withdrawal,Wallet,Web,Bangalore,1832,9,3,12781.9,0,0.064,4,0,21077.945,17420.770564990806,0.7071067811865475,2,1.584418689772651,0.256
T1477,U8590,40401.9,Payment,Wallet,iOS,Bangalore,1244,10,2,22336.12,0,0.011,1,0,40401.9,,,1,1.0,0.011
T1478,U9899,38126.14,Withdrawal,Wallet,Web,Mumbai,1405,3,3,27322.14,0,0.493,4,0,38126.14,,,1,1.0,1.972
T1479,U2072,39900.79,Payment,Wallet,Android,Hyderabad,1695,14,1,26599.36,0,0.071,5,0,39900.79,,,1,1.0,0.355
T1480,U2169,21807.39,Withdrawal,UPI,Web,Hyderabad,606,19,0,15104.39,0,0.726,9,0,21807.39,,,1,1.0,6.534
T1481,U5284,40900.82,Payment,Card,Web,Hyderabad,987,3,0,18250.18,0,0.381,1,0,41426.89,743.9753287576137,-0.7071067811865475,2,0.98730124322632,0.381
T1482,U5279,6054.44,Payment,NetBanking,Web,Delhi,1705,19,4,20216.98,0,0.683,6,0,8514.494999999999,3479.0431451837444,-0.7071067811865474,2,0.7110744677165235,4.098000000000001
T1483,U2543,27247.23,Transfer,Card,Web,Bangalore,1080,19,0,24591.35,0,0.408,8,0,27247.23,,,1,1.0,3.264
T1484,U4871,337.65,Transfer,Card,Android,Mumbai,1707,15,2,15281.22,0,0.628,9,0,337.65,,,1,1.0,5.652
T1485,U1407,16263.06,Payment,Card,iOS,Delhi,508,1,4,3445.81,0,0.833,5,0,16263.06,,,1,1.0,4.165
T1486,U2762,18354.75,Payment,NetBanking,Web,Chennai,164,12,2,11620.52,0,0.884,2,0,28570.62,14447.42190544043,-0.7071067811865475,2,0.6424344308943943,1.768
T1487,U1153,19838.83,Payment,Card,Web,Chennai,239,7,3,21634.04,0,0.017,1,0,19838.83,,,1,1.0,0.017
T1488,U7648,34788.59,Payment,NetBanking,Web,Chennai,1333,12,3,18751.59,0,0.646,5,0,34788.59,,,1,1.0,3.23
T1489,U5659,19458.48,Transfer,NetBanking,Android,Bangalore,167,19,0,22629.4,0,0.564,3,0,24511.42,8986.274387926289,-0.5622953163759378,3,0.7938536404663622,1.6919999999999995
T1490,U7743,22462.25,Withdrawal,UPI,iOS,Chennai,1706,20,4,15048.62,0,0.637,6,0,17739.045,6679.620568868413,0.7071067811865479,2,1.2662603877491716,3.822
T1491,U3683,11915.33,Payment,Wallet,iOS,Hyderabad,932,7,2,5314.7,0,0.058,9,0,27984.965,22725.89575938537,-0.7071067811865476,2,0.4257761265736798,0.522
T1492,U6351,18693.93,Transfer,NetBanking,Web,Chennai,1280,3,2,3544.71,0,0.07,1,0,18693.93,,,1,1.0,0.07
T1493,U5953,11402.12,Payment,Wallet,Web,Delhi,577,4,1,14489.73,0,0.497,4,0,11402.12,,,1,1.0,1.988
T1494,U1213,3706.14,Payment,Card,iOS,Chennai,1184,20,0,6251.17,0,0.057,4,0,14520.783333333333,9637.317579390716,-1.122163220651804,3,0.255230032355922,0.228
T1495,U5791,30192.26,Withdrawal,Wallet,Web,Hyderabad,308,5,3,29469.78,0,0.776,7,0,28774.855,2004.513374375435,0.7071067811865476,2,1.0492584584700777,5.432
T1496,U6435,33427.23,Payment,Wallet,Web,Chennai,1087,22,1,6042.71,0,0.772,2,0,28555.623333333333,15618.817957977271,0.3119062325826334,3,1.1706006067456416,1.544
T1497,U3547,30993.54,Payment,Wallet,Web,Mumbai,1256,18,3,17046.85,0,0.117,8,0,30993.54,,,1,1.0,0.936
T1498,U9691,23201.53,Withdrawal,Card,Android,Hyderabad,775,9,3,152.86,0,0.455,6,0,23201.53,,,1,1.0,2.73
T1499,U1581,19020.3,Withdrawal,Card,Android,Bangalore,1613,2,2,7683.99,1,0.595,4,0,19020.3,,,1,1.0,2.38
T1500,U3546,43173.52,Withdrawal,NetBanking,iOS,Chennai,574,12,3,7848.24,0,0.859,3,0,23049.93,20486.70435847845,0.9822756089937824,3,1.87304343223602,2.577
T1501,U6155,25978.14,Withdrawal,NetBanking,Android,Delhi,476,8,4,22165.82,1,0.988,7,0,25803.48,247.00654080408455,0.7071067811865475,2,1.006768854433588,6.916
T1502,U3063,23985.13,Transfer,UPI,Android,Chennai,1790,16,3,14919.22,0,0.017,9,0,13316.0,15088.42834472166,0.7071067811865476,2,1.8012263442475218,0.153
T1503,U1489,1330.82,Transfer,Card,iOS,Delhi,495,9,4,461.55,0,0.476,2,0,22055.54,29309.18010038493,-0.7071067811865476,2,0.0603394884006467,0.952
T1504,U3682,17095.33,Transfer,UPI,Android,Mumbai,1585,11,3,11437.21,0,0.803,8,0,17095.33,,,1,1.0,6.424
T1505,U7997,19040.77,Payment,Card,iOS,Bangalore,453,12,1,19378.95,0,0.796,2,0,19040.77,,,1,1.0,1.592
T1506,U5349,19971.2,Withdrawal,Wallet,Web,Hyderabad,1887,23,2,19137.54,0,0.542,6,0,16370.83,5091.692083561222,0.7071067811865475,2,1.2199259292290006,3.252
T1507,U5746,29029.61,Withdrawal,UPI,iOS,Hyderabad,914,9,1,1711.27,0,0.182,8,1,29029.61,,,1,1.0,1.456
T1508,U9068,26703.45,Transfer,UPI,iOS,Bangalore,872,18,2,27874.5,0,0.559,1,0,24043.675000000003,3761.4898778609,0.7071067811865468,2,1.110622648160067,0.559
T1509,U2060,30414.86,Payment,UPI,iOS,Mumbai,1171,20,1,7485.03,0,0.392,7,0,30414.86,,,1,1.0,2.744
T1510,U8359,38255.92,Payment,Card,Web,Mumbai,1811,18,0,26756.63,0,0.409,9,0,38255.92,,,1,1.0,3.681
T1511,U4712,40658.64,Payment,NetBanking,Web,Chennai,935,16,3,6481.09,0,0.329,6,0,32090.66333333333,18098.564325731288,0.4734064267454247,3,1.2669928189912767,1.974
T1512,U6151,35920.25,Transfer,UPI,Web,Mumbai,1683,4,3,17078.72,0,0.144,6,0,21200.765,20816.49531814734,0.7071067811865475,2,1.6942902767895405,0.8639999999999999
T1513,U1924,47778.41,Payment,NetBanking,iOS,Chennai,1987,7,0,12241.8,0,0.738,9,0,29821.17,21073.19886616173,0.8521364086225571,3,1.6021641672677498,6.642
T1514,U6711,960.72,Payment,Card,iOS,Delhi,301,4,0,17482.34,0,0.708,2,0,960.72,,,1,1.0,1.416
T1515,U3718,9829.11,Payment,UPI,iOS,Bangalore,1243,14,4,14986.1,0,0.543,4,0,13515.64,5213.5407240952845,-0.7071067811865475,2,0.7272397015605625,2.172
T1516,U9957,427.77,Withdrawal,Card,iOS,Delhi,1717,3,1,161.21,0,0.355,8,0,2263.0150000000003,2595.428369277411,-0.7071067811865476,2,0.1890265862135248,2.84
T1517,U3632,32391.36,Transfer,NetBanking,iOS,Delhi,1730,12,3,10604.84,0,0.823,5,0,37694.05,7499.136115060182,-0.7071067811865483,2,0.8593228904827154,4.115
T1518,U5208,44906.63,Withdrawal,NetBanking,iOS,Delhi,1844,16,4,435.39,0,0.16,9,1,44906.63,,,1,1.0,1.44
T1519,U9490,12211.94,Withdrawal,UPI,iOS,Delhi,761,4,3,20532.66,1,0.435,3,0,12211.94,,,1,1.0,1.305
T1520,U9214,46355.38,Transfer,NetBanking,Android,Hyderabad,1244,0,0,25619.52,0,0.654,6,1,44805.94,2191.239062083369,0.7071067811865451,2,1.0345811291984943,3.924
T1521,U1669,3060.36,Withdrawal,Wallet,Web,Mumbai,884,21,4,11602.96,0,0.821,6,0,21830.055,26544.35723060647,-0.7071067811865475,2,0.140190210239965,4.926
T1522,U9701,46725.08,Payment,Wallet,Android,Bangalore,672,14,4,15791.58,0,0.65,3,0,47575.545,1202.7391373236371,-0.7071067811865429,2,0.9821239042033044,1.95
T1523,U9458,17613.55,Payment,UPI,Web,Bangalore,1421,9,4,2068.54,0,0.118,6,1,17613.55,,,1,1.0,0.708
T1524,U9634,5115.97,Payment,Card,iOS,Delhi,1429,10,1,11617.4,0,0.101,1,0,5115.97,,,1,1.0,0.101
T1525,U5238,24319.29,Payment,Card,Android,Bangalore,1157,17,4,4251.93,0,0.05,5,0,13592.625,15169.795122032798,0.7071067811865475,2,1.7891533092393854,0.25
T1526,U5011,12875.99,Transfer,Card,iOS,Chennai,1594,12,3,2034.58,0,0.56,2,0,12875.99,,,1,1.0,1.12
T1527,U5938,14279.4,Withdrawal,Wallet,Android,Bangalore,929,19,1,5243.79,0,0.243,8,0,14279.4,,,1,1.0,1.944
T1528,U7004,15399.13,Withdrawal,NetBanking,Android,Delhi,918,23,3,26138.23,0,0.16,7,0,15399.13,,,1,1.0,1.12
T1529,U1764,40161.14,Payment,Wallet,iOS,Bangalore,133,15,4,29467.91,1,0.085,7,0,36330.495,5417.350111636688,0.7071067811865479,2,1.1054388331345335,0.5950000000000001
T1530,U3946,26981.11,Payment,NetBanking,Android,Mumbai,77,18,4,26388.5,0,0.642,4,0,26981.11,,,1,1.0,2.568
T1531,U5515,15599.82,Withdrawal,Wallet,Android,Delhi,484,22,3,29093.15,0,0.753,2,0,14591.705,1425.6899054317523,0.7071067811865476,2,1.0690882251251652,1.506
T1532,U2620,30536.17,Transfer,Card,Web,Hyderabad,367,11,2,21951.12,0,0.858,3,0,17215.45,18838.342884574533,0.7071067811865475,2,1.7737654258238964,2.574
T1533,U6971,35821.73,Withdrawal,Card,iOS,Mumbai,1776,22,4,4875.19,1,0.595,4,0,35821.73,,,1,1.0,2.38
T1534,U7423,13667.57,Payment,Card,iOS,Bangalore,1489,13,4,16938.8,0,0.354,3,0,19796.035,8666.95831952883,-0.7071067811865475,2,0.6904195713939685,1.0619999999999998
T1535,U8149,20706.78,Payment,UPI,Android,Hyderabad,1379,1,1,21974.72,0,0.47,3,0,20706.78,,,1,1.0,1.41
T1536,U2143,6138.21,Transfer,UPI,iOS,Mumbai,1963,9,3,15452.54,0,0.636,1,0,17956.175,16713.126382650553,-0.7071067811865476,2,0.3418439617568886,0.636
T1537,U2991,9098.41,Withdrawal,NetBanking,Web,Chennai,530,3,4,16684.55,0,0.713,1,0,9098.41,,,1,1.0,0.713
T1538,U9347,34071.84,Transfer,UPI,Web,Mumbai,1811,0,3,17627.08,0,0.645,8,0,34071.84,,,1,1.0,5.16
T1539,U7575,9112.85,Transfer,Wallet,iOS,Hyderabad,1670,23,1,14058.71,0,0.962,8,0,21695.4425,18424.53635834812,-0.6829258688129133,4,0.4200352216830794,7.696
T1540,U6679,26281.91,Payment,Wallet,iOS,Chennai,1916,16,3,8788.6,0,0.75,1,0,26281.91,,,1,1.0,0.75
T1541,U4211,35466.86,Withdrawal,NetBanking,Web,Bangalore,842,10,3,19147.05,0,0.751,4,0,35466.86,,,1,1.0,3.004
T1542,U5247,5388.5,Payment,NetBanking,iOS,Delhi,633,6,1,1699.9,0,0.82,2,0,5388.5,,,1,1.0,1.64
T1543,U7300,28387.25,Withdrawal,Card,Android,Bangalore,1531,16,4,5210.72,0,0.46,1,0,28387.25,,,1,1.0,0.46
T1544,U4705,12865.31,Payment,UPI,iOS,Delhi,1361,16,3,27765.32,0,0.264,2,0,12042.13,1164.1523202742842,0.7071067811865464,2,1.0683583385995663,0.528
T1545,U4550,48148.2,Payment,Card,Android,Delhi,1363,8,2,14715.61,0,0.816,1,0,48148.2,,,1,1.0,0.816
T1546,U3912,24203.11,Withdrawal,UPI,Web,Hyderabad,1599,9,4,24668.35,0,0.464,5,1,24203.11,,,1,1.0,2.3200000000000003
T1547,U7510,40309.33,Withdrawal,UPI,iOS,Chennai,436,5,1,21823.57,0,0.607,6,0,32977.8625,11633.503272139986,0.630202900063428,4,1.222314818008596,3.642
T1548,U8131,27533.82,Payment,NetBanking,Web,Chennai,1018,16,0,9689.2,0,0.43,8,1,26415.65,1581.3311790387252,0.7071067811865458,2,1.0423298309903408,3.44
T1549,U3546,2218.46,Withdrawal,Card,iOS,Mumbai,452,15,2,24129.11,0,0.396,8,1,23049.93,20486.70435847845,-1.0168287507589704,3,0.0962458454320685,3.168
T1550,U4775,31675.91,Payment,Card,Android,Bangalore,610,6,4,2830.54,0,0.671,4,0,40003.56,11777.075572696303,-0.7071067811865474,2,0.791827277372314,2.684
T1551,U3366,47572.6,Withdrawal,UPI,iOS,Hyderabad,1128,18,1,26261.85,1,0.665,3,0,47572.6,,,1,1.0,1.995
T1552,U2567,30100.51,Payment,UPI,Web,Bangalore,1904,3,2,20448.74,0,0.309,5,0,30100.51,,,1,1.0,1.545
T1553,U9316,40968.48,Payment,NetBanking,Android,Mumbai,771,19,4,27819.46,0,0.189,8,0,26670.045,20221.04069771015,0.7071067811865475,2,1.536123392367729,1.512
T1554,U3900,44216.11,Payment,Wallet,iOS,Mumbai,964,23,0,26875.76,0,0.131,5,0,44216.11,,,1,1.0,0.655
T1555,U3992,11442.58,Transfer,Card,Web,Hyderabad,1484,16,4,11469.83,0,0.114,7,0,11442.58,,,1,1.0,0.798
T1556,U9351,10641.64,Withdrawal,Card,Web,Mumbai,1350,23,0,25719.29,0,0.818,4,0,21008.092,10866.229537782185,-0.9540063518772132,5,0.5065495714698889,3.272
T1557,U5021,30568.5,Payment,NetBanking,iOS,Hyderabad,496,8,0,16934.18,0,0.286,2,0,30568.5,,,1,1.0,0.572
T1558,U1103,20580.87,Transfer,NetBanking,Web,Mumbai,1711,10,3,4797.72,0,0.679,9,0,23913.88,4713.587945525152,-0.7071067811865469,2,0.8606244574280711,6.111000000000001
T1559,U3313,42001.07,Payment,Card,Android,Chennai,748,22,1,24903.57,0,0.287,2,0,42001.07,,,1,1.0,0.574
T1560,U4791,45006.16,Transfer,Card,iOS,Hyderabad,657,0,3,27246.8,0,0.667,2,0,47392.415,3374.674184280606,-0.7071067811865476,2,0.9496490102899378,1.334
T1561,U5032,17703.4,Payment,UPI,Android,Chennai,905,6,0,2627.96,0,0.984,8,0,17703.4,,,1,1.0,7.872
T1562,U2316,11881.68,Payment,Wallet,Web,Chennai,1610,21,1,27923.53,0,0.066,6,1,23847.56,16922.30978172897,-0.7071067811865476,2,0.4982346202294909,0.396
T1563,U5812,39037.25,Transfer,Card,Web,Hyderabad,14,4,1,18077.82,0,0.654,5,0,28069.8675,17016.592275265488,0.6445110937952993,4,1.390717287853247,3.27
T1564,U2468,13776.56,Transfer,NetBanking,Web,Bangalore,641,4,1,874.33,0,0.283,3,0,16462.805,3798.924110856914,-0.7071067811865479,2,0.8368294467437353,0.849
T1565,U6120,41139.59,Withdrawal,UPI,Android,Delhi,1404,0,2,16299.66,1,0.083,7,1,41139.59,,,1,1.0,0.5810000000000001
T1566,U6299,21215.73,Withdrawal,UPI,Web,Mumbai,1764,5,4,23922.8,1,0.079,8,0,12445.42,12403.09134821638,0.7071067811865475,2,1.7047018099831102,0.632
T1567,U2135,33394.12,Transfer,NetBanking,iOS,Mumbai,886,12,0,16042.13,0,0.372,9,0,34436.73,1474.4732022658109,-0.7071067811865438,2,0.9697238965488304,3.348
T1568,U9971,4821.99,Withdrawal,NetBanking,iOS,Bangalore,995,14,1,21246.66,0,0.541,2,0,4821.99,,,1,1.0,1.082
T1569,U8593,31211.77,Transfer,UPI,Web,Delhi,1588,3,2,26399.52,0,0.647,8,0,31211.77,,,1,1.0,5.176
T1570,U6406,22615.8,Withdrawal,NetBanking,iOS,Bangalore,1221,16,2,26105.87,0,0.568,5,0,14292.505,11770.91667263217,0.7071067811865476,2,1.582353828107809,2.84
T1571,U4730,29351.09,Payment,UPI,Android,Delhi,35,23,0,5448.21,0,0.898,1,0,25159.34,5928.029700077421,0.7071067811865476,2,1.166608106571953,0.898
T1572,U4441,8442.31,Withdrawal,NetBanking,Android,Hyderabad,1812,23,3,12871.19,0,0.154,7,0,12764.285,6112.195661237457,-0.7071067811865477,2,0.6614009323671478,1.078
T1573,U5795,36856.84,Payment,UPI,Web,Hyderabad,171,12,2,3423.84,0,0.829,7,0,36560.365,14047.694298772542,0.0211048869440377,4,1.0081091914700524,5.803
T1574,U4307,43146.71,Payment,Card,iOS,Chennai,754,10,0,17893.42,0,0.528,3,0,27062.18,22746.96047039692,0.7071067811865475,2,1.5943545568021498,1.584
T1575,U7146,10876.15,Withdrawal,Card,iOS,Chennai,1163,3,2,28646.33,0,0.861,3,0,10876.15,,,1,1.0,2.583
T1576,U7003,4830.94,Transfer,NetBanking,Web,Hyderabad,542,6,0,5537.22,0,0.427,4,1,4830.94,,,1,1.0,1.708
T1577,U3432,1230.75,Payment,Wallet,Android,Chennai,892,18,1,12168.55,0,0.482,5,0,1230.75,,,1,1.0,2.41
T1578,U1786,32116.48,Payment,Card,Web,Hyderabad,419,23,3,28625.4,0,0.422,5,0,32116.48,,,1,1.0,2.11
T1579,U3984,30374.35,Withdrawal,UPI,iOS,Bangalore,1673,6,2,22528.53,0,0.096,5,0,30374.35,,,1,1.0,0.48
T1580,U1166,27357.54,Transfer,Wallet,iOS,Mumbai,1621,13,2,2227.97,0,0.145,6,0,27357.54,,,1,1.0,0.8699999999999999
T1581,U8375,11635.76,Transfer,UPI,Web,Hyderabad,1106,20,2,12909.63,0,0.518,1,0,15919.815,6058.568682952269,-0.7071067811865474,2,0.7308979407109946,0.518
T1582,U7996,19575.75,Withdrawal,UPI,Android,Hyderabad,1266,15,4,29637.78,0,0.533,7,0,19575.75,,,1,1.0,3.731
T1583,U5852,29744.09,Transfer,Card,Android,Hyderabad,864,20,4,13651.95,0,0.468,4,0,18806.84,10260.777848803667,1.0659279599621392,3,1.5815570292510597,1.872
T1584,U5974,24863.5,Withdrawal,NetBanking,Web,Chennai,1139,8,1,18919.1,0,0.013,5,0,24863.5,,,1,1.0,0.065
T1585,U9356,49389.89,Withdrawal,NetBanking,iOS,Chennai,910,21,2,21059.2,0,0.506,8,0,27311.34333333333,19460.73265067462,1.1345177523879757,3,1.808402076646297,4.048
T1586,U1530,6865.17,Withdrawal,UPI,Android,Chennai,18,21,3,19951.55,0,0.134,8,0,12529.884999999998,8011.116779978307,-0.7071067811865474,2,0.5479036719012187,1.072
T1587,U7733,34772.47,Payment,Card,Web,Chennai,1664,1,4,15609.68,1,0.566,5,0,41655.75666666667,6942.088748045025,-0.991529626959189,3,0.8347578529962285,2.83
T1588,U7904,20245.72,Payment,UPI,iOS,Bangalore,59,15,0,4070.59,0,0.288,3,0,20245.72,,,1,1.0,0.8639999999999999
T1589,U4802,21438.57,Payment,Wallet,Android,Hyderabad,1555,4,0,21281.6,0,0.991,8,0,21438.57,,,1,1.0,7.928
T1590,U7033,35894.01,Withdrawal,UPI,Android,Bangalore,1658,11,0,28006.5,1,0.359,2,0,35894.01,,,1,1.0,0.718
T1591,U6034,34637.19,Payment,Card,Web,Chennai,451,19,1,28256.73,0,0.821,9,1,35190.630000000005,782.6823539597664,-0.7071067811865499,2,0.9842730863300828,7.388999999999999
T1592,U4402,49563.24,Payment,UPI,iOS,Bangalore,1811,14,2,17842.34,0,0.246,6,0,49563.24,,,1,1.0,1.476
T1593,U8625,6463.29,Payment,Card,Android,Hyderabad,1623,2,2,14816.7,0,0.189,4,0,27932.11,19793.02470064644,-1.0846659530162073,3,0.2313928306884084,0.756
T1594,U3526,5250.28,Withdrawal,NetBanking,Web,Hyderabad,45,8,4,10085.44,0,0.221,4,0,5250.28,,,1,1.0,0.884
T1595,U9534,36230.72,Withdrawal,Card,Android,Chennai,1235,6,0,3196.71,0,0.333,3,0,38781.135,3606.831482679778,-0.7071067811865476,2,0.9342356792806604,0.999
T1596,U9893,28940.43,Withdrawal,Wallet,iOS,Hyderabad,1857,3,1,26505.22,0,0.849,5,0,28940.43,,,1,1.0,4.245
T1597,U1510,13744.33,Payment,Card,Android,Bangalore,127,8,3,4197.9,0,0.764,6,0,13744.33,,,1,1.0,4.584
T1598,U2772,4017.0,Transfer,Wallet,iOS,Delhi,711,14,2,8709.58,0,0.435,3,0,4017.0,,,1,1.0,1.305
T1599,U9900,4328.63,Payment,Wallet,Android,Hyderabad,763,22,2,22237.91,0,0.188,9,0,4328.63,,,1,1.0,1.692
T1600,U9737,44714.83,Payment,UPI,Android,Bangalore,1838,20,1,21172.43,0,0.049,8,0,31779.49,18293.33326190719,0.7071067811865476,2,1.4070342223868286,0.392
T1601,U6523,9633.77,Withdrawal,Wallet,Web,Bangalore,1202,6,4,20462.28,0,0.619,6,0,27552.160000000003,25340.430153890444,-0.7071067811865476,2,0.3496557075742881,3.714
T1602,U9249,16202.41,Withdrawal,Card,Android,Bangalore,1545,10,1,22277.04,0,0.707,5,0,9578.27,5765.899989663365,1.148847536702894,3,1.6915800034870596,3.535
T1603,U7286,11371.49,Payment,NetBanking,iOS,Hyderabad,239,18,4,16305.12,0,0.606,3,0,11371.49,,,1,1.0,1.818
T1604,U9473,17782.07,Payment,Card,Web,Delhi,569,10,2,4733.03,0,0.501,3,0,25976.815,11589.119519189107,-0.7071067811865476,2,0.6845361912151279,1.503
T1605,U1388,3517.72,Transfer,NetBanking,iOS,Chennai,1183,0,4,29950.9,0,0.973,8,0,3517.72,,,1,1.0,7.784
T1606,U5670,25977.04,Transfer,Wallet,iOS,Chennai,1888,20,4,26774.97,0,0.025,6,1,25977.04,,,1,1.0,0.15
T1607,U8792,3427.25,Withdrawal,UPI,Web,Hyderabad,217,12,4,12991.45,0,0.988,6,0,3427.25,,,1,1.0,5.928
T1608,U4596,40027.81,Transfer,Wallet,iOS,Hyderabad,1094,12,4,15956.75,0,0.276,4,0,27100.97,18281.31244662702,0.7071067811865476,2,1.476988093046116,1.104
T1609,U7967,11723.92,Transfer,Wallet,Android,Mumbai,1876,1,0,11867.17,0,0.383,3,0,10363.87,1923.401155505528,0.7071067811865482,2,1.1312299363075764,1.149
T1610,U3055,27023.6,Withdrawal,NetBanking,Web,Delhi,1150,16,0,19175.55,0,0.753,6,0,19022.18,11315.71668224333,0.7071067811865474,2,1.4206363308516687,4.518
T1611,U9164,44009.95,Transfer,Card,Android,Bangalore,248,18,0,21961.09,0,0.227,1,0,42807.715,1700.217042159611,0.7071067811865507,2,1.0280845403684826,0.227
T1612,U6742,32561.32,Payment,UPI,Android,Bangalore,1916,22,0,7023.74,0,0.71,5,0,23116.373333333333,8193.118389247975,1.1527902097767189,3,1.4085825458203365,3.55
T1613,U2513,26671.24,Transfer,UPI,iOS,Chennai,876,14,1,13040.62,0,0.333,7,0,26671.24,,,1,1.0,2.331
T1614,U6438,16250.47,Withdrawal,UPI,iOS,Hyderabad,57,18,3,19243.02,0,0.941,1,0,21749.045,7776.159338725642,-0.7071067811865474,2,0.7471808532282682,0.941
T1615,U7132,16683.45,Payment,UPI,Android,Delhi,1481,9,4,29641.79,0,0.172,4,0,16683.45,,,1,1.0,0.688
T1616,U4717,33490.87,Transfer,Card,Web,Chennai,766,9,1,9813.74,0,0.932,2,0,20614.085000000003,18210.52398676244,0.7071067811865475,2,1.6246595471009262,1.864
T1617,U8115,49707.26,Payment,UPI,Android,Delhi,1501,8,0,22375.51,0,0.791,1,0,49707.26,,,1,1.0,0.791
T1618,U2068,33108.87,Payment,NetBanking,Android,Hyderabad,1326,18,4,10465.49,0,0.17,1,0,33108.87,,,1,1.0,0.17
T1619,U4617,27911.28,Transfer,NetBanking,iOS,Bangalore,1458,10,3,2860.96,0,0.388,7,0,27911.28,,,1,1.0,2.716
T1620,U2642,36545.99,Transfer,UPI,iOS,Mumbai,526,5,4,23127.36,0,0.104,6,0,35344.445,1699.241234801578,0.7071067811865476,2,1.0339952996857074,0.624
T1621,U7236,23287.02,Withdrawal,UPI,Android,Delhi,1645,1,2,19514.28,0,0.6,7,0,25581.926666666663,7153.690903403172,-0.3208003669231679,3,0.9102918753317772,4.2
T1622,U8487,3054.11,Withdrawal,Card,Android,Bangalore,214,23,2,15478.76,0,0.961,1,0,13388.235,14614.659730258862,-0.7071067811865475,2,0.2281189417425075,0.961
T1623,U6158,28136.73,Payment,Card,iOS,Delhi,1213,9,1,20283.57,0,0.079,3,0,26693.1275,6135.783408706532,0.2352759874071759,4,1.0540814297612746,0.237
T1624,U1908,47883.38,Withdrawal,UPI,Android,Delhi,1562,14,3,26391.07,0,0.258,7,0,39101.885,12418.909326911518,0.707106781186548,2,1.2245798380308266,1.806
T1625,U6518,8806.38,Payment,Card,iOS,Delhi,99,4,1,22719.67,0,0.755,9,0,8806.38,,,1,1.0,6.795
T1626,U4273,34515.74,Payment,Wallet,Android,Hyderabad,509,17,4,25748.74,0,0.458,6,0,34515.74,,,1,1.0,2.748
T1627,U1737,10086.64,Withdrawal,UPI,Web,Chennai,1141,6,3,8771.56,0,0.339,8,0,24561.75,13909.997585991883,-1.0406263488195868,3,0.4106645495536759,2.712
T1628,U9448,26814.59,Withdrawal,Card,Web,Delhi,1223,2,1,24034.46,0,0.601,9,1,16815.395,14140.99718181324,0.7071067811865476,2,1.5946452640571334,5.409
T1629,U9301,4878.99,Withdrawal,NetBanking,Android,Hyderabad,1213,20,4,10864.28,0,0.294,7,0,17470.035,14169.40908589228,-0.8886076281428157,4,0.2792776316704574,2.058
T1630,U1419,22546.03,Transfer,UPI,iOS,Mumbai,1794,15,0,717.49,0,0.329,9,0,24046.755,2122.345648392365,-0.7071067811865461,2,0.9375913714761098,2.9610000000000003
T1631,U9880,37820.36,Payment,UPI,Android,Chennai,1796,16,4,1391.21,0,0.806,4,0,37820.36,,,1,1.0,3.224
T1632,U2554,17411.2,Payment,NetBanking,Android,Hyderabad,1053,1,1,21937.6,0,0.392,9,0,20595.97,4503.944927038962,-0.7071067811865476,2,0.845369263987081,3.528
T1633,U4817,33262.34,Payment,NetBanking,iOS,Mumbai,1392,15,3,8230.09,0,0.701,9,0,33262.34,,,1,1.0,6.308999999999999
T1634,U2911,39782.73,Withdrawal,Card,Android,Chennai,1642,20,3,9296.77,0,0.151,2,0,41673.526,6065.287007572683,-0.3117405652262263,5,0.9546283652599976,0.302
T1635,U3453,46362.53,Withdrawal,NetBanking,iOS,Hyderabad,1767,19,0,18715.08,1,0.399,9,0,46362.53,,,1,1.0,3.591
T1636,U6771,11770.37,Withdrawal,Wallet,Android,Mumbai,1689,0,1,22271.13,0,0.552,3,1,11770.37,,,1,1.0,1.656
T1637,U3972,19995.83,Withdrawal,UPI,iOS,Hyderabad,16,13,0,16810.64,0,0.267,7,0,19995.83,,,1,1.0,1.869
T1638,U4024,7663.18,Withdrawal,Wallet,Android,Mumbai,1895,15,2,21220.53,0,0.422,3,0,15335.47,10850.256572459471,-0.7071067811865476,2,0.4997029761722334,1.266
T1639,U7619,49624.55,Transfer,Card,Web,Delhi,331,22,4,28237.48,1,0.76,5,0,49624.55,,,1,1.0,3.8
T1640,U9370,46353.7,Withdrawal,NetBanking,iOS,Delhi,277,8,2,25639.38,0,0.162,2,0,46353.7,,,1,1.0,0.324
T1641,U6809,27020.86,Payment,UPI,Web,Chennai,1460,16,2,7300.03,1,0.501,3,0,16378.545,15050.506208046623,0.7071067811865476,2,1.6497716982796702,1.503
T1642,U2759,42109.56,Withdrawal,NetBanking,iOS,Mumbai,305,7,0,27213.07,0,0.262,4,0,23166.55,26789.46165416916,0.7071067811865476,2,1.8176880027453373,1.048
T1643,U3998,26071.85,Payment,NetBanking,iOS,Delhi,1546,8,0,8988.2,0,0.41,6,0,26071.85,,,1,1.0,2.46
T1644,U2223,31198.11,Withdrawal,Card,iOS,Chennai,579,1,4,19851.59,1,0.375,6,0,32857.975,2347.4035947084144,-0.7071067811865476,2,0.949483648946717,2.25
T1645,U7429,4501.77,Withdrawal,Card,iOS,Bangalore,1420,12,0,26254.02,1,0.655,3,0,4501.77,,,1,1.0,1.965
T1646,U2792,37775.76,Payment,Card,Android,Delhi,273,0,0,18741.04,0,0.767,3,0,37298.92,12151.78878363593,0.0392403133802107,3,1.0127842843707004,2.301
T1647,U8384,6429.29,Payment,Card,Android,Delhi,99,21,0,24205.26,0,0.5,9,0,6429.29,,,1,1.0,4.5
T1648,U6701,41312.08,Payment,UPI,iOS,Hyderabad,1521,6,0,27827.68,0,0.167,2,0,39672.03,2319.380952969991,0.7071067811865498,2,1.041340208706235,0.334
T1649,U9531,39112.3,Payment,Wallet,Android,Bangalore,1620,17,0,29011.42,0,0.869,4,0,39112.3,,,1,1.0,3.476
T1650,U7288,35451.8,Transfer,Wallet,iOS,Mumbai,1990,20,2,12377.92,0,0.186,5,0,35451.8,,,1,1.0,0.93
T1651,U1502,1856.21,Payment,UPI,iOS,Chennai,862,4,2,29783.77,0,0.578,8,0,1856.21,,,1,1.0,4.624
T1652,U1225,15191.26,Withdrawal,NetBanking,Web,Bangalore,1294,6,4,8223.27,0,0.527,8,0,15191.26,,,1,1.0,4.216
T1653,U4805,13192.47,Withdrawal,UPI,iOS,Mumbai,497,11,3,13919.38,0,0.287,6,0,27366.13333333333,17812.034916612796,-0.7957352093507264,3,0.4820728540385683,1.722
T1654,U7842,18038.81,Transfer,Wallet,iOS,Delhi,1827,16,4,22845.1,0,0.953,2,0,18038.81,,,1,1.0,1.906
T1655,U5843,4427.76,Payment,Wallet,Android,Chennai,1374,23,1,29107.59,0,0.677,1,0,4427.76,,,1,1.0,0.677
T1656,U4473,46851.04,Withdrawal,UPI,iOS,Chennai,1362,4,4,1682.95,0,0.47,7,0,46851.04,,,1,1.0,3.29
T1657,U5038,27712.42,Transfer,Card,iOS,Bangalore,410,11,4,28374.69,0,0.443,1,0,29648.115,2737.486121617792,-0.7071067811865465,2,0.9347110263165128,0.443
T1658,U2099,15310.94,Withdrawal,NetBanking,Web,Hyderabad,366,18,0,29960.4,0,0.092,3,0,14713.83,844.4410602285997,0.7071067811865475,2,1.0405815481081404,0.276
T1659,U3614,19879.23,Transfer,UPI,Android,Mumbai,764,12,0,27296.43,0,0.781,9,0,19879.23,,,1,1.0,7.029
T1660,U1402,22387.77,Transfer,Wallet,Android,Bangalore,508,15,0,3340.69,0,0.084,6,0,30450.1625,18450.565464659656,-0.4369726508080612,4,0.7352266182487532,0.504
T1661,U1040,30049.69,Payment,Card,Web,Hyderabad,843,18,3,25236.94,0,0.201,8,0,32408.35,3335.648961026928,-0.7071067811865467,2,0.9272206082691652,1.608
T1662,U6314,25808.19,Transfer,NetBanking,iOS,Hyderabad,444,22,0,19228.88,0,0.164,9,0,25808.19,,,1,1.0,1.476
T1663,U7474,45973.63,Withdrawal,Wallet,Web,Hyderabad,128,9,1,384.84,0,0.068,7,0,45973.63,,,1,1.0,0.476
T1664,U8474,24873.33,Withdrawal,NetBanking,Android,Chennai,1080,11,2,29532.85,1,0.83,8,0,24873.33,,,1,1.0,6.64
T1665,U2348,49608.29,Payment,Card,Web,Mumbai,1201,6,1,4600.66,0,0.906,4,0,49608.29,,,1,1.0,3.624
T1666,U2033,42578.68,Payment,Wallet,Android,Mumbai,1032,13,3,11964.96,0,0.626,5,0,42578.68,,,1,1.0,3.13
T1667,U4230,10465.1,Transfer,Card,Web,Bangalore,357,9,0,1005.15,0,0.878,7,0,12398.07,2733.6323896603226,-0.707106781186547,2,0.8440910561079266,6.146
T1668,U7742,46533.23,Payment,UPI,iOS,Delhi,1537,7,4,9354.62,0,0.675,9,0,39582.32666666667,9845.3971327841,0.7060053789183968,3,1.1756062343648657,6.075
T1669,U1744,5862.5,Withdrawal,UPI,iOS,Bangalore,548,14,2,17092.94,0,0.685,8,0,5862.5,,,1,1.0,5.48
T1670,U6065,40881.61,Withdrawal,NetBanking,Android,Mumbai,1329,15,3,27932.51,0,0.889,7,0,41346.875,657.9840730975172,-0.7071067811865476,2,0.9887472753382208,6.223
T1671,U7138,19062.13,Payment,Card,Web,Chennai,1546,7,1,29711.9,1,0.092,4,0,19062.13,,,1,1.0,0.368
T1672,U5280,43904.82,Payment,Card,Android,Bangalore,1207,3,0,12758.41,0,0.055,1,0,27167.3825,16741.53858142151,0.9997550355720554,4,1.616085760194233,0.055
T1673,U9690,43409.43,Payment,NetBanking,iOS,Delhi,1428,16,3,12902.7,0,0.054,1,0,18733.27666666667,21862.455131746603,1.1287000103433462,3,2.3172363688644606,0.054
T1674,U9375,40305.97,Transfer,NetBanking,Android,Bangalore,1712,3,3,4894.27,1,0.418,5,0,40305.97,,,1,1.0,2.09
T1675,U2955,39512.02,Transfer,NetBanking,iOS,Hyderabad,539,21,4,15000.93,0,0.946,7,0,40571.265,1497.9986448758928,-0.7071067811865476,2,0.9738917433311484,6.622
T1676,U2829,15268.72,Withdrawal,UPI,Android,Delhi,1636,10,4,28208.42,0,0.87,8,0,19634.046,16543.065443542502,-0.2638764873957493,5,0.7776654898333232,6.96
T1677,U4560,4091.92,Transfer,NetBanking,Web,Hyderabad,312,12,4,5045.35,0,0.782,7,0,4091.92,,,1,1.0,5.474
T1678,U8872,20178.86,Transfer,UPI,iOS,Chennai,211,5,1,8067.55,0,0.404,4,1,34520.71666666667,12583.320403034855,-1.1397513698536743,3,0.5845434842749015,1.616
T1679,U6356,8717.55,Transfer,NetBanking,Android,Mumbai,1566,21,4,26750.4,0,0.824,7,1,8717.55,,,1,1.0,5.768
T1680,U5154,34762.81,Transfer,Card,iOS,Bangalore,165,13,3,18830.28,0,0.218,6,0,40740.65,8453.942401696386,-0.7071067811865468,2,0.8532708731942177,1.308
T1681,U6186,17337.68,Withdrawal,Card,Web,Bangalore,1930,6,3,9982.17,0,0.585,8,0,23429.88333333333,14458.847969552531,-0.4213477689344479,3,0.7399814908738342,4.68
T1682,U7672,48781.73,Payment,NetBanking,iOS,Hyderabad,23,11,3,24401.07,1,0.746,9,0,48781.73,,,1,1.0,6.714
T1683,U3906,32066.56,Withdrawal,NetBanking,Web,Hyderabad,1053,0,2,3358.03,0,0.092,1,0,32066.56,,,1,1.0,0.092
T1684,U4153,41132.9,Transfer,UPI,iOS,Mumbai,765,9,2,25764.71,0,0.874,2,0,41132.9,,,1,1.0,1.748
T1685,U8656,6669.61,Payment,Wallet,Web,Bangalore,898,0,1,15588.25,0,0.727,8,0,6669.61,,,1,1.0,5.816
T1686,U9185,43107.62,Payment,UPI,iOS,Mumbai,1490,15,4,22732.34,0,0.533,7,1,22080.09,29737.418109207127,0.7071067811865476,2,1.9523299044523823,3.731
T1687,U5761,46141.72,Payment,Card,Web,Hyderabad,1206,6,3,15599.91,0,0.062,7,0,46141.72,,,1,1.0,0.434
T1688,U6030,24378.74,Withdrawal,NetBanking,Android,Hyderabad,454,19,4,7463.56,0,0.695,3,1,36218.73,16744.27443636182,-0.7071067811865478,2,0.673097593427489,2.085
T1689,U1705,30332.33,Payment,Card,Android,Delhi,1956,5,3,19261.37,0,0.447,7,0,30332.33,,,1,1.0,3.129
T1690,U5078,38252.25,Withdrawal,Wallet,iOS,Hyderabad,131,21,2,4728.25,0,0.737,4,0,38252.25,,,1,1.0,2.948
T1691,U1239,8783.19,Withdrawal,UPI,Web,Hyderabad,1530,17,3,6973.13,0,0.036,2,0,20378.615,16398.407296480043,-0.7071067811865477,2,0.4310003403077196,0.072
T1692,U8011,25153.18,Transfer,Card,Android,Mumbai,193,19,1,16524.84,0,0.575,1,0,35276.36,14316.338450344068,-0.7071067811865476,2,0.7130321835926382,0.575
T1693,U3429,19963.22,Transfer,UPI,iOS,Delhi,1853,3,0,11760.51,0,0.447,8,0,26612.77,8108.171910665191,-0.8201047132774067,3,0.7501368703821512,3.576
T1694,U7421,7361.38,Payment,NetBanking,Android,Delhi,1613,22,3,22381.55,0,0.43,5,0,7361.38,,,1,1.0,2.15
T1695,U1106,18408.34,Payment,Card,Web,Bangalore,1838,15,1,17548.82,0,0.518,4,0,30876.17,12106.861707548323,-1.0298151825940671,3,0.5961989456593872,2.072
T1696,U7325,3455.21,Transfer,Wallet,iOS,Chennai,1883,0,2,11501.92,0,0.124,9,0,26636.055,32782.66538626855,-0.7071067811865476,2,0.1297192846313014,1.116
T1697,U8736,1339.3,Withdrawal,UPI,Web,Bangalore,680,20,2,9869.23,0,0.935,5,0,8244.027499999998,9067.349407838268,-0.7614934849682983,4,0.1624570029636607,4.675000000000001
T1698,U6235,6801.56,Withdrawal,UPI,Web,Bangalore,58,19,0,27405.96,0,0.705,2,1,6801.56,,,1,1.0,1.41
T1699,U7280,48157.6,Transfer,Wallet,Web,Bangalore,190,1,4,1298.47,1,0.085,9,0,48157.6,,,1,1.0,0.765
T1700,U3404,27499.0,Withdrawal,Card,Android,Delhi,1840,15,4,20761.83,0,0.079,7,0,27499.0,,,1,1.0,0.553
T1701,U5227,48292.82,Transfer,Card,iOS,Mumbai,1427,20,3,11817.77,0,0.211,9,0,48292.82,,,1,1.0,1.899
T1702,U8245,21653.27,Transfer,UPI,Web,Hyderabad,1426,8,2,11382.99,0,0.24,5,0,21653.27,,,1,1.0,1.2
T1703,U7873,15625.22,Payment,Wallet,Android,Delhi,1381,14,1,19591.12,0,0.492,7,0,28819.31,18659.26102117123,-0.7071067811865476,2,0.5421788377306743,3.444
T1704,U3318,25331.79,Payment,UPI,Web,Hyderabad,1509,23,0,25528.9,1,0.536,8,0,25331.79,,,1,1.0,4.288
T1705,U7165,22003.61,Transfer,UPI,Android,Hyderabad,150,15,4,21759.93,0,0.146,4,0,23328.72,1873.9885336362129,-0.7071067811865475,2,0.9431983409291208,0.584
T1706,U5997,5327.95,Payment,NetBanking,iOS,Chennai,539,8,3,20136.33,0,0.974,8,0,21636.858,13216.719392153258,-1.2339603736826377,5,0.2462441635472211,7.792
T1707,U5007,32059.27,Transfer,Card,iOS,Bangalore,1685,6,3,14936.45,0,0.825,7,0,32059.27,,,1,1.0,5.775
T1708,U7361,10841.11,Withdrawal,Card,iOS,Chennai,593,9,2,14128.44,0,0.633,3,0,10841.11,,,1,1.0,1.899
T1709,U3843,30998.42,Withdrawal,NetBanking,iOS,Bangalore,480,6,1,13875.39,0,0.278,8,0,30998.42,,,1,1.0,2.224
T1710,U5084,32527.54,Withdrawal,Card,Web,Delhi,1787,12,1,4448.88,0,0.91,4,0,32527.54,,,1,1.0,3.64
T1711,U5650,7643.64,Withdrawal,Card,Android,Hyderabad,1806,1,4,16829.14,0,0.315,2,0,17811.260000000002,14379.186101055928,-0.7071067811865478,2,0.4291465061988876,0.63
T1712,U7416,3114.41,Transfer,Card,iOS,Chennai,1296,11,3,9532.38,0,0.319,9,0,3114.41,,,1,1.0,2.871
T1713,U9351,39049.04,Withdrawal,Wallet,Web,Delhi,152,12,2,18585.01,0,0.353,8,0,21008.092,10866.229537782185,1.6602767259122515,5,1.8587618523376612,2.824
T1714,U5383,23017.03,Withdrawal,NetBanking,iOS,Delhi,716,2,1,16076.62,0,0.048,4,0,22691.65,460.1568089249578,0.7071067811865416,2,1.014339195254642,0.192
T1715,U8662,2955.28,Withdrawal,UPI,iOS,Bangalore,1179,10,3,28203.73,1,0.062,3,0,6158.935,4530.652350164378,-0.7071067811865476,2,0.4798362054478575,0.186
T1716,U2009,49743.57,Withdrawal,Wallet,iOS,Hyderabad,303,7,1,13104.41,0,0.476,3,0,27904.955,30884.465516444507,0.7071067811865475,2,1.7826070674545076,1.428
T1717,U5461,2936.14,Transfer,UPI,Android,Bangalore,1571,10,0,19965.48,0,0.882,6,1,23387.495,28922.58360990681,-0.7071067811865475,2,0.125543158854764,5.292
T1718,U1040,34767.01,Withdrawal,NetBanking,Android,Bangalore,1542,17,1,17824.8,0,0.942,2,0,32408.35,3335.648961026928,0.7071067811865478,2,1.0727793917308348,1.884
T1719,U3145,49184.76,Payment,NetBanking,Android,Delhi,431,6,1,20563.4,0,0.776,3,0,49184.76,,,1,1.0,2.3280000000000003
T1720,U4928,11997.05,Payment,NetBanking,iOS,Bangalore,1604,11,3,8082.55,0,0.404,1,0,7037.155,7014.350776946501,0.7071067811865476,2,1.7048153692792043,0.404
T1721,U6716,7155.36,Payment,Card,Web,Mumbai,573,5,1,7791.74,0,0.31,5,0,13205.96,8556.84058049465,-0.7071067811865476,2,0.5418280836834277,1.55
T1722,U9606,6113.18,Payment,Wallet,Web,Hyderabad,426,9,1,16834.37,0,0.216,3,1,16972.15,12514.383301862435,-0.8677191466865115,4,0.3601888976941637,0.648
T1723,U4405,15198.59,Payment,NetBanking,Web,Bangalore,670,19,0,25486.94,0,0.538,7,0,15198.59,,,1,1.0,3.766
T1724,U4990,5097.24,Payment,UPI,iOS,Bangalore,922,14,1,21628.26,0,0.482,9,0,5097.24,,,1,1.0,4.338
T1725,U7860,34623.46,Transfer,Card,Android,Chennai,1140,19,1,14719.15,0,0.467,5,0,40174.58,5066.072600042367,-1.09574426547965,3,0.8618250645059636,2.335
T1726,U6821,3161.48,Payment,Card,Web,Hyderabad,1351,14,3,7727.32,0,0.316,2,0,27631.85666666667,21853.287026866998,-1.1197572537523603,3,0.1144143167119786,0.632
T1727,U1708,25495.64,Withdrawal,Wallet,iOS,Hyderabad,68,18,2,22804.48,0,0.582,2,0,25495.64,,,1,1.0,1.164
T1728,U2204,49835.01,Payment,Wallet,iOS,Bangalore,1025,5,0,27794.76,0,0.608,4,0,49835.01,,,1,1.0,2.432
T1729,U9629,40707.81,Transfer,Wallet,Web,Mumbai,267,18,1,6469.31,0,0.875,9,0,40707.81,,,1,1.0,7.875
T1730,U8863,30780.21,Payment,Card,Web,Chennai,1993,14,2,23992.9,0,0.761,2,0,30780.21,,,1,1.0,1.522
T1731,U2357,15347.37,Withdrawal,NetBanking,iOS,Mumbai,802,19,3,5256.12,0,0.33,5,1,30544.550000000003,21492.058065825157,-0.7071067811865476,2,0.5024585400668858,1.65
T1732,U6512,31213.6,Withdrawal,UPI,Web,Bangalore,1458,19,0,27033.41,0,0.38,7,1,24910.0925,15568.93247307251,0.4048773100469367,4,1.2530503449555637,2.66
T1733,U9449,26375.72,Transfer,NetBanking,iOS,Hyderabad,540,17,3,19297.29,1,0.239,4,0,26375.72,,,1,1.0,0.956
T1734,U7225,21332.87,Transfer,UPI,Web,Hyderabad,175,1,2,5512.2,0,0.171,7,0,21332.87,,,1,1.0,1.197
T1735,U9210,6578.98,Transfer,NetBanking,Android,Mumbai,1058,6,0,1184.16,0,0.109,7,0,27715.24,29891.185549843955,-0.7071067811865475,2,0.2373777026646711,0.763
T1736,U5485,44335.88,Transfer,Wallet,iOS,Delhi,1968,4,1,20869.03,0,0.034,2,0,44335.88,,,1,1.0,0.068
T1737,U6640,22516.74,Payment,UPI,Android,Bangalore,13,2,2,18222.44,1,0.418,2,0,26368.395,5447.062738582142,-0.7071067811865476,2,0.8539291071754652,0.836
T1738,U9415,9771.39,Payment,Card,Web,Hyderabad,12,5,3,18378.4,0,0.959,2,0,9771.39,,,1,1.0,1.918
T1739,U3280,18419.58,Withdrawal,UPI,iOS,Delhi,427,5,0,14519.63,0,0.538,9,0,30852.58,17582.91722098469,-0.7071067811865475,2,0.5970191147709527,4.8420000000000005
T1740,U8511,20735.78,Transfer,Card,Web,Hyderabad,371,0,2,18471.85,0,0.742,1,0,22585.67,10171.057670080334,-0.1818778400442781,3,0.9180945263080528,0.742
T1741,U5440,41385.52,Transfer,NetBanking,iOS,Hyderabad,915,18,2,26209.37,0,0.398,6,0,41385.52,,,1,1.0,2.388
T1742,U2832,36694.04,Payment,Wallet,Web,Delhi,378,11,3,28564.85,0,0.384,7,0,33873.015,3989.531814793559,0.7071067811865482,2,1.0832823709374555,2.688
T1743,U6690,38476.78,Transfer,UPI,Android,Mumbai,548,4,3,10400.79,1,0.125,9,0,34375.5,5800.085799089526,0.7071067811865476,2,1.1193082282439528,1.125
T1744,U9343,601.01,Withdrawal,Card,Android,Bangalore,889,6,1,14687.37,0,0.3,3,0,23412.3,32260.03569322576,-0.7071067811865476,2,0.025670694464021,0.8999999999999999
T1745,U3448,20836.89,Withdrawal,NetBanking,Web,Delhi,355,19,1,8263.53,0,0.929,9,0,17788.296666666665,15485.867741477496,0.1968629323346183,3,1.171381970430371,8.361
T1746,U7480,24093.14,Transfer,Wallet,Android,Delhi,740,7,2,12406.4,0,0.49,7,0,24472.045,535.8525898509798,-0.7071067811865424,2,0.984516823175178,3.43
T1747,U1032,1008.65,Withdrawal,Wallet,Android,Hyderabad,906,18,3,23897.07,0,0.204,5,0,1008.65,,,1,1.0,1.02
T1748,U7488,13027.67,Withdrawal,Wallet,Web,Delhi,1077,5,2,12807.18,0,0.664,5,1,25738.295,17975.538261238522,-0.7071067811865474,2,0.5061590132524318,3.3200000000000003
T1749,U6666,38026.48,Payment,NetBanking,iOS,Bangalore,733,14,4,11810.05,0,0.405,7,0,38026.48,,,1,1.0,2.835
T1750,U4096,6898.63,Withdrawal,NetBanking,Web,Mumbai,573,5,3,25518.32,0,0.827,6,0,6898.63,,,1,1.0,4.962
T1751,U2774,26788.74,Transfer,NetBanking,iOS,Mumbai,1186,8,4,138.04,0,0.093,8,0,26788.74,,,1,1.0,0.744
T1752,U9632,10799.33,Transfer,Wallet,Android,Mumbai,211,3,4,25580.42,0,0.522,9,0,29767.565,26825.135191280024,-0.7071067811865476,2,0.3627884914335452,4.698
T1753,U1133,655.43,Withdrawal,UPI,Android,Bangalore,330,15,3,5524.1,0,0.801,6,0,5148.3150000000005,6353.898901182643,-0.7071067811865476,2,0.1273096148934165,4.806
T1754,U8739,12098.01,Transfer,Card,Android,Hyderabad,473,22,1,8307.91,0,0.854,3,1,12098.01,,,1,1.0,2.562
T1755,U3508,48794.89,Payment,NetBanking,Android,Bangalore,1044,9,2,10912.11,0,0.396,9,0,48794.89,,,1,1.0,3.564
T1756,U4753,40086.78,Withdrawal,UPI,Android,Delhi,1613,0,0,26431.5,0,0.741,2,0,40086.78,,,1,1.0,1.482
T1757,U8650,47980.85,Withdrawal,Card,iOS,Chennai,1260,10,0,27269.58,0,0.966,5,0,33426.27,20583.2844306442,0.7071067811865477,2,1.4354233960295302,4.83
T1758,U4506,24418.31,Withdrawal,Wallet,iOS,Chennai,642,16,3,19869.24,0,0.622,4,0,24418.31,,,1,1.0,2.488
T1759,U6777,5531.32,Transfer,UPI,iOS,Chennai,342,17,1,13239.34,1,0.812,2,0,6523.63,2897.955622175743,-0.3424172518055982,3,0.8478899017878082,1.624
T1760,U7495,27420.58,Transfer,Wallet,Web,Mumbai,1502,19,1,15532.22,0,0.574,6,0,16082.490000000002,16034.480649406769,0.7071067811865475,2,1.7049959303565554,3.444
T1761,U6207,22746.15,Withdrawal,Card,Android,Bangalore,24,21,1,17454.01,0,0.79,7,1,21841.24,1279.7359947270372,0.7071067811865476,2,1.0414312557345644,5.53
T1762,U8410,42225.64,Transfer,NetBanking,Android,Bangalore,1090,19,0,28624.33,0,0.941,2,0,33663.23,12109.07634859901,0.707106781186548,2,1.2543549742552929,1.882
T1763,U2504,4949.22,Transfer,Wallet,Android,Mumbai,1363,14,4,29078.1,0,0.711,3,0,4949.22,,,1,1.0,2.133
T1764,U4719,24437.64,Withdrawal,UPI,Web,Delhi,1097,5,0,25435.25,0,0.154,5,0,13732.765,15138.979408508683,0.7071067811865476,2,1.7795134483113926,0.77
T1765,U8635,7544.93,Withdrawal,NetBanking,Web,Chennai,239,15,1,17553.49,0,0.082,9,0,7544.93,,,1,1.0,0.738
T1766,U5483,16267.56,Transfer,UPI,Web,Chennai,20,1,0,11782.96,0,0.812,7,0,10366.195,8345.7904195139,0.7071067811865475,2,1.569289406575894,5.684
T1767,U9469,36880.99,Withdrawal,Card,Android,Mumbai,1666,2,0,6985.37,0,0.258,3,0,27861.4575,11976.166478945795,0.7531235070802007,4,1.3237279492646783,0.774
T1768,U3924,23827.11,Withdrawal,Card,iOS,Chennai,1257,22,2,16080.23,1,0.875,4,1,23827.11,,,1,1.0,3.5
T1769,U5451,18825.62,Withdrawal,NetBanking,Web,Hyderabad,1770,16,3,10434.36,0,0.196,7,0,18825.62,,,1,1.0,1.372
T1770,U1260,19754.09,Withdrawal,UPI,Web,Bangalore,1670,7,4,2275.06,0,0.911,1,0,19754.09,,,1,1.0,0.911
T1771,U4409,22999.37,Transfer,UPI,iOS,Chennai,1693,19,2,14339.0,0,0.805,4,0,22020.42,1384.4443668851386,0.7071067811865495,2,1.044456463591521,3.22
T1772,U7301,39261.58,Withdrawal,UPI,Web,Chennai,1773,14,3,17175.48,0,0.881,1,0,39261.58,,,1,1.0,0.881
T1773,U2234,44609.63,Payment,UPI,iOS,Hyderabad,551,12,1,18378.32,0,0.233,5,0,22656.692,14088.381057283335,1.558229998943057,5,1.968938360463213,1.165
T1774,U2177,47768.97,Withdrawal,Card,Android,Delhi,1539,20,2,2307.04,1,0.879,2,0,34340.72,18990.413268936514,0.7071067811865475,2,1.3910299492846976,1.758
T1775,U7830,39355.82,Payment,UPI,iOS,Delhi,531,22,3,14544.99,0,0.588,9,0,39355.82,,,1,1.0,5.292
T1776,U9030,15804.57,Withdrawal,Card,iOS,Hyderabad,1087,18,2,19711.8,0,0.084,3,0,18994.39,4511.0867055289455,-0.7071067811865476,2,0.8320651518685254,0.252
T1777,U2746,34422.33,Payment,UPI,Android,Delhi,1731,23,0,28835.82,0,0.931,5,0,41127.615000000005,9482.704986576877,-0.7071067811865481,2,0.8369639231450693,4.655
T1778,U9407,21908.28,Payment,UPI,Web,Mumbai,1752,0,0,848.87,0,0.195,8,0,21908.28,,,1,1.0,1.56
T1779,U8736,12770.8,Withdrawal,Wallet,Android,Hyderabad,776,11,2,20320.84,0,0.213,8,1,8244.027499999998,9067.349407838268,0.4992387848301989,4,1.54909721007117,1.704
T1780,U3193,42051.54,Withdrawal,Wallet,Web,Bangalore,1190,17,2,1963.89,0,0.704,9,0,33843.51,11607.907346365237,0.7071067811865474,2,1.242528922088755,6.335999999999999
T1781,U6658,1969.4,Withdrawal,UPI,Web,Bangalore,650,17,4,4849.42,1,0.583,3,0,23239.875,30080.994223117857,-0.7071067811865475,2,0.0847422802403197,1.749
T1782,U3283,45093.01,Payment,Card,iOS,Bangalore,579,2,1,5281.91,1,0.903,3,0,45093.01,,,1,1.0,2.709
T1783,U5989,23100.8,Transfer,UPI,Android,Chennai,414,17,0,9933.29,0,0.307,4,1,23100.8,,,1,1.0,1.228
T1784,U8625,31878.21,Transfer,Wallet,iOS,Hyderabad,1432,16,2,24955.84,0,0.042,6,0,27932.11,19793.02470064644,0.1993682147969592,3,1.141274683509409,0.252
T1785,U6533,32984.73,Withdrawal,UPI,Android,Hyderabad,716,10,3,25701.49,0,0.995,7,1,32984.73,,,1,1.0,6.965
T1786,U1141,44761.13,Transfer,Wallet,Android,Delhi,938,4,1,11311.06,0,0.313,1,1,36311.27,11949.906612153918,0.7071067811865478,2,1.2327062644738125,0.313
T1787,U3355,31851.65,Transfer,UPI,iOS,Hyderabad,1967,21,3,12995.95,0,0.162,2,0,31914.89,89.43486568447551,-0.707106781186517,2,0.9980184797754278,0.324
T1788,U7281,30715.98,Withdrawal,NetBanking,Web,Hyderabad,1436,6,1,6589.22,0,0.984,3,1,30715.98,,,1,1.0,2.952
T1789,U6305,3379.27,Payment,UPI,Web,Delhi,1933,22,3,13032.16,1,0.563,1,0,16541.91,18614.784004634595,-0.7071067811865475,2,0.204285357615898,0.563
T1790,U9772,25944.48,Withdrawal,Card,Android,Hyderabad,1621,17,0,8317.55,0,0.149,3,0,25944.48,,,1,1.0,0.4469999999999999
T1791,U7379,7550.94,Transfer,Wallet,Web,Hyderabad,1122,6,2,5328.99,0,0.836,4,0,7550.94,,,1,1.0,3.344
T1792,U6532,36884.82,Payment,NetBanking,iOS,Mumbai,1899,17,2,4838.2,0,0.945,6,0,21101.615,22320.822568714844,0.7071067811865477,2,1.7479619450928283,5.67
T1793,U3193,25635.48,Transfer,Wallet,iOS,Delhi,602,1,4,23291.85,0,0.881,5,0,33843.51,11607.907346365237,-0.7071067811865477,2,0.757471077911245,4.405
T1794,U5447,34027.38,Payment,Wallet,iOS,Mumbai,195,5,2,3596.7,1,0.199,6,0,33121.505,1281.1007108147237,0.7071067811865496,2,1.027350055500195,1.194
T1795,U1458,2131.56,Transfer,Card,Android,Chennai,1871,21,0,18519.43,1,0.053,9,0,6799.686666666667,9526.291161671124,-0.4900256130579756,3,0.3134791505098764,0.477
T1796,U6198,4285.36,Withdrawal,UPI,Android,Delhi,1813,7,1,5107.71,0,0.371,1,0,5416.585,1599.7937370955049,-0.7071067811865476,2,0.7911553128031776,0.371
T1797,U6215,35830.35,Transfer,Card,Web,Hyderabad,904,20,1,25151.4,0,0.355,3,0,35830.35,,,1,1.0,1.065
T1798,U7935,3650.61,Transfer,UPI,iOS,Hyderabad,88,20,2,8306.57,0,0.406,8,0,4022.8,526.3561457796421,-0.7071067811865478,2,0.9074798647708064,3.248
T1799,U1364,3609.27,Payment,NetBanking,iOS,Mumbai,154,16,3,1442.32,0,0.799,9,0,3609.27,,,1,1.0,7.191000000000001
T1800,U2735,654.82,Transfer,Card,Android,Mumbai,1674,3,2,13616.99,0,0.01,2,0,3656.42,3842.8453491651208,-0.7810878990100691,3,0.179087741561418,0.02
T1801,U2187,47827.24,Withdrawal,Card,Android,Chennai,23,16,1,29993.93,0,0.675,5,0,47827.24,,,1,1.0,3.375
T1802,U8858,36888.54,Withdrawal,Wallet,Android,Chennai,1664,15,4,24412.8,0,0.985,3,0,29768.945,10068.627807603676,0.7071067811865476,2,1.2391618177936774,2.955
T1803,U7747,17694.91,Withdrawal,Card,iOS,Hyderabad,11,20,1,17150.85,0,0.399,2,0,17694.91,,,1,1.0,0.798
T1804,U8086,14861.95,Payment,UPI,iOS,Bangalore,525,14,3,5764.22,1,0.485,9,0,27930.373333333333,15893.015738230217,-0.8222746109725164,3,0.5321071015639843,4.365
T1805,U6929,17517.68,Payment,Card,Web,Chennai,765,14,3,3613.4,1,0.628,5,0,17517.68,,,1,1.0,3.14
T1806,U9346,38743.94,Transfer,Card,iOS,Hyderabad,75,7,4,25172.66,1,0.286,9,0,26886.91,16768.37263546466,0.7071067811865476,2,1.4409963807667003,2.574
T1807,U9885,33085.46,Transfer,NetBanking,Web,Chennai,255,16,3,23652.45,0,0.719,1,0,33085.46,,,1,1.0,0.719
T1808,U2803,9300.52,Transfer,UPI,Web,Delhi,1635,18,2,13919.44,0,0.203,4,0,9300.52,,,1,1.0,0.812
T1809,U1402,8746.76,Payment,Wallet,iOS,Mumbai,1463,0,2,12700.15,0,0.065,1,0,30450.1625,18450.565464659656,-1.1763001270378866,4,0.2872483849634628,0.065
T1810,U9554,4964.86,Payment,UPI,Web,Hyderabad,1723,12,1,22485.32,0,0.801,5,0,4964.86,,,1,1.0,4.005
T1811,U7469,33032.12,Transfer,NetBanking,Web,Chennai,581,5,0,16127.53,0,0.177,5,0,33032.12,,,1,1.0,0.885
T1812,U4014,38230.41,Payment,UPI,Android,Mumbai,1265,9,2,12184.66,0,0.731,7,0,38230.41,,,1,1.0,5.117
T1813,U5549,13289.07,Payment,UPI,iOS,Bangalore,445,0,2,7626.45,1,0.871,7,0,11699.48,2248.019736612649,0.7071067811865475,2,1.1358684317593604,6.097
T1814,U5119,1096.2,Withdrawal,Card,Web,Chennai,362,11,4,3764.65,1,0.046,8,0,19470.35,25984.972127077603,-0.7071067811865475,2,0.0563009909939985,0.368
T1815,U7578,4154.47,Withdrawal,Card,Web,Hyderabad,1721,18,2,17884.32,0,0.707,6,0,26981.275,32281.977216645977,-0.7071067811865476,2,0.1539760444975265,4.242
T1816,U4810,48394.61,Transfer,UPI,Web,Delhi,688,14,1,24798.86,0,0.646,3,0,40062.77333333334,10447.096277580356,0.7975265514252917,3,1.207969543130314,1.938
T1817,U8020,14807.47,Transfer,UPI,iOS,Mumbai,392,20,4,22410.88,0,0.624,9,0,16627.265,2573.5787697387486,-0.707106781186547,2,0.8905535576656775,5.616
T1818,U2611,38472.7,Withdrawal,Wallet,Android,Mumbai,1743,4,2,20919.92,0,0.295,5,1,19447.74,26905.35645560564,0.7071067811865476,2,1.978260713070002,1.475
T1819,U9688,31251.95,Payment,NetBanking,Android,Delhi,1093,1,1,27872.68,0,0.046,9,0,39866.35,12182.601311706789,-0.7071067811865475,2,0.7839180160711979,0.414
T1820,U3478,19127.89,Transfer,Card,iOS,Hyderabad,1959,18,4,11896.05,0,0.098,5,0,19127.89,,,1,1.0,0.49
T1821,U8938,10324.08,Transfer,Card,iOS,Bangalore,479,13,0,4202.81,1,0.273,3,0,10324.08,,,1,1.0,0.8190000000000001
T1822,U3466,6113.25,Transfer,Card,iOS,Delhi,1444,8,1,3148.28,1,0.406,7,0,6113.25,,,1,1.0,2.842
T1823,U1882,30769.9,Payment,Card,iOS,Bangalore,1116,0,2,28654.86,0,0.918,9,0,24042.99,9513.287354863196,0.7071067811865476,2,1.2797867486531418,8.262
T1824,U8143,38742.96,Withdrawal,UPI,Android,Hyderabad,83,12,4,17710.03,0,0.684,1,0,20589.82,25672.416787657527,0.7071067811865475,2,1.881656080529116,0.684
T1825,U7437,32213.02,Transfer,UPI,Web,Chennai,1344,16,0,24342.72,0,0.026,3,0,28275.153333333332,21570.58821412465,0.1825572222498832,3,1.139269507056018,0.078
T1826,U8922,26538.59,Withdrawal,Wallet,Web,Chennai,1487,1,1,16113.24,0,0.92,7,0,26538.59,,,1,1.0,6.44
T1827,U7013,2145.46,Withdrawal,Card,iOS,Hyderabad,35,23,0,12014.98,0,0.72,9,0,7333.209999999999,7336.586408201023,-0.7071067811865475,2,0.2925676477286209,6.48
T1828,U9701,48426.01,Payment,Card,iOS,Bangalore,1459,21,1,6088.06,0,0.493,4,1,47575.545,1202.7391373236371,0.707106781186549,2,1.0178760957966957,1.972
T1829,U1152,39945.77,Payment,UPI,Web,Delhi,1410,13,2,25706.61,0,0.463,5,0,33161.66,6076.699120385997,1.116413675516827,3,1.2045769120122456,2.315
T1830,U2540,14676.46,Payment,Wallet,Android,Hyderabad,1276,19,1,1999.11,0,0.933,8,0,14676.46,,,1,1.0,7.464
T1831,U7573,48999.52,Payment,UPI,iOS,Hyderabad,844,22,2,27016.96,0,0.55,4,1,48071.443333333336,1182.7098420294526,0.7847035965086261,3,1.0193061951610494,2.2
T1832,U4634,30113.99,Payment,Card,iOS,Chennai,637,5,1,6229.88,0,0.503,2,0,30113.99,,,1,1.0,1.006
T1833,U3191,29142.01,Payment,Card,Android,Delhi,1356,5,4,384.98,0,0.775,7,0,29821.016666666663,7383.463600515231,-0.0919631630091983,3,0.9772305996721552,5.425
T1834,U3473,37416.26,Transfer,NetBanking,Android,Chennai,1213,17,1,3206.52,0,0.593,2,0,37416.26,,,1,1.0,1.186
T1835,U8512,40597.9,Withdrawal,NetBanking,Android,Bangalore,783,18,1,26516.91,0,0.249,6,0,21618.245000000003,26841.285510162324,0.7071067811865475,2,1.8779461515030476,1.494
T1836,U4792,32841.11,Payment,NetBanking,iOS,Bangalore,1018,8,3,2303.84,0,0.999,7,0,31202.44,2317.4293382539213,0.7071067811865462,2,1.0525173672315369,6.993
T1837,U6884,6448.38,Transfer,Wallet,Android,Mumbai,1659,14,3,10721.69,0,0.281,8,0,6448.38,,,1,1.0,2.248
T1838,U8065,16946.46,Withdrawal,UPI,iOS,Hyderabad,275,6,1,7584.47,0,0.683,5,1,31352.605,20373.36564051335,-0.7071067811865476,2,0.5405120244394365,3.415
T1839,U9393,46407.78,Payment,Card,iOS,Delhi,559,5,3,1201.95,0,0.49,1,0,43739.615,3773.3551296492105,0.7071067811865475,2,1.0610011084916957,0.49
T1840,U1912,11269.55,Payment,Card,Android,Delhi,1413,4,2,15990.86,0,0.122,3,0,11269.55,,,1,1.0,0.366
T1841,U6958,18639.74,Transfer,Wallet,Web,Chennai,86,18,3,29950.15,0,0.959,9,0,18639.74,,,1,1.0,8.631
T1842,U7302,21632.24,Withdrawal,Card,Android,Chennai,1647,19,1,25604.92,0,0.336,6,0,21632.24,,,1,1.0,2.016
T1843,U2156,21998.28,Payment,Card,Web,Delhi,1557,0,0,5149.89,0,0.657,5,0,21998.28,,,1,1.0,3.285
T1844,U5064,30666.33,Withdrawal,UPI,Android,Chennai,1847,20,0,26541.05,0,0.738,1,0,16800.025,19609.91659100186,0.7071067811865476,2,1.8253740693838247,0.738
T1845,U1585,47156.64,Transfer,NetBanking,Android,Mumbai,1082,6,1,13608.63,0,0.395,4,1,34065.94,18513.04548095748,0.7071067811865474,2,1.3842753201584923,1.58
T1846,U4203,12072.6,Payment,NetBanking,iOS,Hyderabad,1023,17,1,8270.19,0,0.261,5,0,12435.486666666666,5741.447510448331,-0.0632047346956114,3,0.9708184587870304,1.3050000000000002
T1847,U4908,6118.99,Withdrawal,Wallet,iOS,Mumbai,1287,7,0,19245.15,0,0.059,2,0,3123.585,4236.142375800181,0.7071067811865475,2,1.9589638188171603,0.118
T1848,U8226,9913.65,Transfer,NetBanking,iOS,Bangalore,1892,11,4,6579.18,0,0.952,5,0,9913.65,,,1,1.0,4.76
T1849,U2903,44351.9,Transfer,NetBanking,iOS,Delhi,1413,9,3,26401.59,0,0.582,3,0,44351.9,,,1,1.0,1.746
T1850,U4196,32308.25,Payment,Wallet,iOS,Mumbai,1282,5,4,18763.11,0,0.716,8,0,25955.35666666667,6572.239199308963,0.966625398235856,3,1.244762320738673,5.728
T1851,U4230,14331.04,Withdrawal,Wallet,iOS,Mumbai,1105,15,2,4167.05,0,0.469,1,1,12398.07,2733.6323896603226,0.7071067811865477,2,1.1559089438920735,0.469
T1852,U6038,40806.55,Payment,NetBanking,iOS,Chennai,456,18,0,17162.4,1,0.233,4,0,40806.55,,,1,1.0,0.932
T1853,U8878,43075.43,Payment,UPI,Web,Chennai,515,17,0,15360.09,0,0.995,9,0,24176.61,26726.967556847896,0.7071067811865475,2,1.7816985094270867,8.955
T1854,U9810,42333.39,Withdrawal,Wallet,Web,Chennai,1742,23,4,14196.52,0,0.967,1,0,42333.39,,,1,1.0,0.967
T1855,U6188,45950.38,Withdrawal,Card,iOS,Bangalore,1286,12,2,11012.78,1,0.86,6,0,45950.38,,,1,1.0,5.16
T1856,U9356,12649.44,Withdrawal,Wallet,Web,Mumbai,1005,19,4,14278.75,0,0.916,6,1,27311.34333333333,19460.73265067462,-0.7534096273001863,3,0.4631570057032468,5.496
T1857,U1265,37764.34,Transfer,Card,Android,Hyderabad,879,6,2,17621.74,0,0.575,2,0,37764.34,,,1,1.0,1.15
T1858,U9161,23053.95,Transfer,Wallet,Web,Chennai,308,6,1,22033.72,0,0.368,1,0,12764.346666666666,8952.70264742627,1.1493292850836947,3,1.8061206422890428,0.368
T1859,U2305,42107.83,Withdrawal,Wallet,iOS,Bangalore,743,15,1,27544.48,0,0.343,1,0,29643.585,17627.104323741038,0.7071067811865477,2,1.4204702298996563,0.343
T1860,U2417,36438.11,Transfer,NetBanking,Web,Bangalore,1093,9,0,1427.08,1,0.934,5,0,34545.94,2675.9324763155005,0.7071067811865466,2,1.0547725724064825,4.67
T1861,U6353,38833.55,Payment,NetBanking,Android,Chennai,1390,14,1,17123.39,0,0.959,5,0,40482.315,2331.705824166075,-0.7071067811865476,2,0.9592719685126704,4.795
T1862,U1243,32825.28,Withdrawal,NetBanking,Web,Delhi,166,13,4,22584.02,0,0.44,7,1,32825.28,,,1,1.0,3.08
T1863,U7176,8912.57,Payment,UPI,iOS,Mumbai,351,23,2,3555.07,0,0.607,9,0,26553.835,24948.5162204178,-0.7071067811865476,2,0.3356415372770072,5.463
T1864,U5264,27274.09,Withdrawal,NetBanking,Android,Chennai,983,11,0,27353.78,1,0.805,4,0,34929.185,10825.939170254467,-0.7071067811865472,2,0.7808395758446698,3.22
T1865,U5205,49234.25,Payment,NetBanking,Android,Hyderabad,903,14,1,7425.19,0,0.703,4,0,49234.25,,,1,1.0,2.812
T1866,U6085,46872.53,Withdrawal,Wallet,Web,Mumbai,1235,7,0,25016.62,0,0.87,7,0,32324.835,20573.547570267263,0.7071067811865475,2,1.4500469994665093,6.09
T1867,U9682,2206.53,Payment,Wallet,Android,Bangalore,1812,6,0,19894.0,1,0.609,9,0,2206.53,,,1,1.0,5.481
T1868,U6514,8282.5,Withdrawal,UPI,Android,Hyderabad,1068,20,2,16830.44,1,0.582,7,0,27103.23,26616.53161976218,-0.7071067811865476,2,0.3055908834482089,4.074
T1869,U6311,6629.85,Withdrawal,Card,Android,Mumbai,1800,8,4,26090.35,0,0.376,8,0,20516.96,19639.339304167035,-0.7071067811865474,2,0.3231399778524694,3.008
T1870,U1710,36312.7,Transfer,Wallet,iOS,Hyderabad,1568,13,4,29080.11,0,0.073,7,0,36312.7,,,1,1.0,0.511
T1871,U6257,40898.38,Payment,Wallet,Android,Bangalore,1489,6,3,29914.21,0,0.056,9,0,40898.38,,,1,1.0,0.504
T1872,U1897,10714.89,Transfer,Card,Web,Chennai,926,11,4,20530.1,0,0.152,6,0,10714.89,,,1,1.0,0.912
T1873,U2376,25317.34,Payment,UPI,Web,Hyderabad,1198,13,1,10240.02,0,0.058,9,0,25317.34,,,1,1.0,0.522
T1874,U9964,42043.12,Transfer,Wallet,Android,Chennai,1061,10,3,26253.51,1,0.535,3,0,42043.12,,,1,1.0,1.605
T1875,U9270,36653.44,Withdrawal,NetBanking,Web,Bangalore,1405,18,3,19665.01,0,0.404,4,0,32144.79333333333,12267.020610308497,0.3675421122939877,3,1.1402605585269483,1.616
T1876,U7593,27134.75,Transfer,UPI,Android,Bangalore,1896,5,3,9767.54,0,0.026,9,0,18125.9875,7714.759701673044,1.1677307976353866,4,1.497008094041773,0.2339999999999999
T1877,U9664,29537.87,Transfer,Card,Web,Hyderabad,323,2,3,27977.7,0,0.022,2,0,29537.87,,,1,1.0,0.044
T1878,U4910,25442.61,Withdrawal,Card,Android,Hyderabad,1598,5,4,22454.75,0,0.523,2,0,13748.775,16537.580053153182,0.7071067811865476,2,1.850536502342936,1.046
T1879,U3809,14912.55,Transfer,NetBanking,Android,Bangalore,1317,23,3,13639.55,0,0.549,8,0,13384.55,14413.355507586242,0.1060127878755062,4,1.1141614772256072,4.392
T1880,U6160,28272.85,Withdrawal,NetBanking,Android,Hyderabad,1331,8,1,13689.27,0,0.037,6,0,38188.835,14023.320471288176,-0.7071067811865475,2,0.7403433490442952,0.2219999999999999
T1881,U6169,34459.82,Payment,NetBanking,iOS,Hyderabad,484,1,1,29878.26,0,0.67,5,0,34459.82,,,1,1.0,3.35
T1882,U4794,43672.48,Transfer,UPI,Web,Hyderabad,606,5,0,11273.9,0,0.126,2,0,31692.285000000003,16942.554248874345,0.7071067811865474,2,1.3780161323173763,0.252
T1883,U9204,31832.75,Withdrawal,Card,Android,Hyderabad,1382,13,1,2913.01,0,0.495,1,0,29649.475,3087.6171153901173,0.7071067811865483,2,1.0736362110964863,0.495
T1884,U2538,38068.02,Withdrawal,NetBanking,iOS,Mumbai,645,18,0,16202.99,0,0.159,3,0,31208.915,9700.239316741106,0.7071067811865472,2,1.219780309568596,0.477
T1885,U1554,8045.58,Transfer,NetBanking,iOS,Bangalore,454,22,1,26557.14,1,0.039,6,0,8045.58,,,1,1.0,0.2339999999999999
T1886,U6362,23104.8,Payment,Card,Android,Bangalore,1240,3,3,17577.14,0,0.212,5,0,15011.985,11444.968730776418,0.7071067811865475,2,1.5390902668767654,1.06
T1887,U2349,516.11,Transfer,Wallet,Android,Delhi,426,13,2,23813.32,0,0.464,6,0,24160.33,33437.976595733184,-0.7071067811865475,2,0.0213618770935661,2.7840000000000003
T1888,U9316,12371.61,Withdrawal,UPI,Android,Chennai,448,20,3,1740.45,1,0.744,7,0,26670.045,20221.04069771015,-0.7071067811865475,2,0.4638766076322705,5.208
T1889,U5717,36336.76,Payment,Wallet,Android,Delhi,174,9,4,20234.5,0,0.266,7,0,29554.35666666667,10777.833691796945,0.6292918899366065,3,1.229489121006074,1.862
T1890,U4729,49590.91,Transfer,NetBanking,Android,Hyderabad,1592,5,0,2467.9,0,0.685,3,0,43657.805,8390.677557983627,0.7071067811865476,2,1.135900213031782,2.055
T1891,U5836,5003.95,Withdrawal,UPI,Web,Hyderabad,429,10,2,16735.06,1,0.863,8,0,11882.925,9728.339740225463,-0.7071067811865476,2,0.4211042314918254,6.904
T1892,U6713,20104.64,Transfer,Wallet,Android,Mumbai,1404,12,1,14983.25,0,0.27,8,0,27110.466666666664,18325.88217179826,-0.3822913735333269,3,0.7415822179379674,2.16
T1893,U2335,40013.54,Payment,Card,Android,Mumbai,1701,23,3,28373.57,0,0.522,3,0,40013.54,,,1,1.0,1.566
T1894,U3834,10241.58,Payment,NetBanking,Web,Mumbai,1299,17,0,4060.69,0,0.409,6,0,5241.45,7071.251659628583,0.7071067811865476,2,1.953959305154108,2.454
T1895,U1979,27776.49,Payment,UPI,iOS,Mumbai,1312,19,0,383.79,0,0.027,9,0,17186.965,14975.849874088952,0.7071067811865475,2,1.6161369968461563,0.243
T1896,U9036,36666.91,Payment,UPI,Web,Mumbai,997,13,1,4206.91,0,0.392,1,0,21690.53,21179.79971125317,0.7071067811865476,2,1.6904570796564216,0.392
T1897,U6960,30818.47,Payment,UPI,iOS,Mumbai,491,19,0,5204.11,0,0.377,2,1,23504.785,10343.11251792467,0.7071067811865476,2,1.3111572813790895,0.754
T1898,U1638,9441.84,Transfer,UPI,iOS,Mumbai,526,21,1,7602.25,0,0.622,2,0,9441.84,,,1,1.0,1.244
T1899,U8150,17801.46,Payment,NetBanking,Web,Mumbai,91,19,1,24471.15,0,0.866,5,0,32830.17,21253.80550697216,-0.7071067811865476,2,0.5422286878197706,4.33
T1900,U9742,39200.4,Payment,NetBanking,Android,Mumbai,128,10,3,11368.74,0,0.672,6,0,39200.4,,,1,1.0,4.032
T1901,U9894,27733.61,Withdrawal,Card,iOS,Bangalore,1807,20,0,25238.65,0,0.355,3,0,30123.11333333333,5378.47643789887,-0.4442714142049495,3,0.920675419340232,1.065
T1902,U7649,311.22,Payment,Card,Android,Mumbai,1670,4,4,8230.82,0,0.449,4,0,311.22,,,1,1.0,1.796
T1903,U8617,38061.49,Withdrawal,Card,Web,Chennai,1971,7,4,25830.18,0,0.887,2,0,21187.355,23863.630570314526,0.7071067811865475,2,1.7964248014912667,1.774
T1904,U6944,1813.8,Withdrawal,Wallet,iOS,Mumbai,1336,3,3,341.9,0,0.639,3,0,1813.8,,,1,1.0,1.917
T1905,U4227,37299.4,Withdrawal,Card,Android,Hyderabad,1248,11,3,28042.61,0,0.39,8,0,27315.923333333336,12485.462766418928,0.7996080604651965,3,1.3654819405091805,3.12
T1906,U5245,10163.9,Transfer,NetBanking,iOS,Hyderabad,37,5,1,22406.87,0,0.6,5,0,10163.9,,,1,1.0,3.0
T1907,U6713,47905.77,Transfer,Wallet,iOS,Mumbai,790,22,4,12440.64,0,0.644,2,0,27110.466666666664,18325.88217179826,1.1347504659467509,3,1.7670581103977063,1.288
T1908,U9723,18428.64,Withdrawal,NetBanking,Web,Mumbai,507,23,0,17362.32,0,0.482,2,0,18428.64,,,1,1.0,0.964
T1909,U7949,16380.23,Transfer,Wallet,Android,Hyderabad,546,7,4,27997.2,0,0.865,4,0,29202.81,18133.866540614003,-0.7071067811865474,2,0.5609128025693418,3.46
T1910,U9847,7486.96,Payment,Card,Android,Chennai,528,3,3,17518.55,0,0.813,9,1,9927.95,9997.849038875813,-0.2441515160419418,5,0.7541295030696166,7.316999999999999
T1911,U6469,15314.93,Transfer,Card,iOS,Delhi,203,19,3,6934.2,0,0.524,6,0,14853.735,652.2282238986592,0.7071067811865475,2,1.0310490930395622,3.144
T1912,U2491,43838.71,Payment,Card,Android,Bangalore,601,9,1,17228.93,0,0.958,1,0,33204.07,15039.652118955411,0.7071067811865475,2,1.320281218537366,0.958
T1913,U7325,49816.9,Payment,Wallet,iOS,Hyderabad,451,10,0,26156.27,0,0.953,4,0,26636.055,32782.66538626855,0.7071067811865476,2,1.8702807153686989,3.812
T1914,U8020,18447.06,Transfer,NetBanking,Web,Mumbai,1867,14,3,29624.75,0,0.966,3,1,16627.265,2573.5787697387486,0.7071067811865477,2,1.1094464423343229,2.898
T1915,U1872,22458.1,Transfer,UPI,Web,Bangalore,1069,4,0,17564.09,0,0.221,1,1,22458.1,,,1,1.0,0.221
T1916,U7276,36117.44,Withdrawal,NetBanking,Android,Mumbai,267,2,4,4753.79,0,0.103,6,0,37569.53,2053.56537178635,-0.7071067811865449,2,0.9613492636186826,0.618
T1917,U2858,44315.48,Transfer,Card,Web,Delhi,122,14,1,23175.4,1,0.619,1,0,24146.44,28523.32990804545,0.7071067811865476,2,1.8352800661298312,0.619
T1918,U7930,29672.56,Transfer,Wallet,Web,Delhi,1327,1,4,29907.65,0,0.728,1,0,28432.84,1753.228837545175,0.7071067811865475,2,1.0436016943787536,0.728
T1919,U4517,19606.71,Transfer,Wallet,Android,Hyderabad,1747,1,3,14261.71,0,0.307,7,0,19606.71,,,1,1.0,2.149
T1920,U8755,20660.46,Payment,Card,iOS,Bangalore,23,7,3,11573.61,0,0.538,1,0,16971.656666666666,6209.743776858536,0.5940347083369472,3,1.2173508105769286,0.538
T1921,U2394,34796.13,Payment,Wallet,Web,Bangalore,1700,21,0,16619.77,0,0.648,3,0,32329.215,3488.7446502216235,0.7071067811865478,2,1.0763060593955034,1.944
T1922,U3190,210.75,Payment,Card,Android,Delhi,920,13,3,5026.51,0,0.463,5,0,210.75,,,1,1.0,2.315
T1923,U5410,30998.49,Withdrawal,NetBanking,Android,Mumbai,1630,8,0,29141.37,1,0.541,3,0,19021.345,16938.240897509106,0.7071067811865475,2,1.6296686695919769,1.6230000000000002
T1924,U6655,17806.88,Withdrawal,Wallet,Android,Hyderabad,149,4,2,25166.21,0,0.075,6,0,33566.66,22287.69461601626,-0.7071067811865476,2,0.5304930547156017,0.4499999999999999
T1925,U2734,39720.16,Withdrawal,UPI,Web,Chennai,1404,11,3,3478.42,0,0.994,9,0,24518.58,21498.2806054996,0.7071067811865476,2,1.6200024634379315,8.946
T1926,U9371,4694.88,Payment,Wallet,Web,Delhi,1460,9,4,28357.94,0,0.379,2,0,4694.88,,,1,1.0,0.758
T1927,U2206,29430.7,Transfer,Card,iOS,Delhi,1130,0,4,28290.3,0,0.205,7,0,29430.7,,,1,1.0,1.4349999999999998
T1928,U7464,24074.6,Withdrawal,UPI,iOS,Hyderabad,706,23,0,9559.01,0,0.48,4,0,24074.6,,,1,1.0,1.92
T1929,U8798,32134.16,Withdrawal,Card,iOS,Mumbai,1521,18,2,18612.35,0,0.317,6,0,32134.16,,,1,1.0,1.902
T1930,U7827,3289.44,Payment,Wallet,iOS,Bangalore,1375,10,3,3411.55,0,0.392,6,0,24490.065,29982.2114057861,-0.7071067811865476,2,0.1343173241884004,2.3520000000000003
T1931,U7642,29020.19,Withdrawal,UPI,iOS,Delhi,879,16,1,2617.32,0,0.563,8,0,29020.19,,,1,1.0,4.504
T1932,U7637,28096.16,Transfer,UPI,iOS,Hyderabad,1525,2,1,15103.66,0,0.278,7,0,35623.5575,6876.576489724011,-1.094643171823733,4,0.7886960756235533,1.946
T1933,U8664,28054.97,Payment,Wallet,Android,Hyderabad,1533,0,4,1585.37,0,0.666,5,0,28054.97,,,1,1.0,3.33
T1934,U7222,30194.21,Payment,UPI,iOS,Hyderabad,1465,16,3,26259.26,0,0.432,7,0,26716.46,4918.281216543031,0.7071067811865475,2,1.1301725602868045,3.024
T1935,U1089,33839.57,Transfer,NetBanking,Web,Bangalore,198,5,1,27850.05,0,0.084,6,0,33839.57,,,1,1.0,0.504
T1936,U5968,40259.2,Transfer,UPI,iOS,Delhi,91,12,0,2112.46,0,0.887,5,0,40259.2,,,1,1.0,4.4350000000000005
T1937,U7268,13527.54,Transfer,UPI,Web,Hyderabad,1845,19,3,1513.81,0,0.477,9,0,16178.7,16463.957740944308,-0.161028110112723,3,0.8361326929852214,4.293
T1938,U8513,41261.22,Withdrawal,NetBanking,iOS,Bangalore,1213,3,4,6720.39,0,0.923,4,1,41261.22,,,1,1.0,3.692
T1939,U7190,24937.87,Transfer,Card,Android,Mumbai,967,4,2,27905.75,0,0.381,7,1,24937.87,,,1,1.0,2.667
T1940,U8417,3899.06,Payment,Card,Android,Chennai,907,14,0,23093.54,0,0.543,7,0,23050.42,27084.113049889595,-0.7071067811865475,2,0.1691535338618559,3.801
T1941,U7908,2974.62,Transfer,NetBanking,Web,Delhi,1894,13,0,20327.28,0,0.874,3,0,23591.31666666667,23357.18865308994,-0.8826702979058771,3,0.1260896134806662,2.622
T1942,U8026,16745.2,Payment,UPI,iOS,Bangalore,976,18,3,23312.78,0,0.462,8,0,16745.2,,,1,1.0,3.696
T1943,U4766,39255.6,Payment,Wallet,Android,Chennai,1448,14,2,6064.36,0,0.633,9,0,23409.46,22409.826099262795,0.7071067811865476,2,1.6769118125749165,5.697
T1944,U7645,35398.66,Withdrawal,NetBanking,Android,Chennai,1138,11,0,7771.99,0,0.247,5,0,35398.66,,,1,1.0,1.235
T1945,U6676,39441.32,Transfer,Wallet,iOS,Bangalore,390,17,2,9597.1,0,0.238,1,0,27357.065,17089.717312174886,0.7071067811865476,2,1.4417233720064635,0.238
T1946,U1236,25887.59,Withdrawal,Card,Web,Bangalore,731,13,4,18191.47,0,0.543,1,0,25887.59,,,1,1.0,0.543
T1947,U7371,22037.94,Transfer,NetBanking,Web,Bangalore,338,9,0,18285.78,0,0.613,5,0,29079.495000000003,9958.26258119608,-0.7071067811865478,2,0.7578515376556573,3.065
T1948,U3503,7415.25,Transfer,Wallet,Web,Hyderabad,1282,7,1,6337.37,1,0.656,2,0,7415.25,,,1,1.0,1.312
T1949,U8536,16443.23,Transfer,UPI,Android,Mumbai,81,22,4,13158.14,0,0.769,2,0,28073.8575,18542.66475929745,-0.6272360338159217,4,0.5857132387310864,1.538
T1950,U7776,21729.27,Transfer,NetBanking,iOS,Hyderabad,1706,3,4,20731.59,1,0.923,6,0,28018.64333333333,13156.03283699662,-0.478060020924144,3,0.7755289840942812,5.538
T1951,U8322,4475.59,Transfer,Wallet,Android,Chennai,142,17,0,9357.62,0,0.24,5,0,4475.59,,,1,1.0,1.2
T1952,U8451,11069.57,Payment,NetBanking,Android,Chennai,1273,7,1,2356.76,1,0.619,2,0,19763.66333333333,22624.763492585585,-0.3842733355503361,3,0.5600970737712424,1.238
T1953,U8869,29931.35,Payment,NetBanking,Android,Chennai,1111,3,2,6001.96,0,0.443,5,0,23838.6,8616.449682148675,0.7071067811865475,2,1.2555833815744213,2.215
T1954,U1976,36796.37,Transfer,Card,Android,Bangalore,579,10,1,5025.6,0,0.089,4,0,32702.54,5789.54990804985,0.7071067811865475,2,1.125183854220498,0.356
T1955,U3097,49917.46,Payment,Card,iOS,Delhi,470,4,4,18995.09,0,0.454,6,0,39378.88,9169.180741004073,1.1493480494797153,3,1.267620104990289,2.724
T1956,U7490,46659.01,Withdrawal,UPI,Android,Hyderabad,134,9,0,2149.61,0,0.791,1,0,46659.01,,,1,1.0,0.791
T1957,U3599,32146.13,Withdrawal,Card,Android,Delhi,1044,5,1,26554.01,0,0.079,3,0,32146.13,,,1,1.0,0.237
T1958,U8924,21091.34,Withdrawal,Card,Web,Mumbai,1501,3,1,2623.18,0,0.606,5,0,32967.385,16795.263906353186,-0.7071067811865476,2,0.6397638150553948,3.03
T1959,U3043,31827.06,Transfer,Card,Android,Mumbai,1440,17,4,17977.5,0,0.41,8,0,39108.98,10298.190024115887,-0.7071067811865478,2,0.8138043999101996,3.28
T1960,U8712,39293.3,Transfer,Wallet,iOS,Hyderabad,950,20,2,27893.03,0,0.654,2,0,22198.26,24176.03741731056,0.7071067811865476,2,1.7701072066008776,1.308
T1961,U1856,5960.89,Payment,NetBanking,Android,Chennai,36,16,1,1966.45,0,0.821,8,0,24112.696666666667,20844.50254538192,-0.8708198541628515,3,0.247209595940396,6.568
T1962,U3698,20524.75,Payment,Card,iOS,Mumbai,216,6,1,11554.84,0,0.542,8,0,20524.75,,,1,1.0,4.336
T1963,U8105,41998.12,Payment,Wallet,iOS,Delhi,1255,8,3,9905.58,0,0.304,6,0,21479.15,29018.20565992667,0.7071067811865475,2,1.9552971137126005,1.824
T1964,U9475,19222.46,Withdrawal,NetBanking,iOS,Delhi,321,2,4,10391.84,0,0.09,5,0,19222.46,,,1,1.0,0.4499999999999999
T1965,U8198,28615.02,Withdrawal,Card,Web,Bangalore,391,21,3,18049.31,0,0.289,7,0,28615.02,,,1,1.0,2.023
T1966,U5965,29409.08,Withdrawal,Card,Web,Chennai,1795,8,4,7936.88,0,0.365,6,0,26799.815,3690.057950825437,0.7071067811865468,2,1.0973613064120031,2.19
T1967,U9962,9264.59,Withdrawal,NetBanking,Android,Bangalore,1348,3,4,916.96,0,0.641,9,0,9264.59,,,1,1.0,5.769
T1968,U9395,18143.66,Payment,Wallet,Android,Hyderabad,1241,21,3,28872.02,0,0.388,2,0,18143.66,,,1,1.0,0.776
T1969,U3766,16758.84,Transfer,Wallet,Android,Mumbai,1654,18,2,22488.4,0,0.403,6,0,16758.84,,,1,1.0,2.418
T1970,U6799,1358.53,Transfer,UPI,iOS,Bangalore,305,8,2,4140.32,0,0.29,7,0,13692.965,17443.525261209386,-0.7071067811865475,2,0.0992137203301111,2.03
T1971,U2523,1258.38,Withdrawal,NetBanking,iOS,Bangalore,411,22,4,13709.19,0,0.363,1,0,1258.38,,,1,1.0,0.363
T1972,U4793,41593.27,Transfer,UPI,iOS,Hyderabad,1468,22,3,1975.38,0,0.266,9,0,40677.05,1295.7307501174762,0.7071067811865434,2,1.0225242489315227,2.394
T1973,U8973,13689.89,Transfer,Wallet,Android,Delhi,1606,19,1,932.9,0,0.734,8,0,9064.41,6541.416548485503,0.7071067811865476,2,1.510290245035253,5.872
T1974,U3362,25928.03,Transfer,Card,Android,Delhi,131,5,4,1520.6,0,0.983,5,0,25928.03,,,1,1.0,4.915
T1975,U3262,14971.34,Withdrawal,UPI,Android,Hyderabad,760,10,4,22697.75,1,0.735,5,0,14971.34,,,1,1.0,3.675
T1976,U3036,47036.93,Payment,Wallet,Android,Delhi,115,23,0,13403.23,0,0.074,9,0,25504.91,30450.87470928873,0.7071067811865475,2,1.8442303854434303,0.6659999999999999
T1977,U2796,13001.87,Payment,Wallet,Web,Hyderabad,800,14,2,25347.47,0,0.633,2,0,26786.5975,16229.987420059562,-0.8493369183368973,4,0.4853871418346432,1.266
T1978,U2277,21511.36,Transfer,Card,Web,Delhi,1069,21,3,9225.93,0,0.703,6,0,24833.0,4697.508337320966,-0.7071067811865476,2,0.8662408891394515,4.218
T1979,U5339,43642.88,Payment,NetBanking,Web,Hyderabad,1583,5,1,23282.12,0,0.778,4,0,43642.88,,,1,1.0,3.112
T1980,U3874,42104.58,Payment,Wallet,Android,Delhi,81,19,1,2430.24,0,0.763,4,0,42526.240000000005,596.3172907102364,-0.7071067811865568,2,0.9900847100519584,3.052
T1981,U6109,9345.77,Withdrawal,UPI,Web,Bangalore,577,23,4,19089.73,0,0.508,8,0,9345.77,,,1,1.0,4.064
T1982,U6367,40142.03,Withdrawal,Card,Web,Bangalore,1200,9,1,10882.0,0,0.262,3,0,26036.74,15406.518161521764,0.9155404129680887,3,1.5417456256044342,0.786
T1983,U9206,22936.43,Transfer,NetBanking,Android,Delhi,1254,23,1,8374.08,0,0.121,8,0,28536.865,12036.451636448624,-0.4652895362484437,4,0.8037473632790427,0.968
T1984,U5397,24174.3,Transfer,NetBanking,Web,Hyderabad,85,21,4,24471.76,1,0.008,5,0,24174.3,,,1,1.0,0.04
T1985,U7297,6717.32,Transfer,NetBanking,Android,Bangalore,731,17,2,1652.47,1,0.002,2,0,11067.945,6152.712879799447,-0.7071067811865476,2,0.6069166408036902,0.004
T1986,U1633,4076.05,Withdrawal,Wallet,Android,Mumbai,1019,15,0,28490.99,0,0.936,5,0,4076.05,,,1,1.0,4.680000000000001
T1987,U4619,36410.57,Payment,NetBanking,Android,Delhi,1244,3,2,23587.81,0,0.608,4,0,36410.57,,,1,1.0,2.432
T1988,U2107,24848.23,Withdrawal,Wallet,iOS,Mumbai,237,19,2,10732.72,1,0.574,9,0,21579.68,3153.2319361093632,1.036571386509844,3,1.1514642478479755,5.166
T1989,U8653,21870.69,Withdrawal,Card,Android,Mumbai,1770,12,0,29740.86,0,0.377,6,0,15475.454999999998,9044.2280715631,0.7071067811865477,2,1.4132502081521998,2.262
T1990,U8988,36488.94,Payment,Card,Web,Chennai,462,23,4,6154.43,1,0.799,3,0,18628.945,25257.847152915667,0.7071067811865476,2,1.9587228369615133,2.397
T1991,U5702,38287.37,Payment,NetBanking,Web,Mumbai,775,4,2,12132.18,0,0.22,2,0,22601.83666666667,17156.168062694927,0.9142795335189444,3,1.6939937477057545,0.44
T1992,U2735,7987.46,Transfer,Card,Android,Mumbai,496,19,3,26557.9,0,0.738,7,0,3656.42,3842.8453491651208,1.127039890101469,3,2.184502874396268,5.166
T1993,U5009,30530.75,Payment,UPI,iOS,Chennai,677,23,3,29904.53,0,0.363,1,0,28811.2,2431.8109311786543,0.7071067811865476,2,1.0596833870161604,0.363
T1994,U8503,6810.94,Payment,UPI,iOS,Chennai,1507,18,0,7249.47,0,0.708,5,0,6810.94,,,1,1.0,3.54
T1995,U1067,37581.19,Payment,Wallet,iOS,Chennai,1908,17,3,22319.09,0,0.706,5,0,38313.130000000005,1035.1194748433588,-0.7071067811865528,2,0.9808958443228208,3.53
T1996,U3753,32864.91,Payment,NetBanking,Web,Hyderabad,1694,19,4,9241.31,0,0.315,4,0,32864.91,,,1,1.0,1.26
T1997,U2746,47832.9,Transfer,Wallet,iOS,Chennai,839,16,1,23017.53,0,0.934,3,0,41127.615000000005,9482.704986576877,0.7071067811865474,2,1.1630360768549306,2.802
T1998,U4509,3494.45,Transfer,Card,iOS,Hyderabad,800,15,4,3845.99,0,0.508,9,0,16224.645,18003.214420654163,-0.7071067811865475,2,0.2153791346436239,4.572
T1999,U9653,2899.88,Payment,NetBanking,Android,Delhi,1950,0,0,10151.48,0,0.258,4,0,2899.88,,,1,1.0,1.032
T2000,U7272,14145.24,Payment,Wallet,iOS,Hyderabad,980,20,1,2342.49,0,0.674,9,0,26789.09,17881.10415061106,-0.7071067811865475,2,0.5280224150951003,6.066000000000001
T2001,U5623,13122.2,Transfer,NetBanking,iOS,Delhi,499,0,3,14807.72,0,0.751,7,0,28082.02333333333,18680.2338890238,-0.800837046377855,3,0.4672811443904742,5.257
T2002,U7229,12386.59,Transfer,NetBanking,iOS,Chennai,385,19,2,21074.87,0,0.951,9,0,20465.403333333332,15451.027073285022,-0.5228657807028041,6,0.6052453400625217,8.559
T2003,U6233,45317.42,Payment,Wallet,Android,Chennai,240,23,3,11420.62,1,0.073,2,0,39567.465,8131.664344034984,0.7071067811865482,2,1.1453202776574138,0.146
T2004,U3886,12514.83,Withdrawal,NetBanking,Android,Delhi,1945,13,4,18480.04,0,0.54,2,1,13773.47,1779.9857581452725,-0.7071067811865482,2,0.9086185253244098,1.08
T2005,U5042,13633.89,Transfer,Card,iOS,Bangalore,711,23,4,17115.69,0,0.49,8,0,13633.89,,,1,1.0,3.92
T2006,U2174,37981.94,Transfer,UPI,Web,Hyderabad,1258,1,0,8908.44,0,0.31,9,0,37981.94,,,1,1.0,2.79
T2007,U7643,22514.51,Transfer,UPI,Web,Mumbai,484,14,2,14654.67,0,0.768,2,0,22514.51,,,1,1.0,1.536
T2008,U1810,38846.69,Payment,NetBanking,Android,Chennai,1610,2,2,2163.67,0,0.194,6,1,38846.69,,,1,1.0,1.164
T2009,U3012,3315.04,Payment,UPI,iOS,Hyderabad,1653,12,1,13851.41,0,0.328,6,0,3315.04,,,1,1.0,1.968
T2010,U5439,24404.18,Transfer,NetBanking,Web,Hyderabad,1113,18,1,13799.87,0,0.766,7,0,23940.99,655.0495799555933,0.7071067811865517,2,1.0193471531461316,5.362
T2011,U9872,1729.0,Payment,Wallet,iOS,Chennai,1678,0,4,958.67,1,0.477,5,0,23862.91333333333,24216.34670047762,-0.9140071211854918,3,0.0724555286208417,2.385
T2012,U9294,3179.53,Payment,Card,Android,Delhi,1719,12,0,15464.81,0,0.136,3,0,21816.005,26355.95569982713,-0.7071067811865476,2,0.1457429992338194,0.408
T2013,U8303,45326.55,Transfer,UPI,Web,Chennai,1609,14,4,22157.04,0,0.894,3,0,45326.55,,,1,1.0,2.682
T2014,U6634,7005.31,Payment,Wallet,Android,Hyderabad,1243,15,2,13622.34,0,0.731,6,0,25695.463333333333,17508.849637804116,-1.067468949700648,3,0.2726282810752974,4.386
T2015,U9029,26644.41,Withdrawal,Card,iOS,Bangalore,1330,10,2,19416.16,0,0.563,1,0,29315.88,3778.0291054728527,-0.7071067811865468,2,0.9088729384893104,0.563
T2016,U1157,20584.23,Payment,UPI,Android,Delhi,1643,2,4,16019.39,0,0.609,8,1,21152.365,803.46422225884,-0.7071067811865441,2,0.9731408284605528,4.872
T2017,U7461,17399.8,Payment,UPI,Android,Chennai,1205,7,2,23576.85,0,0.626,7,0,9250.295,11525.14049762735,0.7071067811865475,2,1.880999470827687,4.382
T2018,U5863,44996.68,Transfer,Card,Android,Mumbai,1122,5,1,15482.21,0,0.499,7,0,44996.68,,,1,1.0,3.493
T2019,U1842,1140.08,Transfer,Wallet,Android,Chennai,1907,4,2,10015.11,1,0.745,6,0,1140.08,,,1,1.0,4.47
T2020,U5475,33206.29,Withdrawal,Wallet,Web,Hyderabad,235,14,1,24844.31,0,0.715,3,0,33206.29,,,1,1.0,2.145
T2021,U3879,48171.55,Payment,UPI,iOS,Hyderabad,152,8,3,2121.88,0,0.003,9,1,42833.33,7549.3831229313055,0.7071067811865475,2,1.1246277139788103,0.027
T2022,U3205,28030.4,Withdrawal,Card,Web,Mumbai,717,22,0,8754.74,0,0.111,6,0,28030.4,,,1,1.0,0.666
T2023,U8436,46844.28,Withdrawal,Wallet,iOS,Delhi,1724,21,0,17785.38,0,0.025,6,0,46844.28,,,1,1.0,0.15
T2024,U1695,2660.28,Transfer,Card,iOS,Hyderabad,63,4,2,25695.19,0,0.169,6,1,14938.49,17364.01110366496,-0.7071067811865474,2,0.178082255970985,1.014
T2025,U8932,20968.73,Payment,Card,iOS,Delhi,205,20,0,2257.04,0,0.072,6,0,20968.73,,,1,1.0,0.4319999999999999
T2026,U6027,13044.88,Transfer,UPI,iOS,Delhi,1762,9,3,2971.98,0,0.194,6,0,28741.7,22198.655730129245,-0.7071067811865475,2,0.4538659856584683,1.164
T2027,U6301,36554.51,Withdrawal,Card,iOS,Chennai,1522,5,2,8543.31,0,0.539,4,0,36554.51,,,1,1.0,2.156
T2028,U8665,49065.79,Withdrawal,Card,Web,Delhi,854,10,1,10402.7,0,0.67,2,0,46906.21,3054.107325029691,0.7071067811865476,2,1.046040385697331,1.34
T2029,U7957,12863.68,Transfer,NetBanking,iOS,Hyderabad,307,3,3,25321.79,0,0.919,1,0,12863.68,,,1,1.0,0.919
T2030,U8119,32726.02,Transfer,Card,Android,Hyderabad,1463,19,3,28771.21,0,0.739,8,0,32726.02,,,1,1.0,5.912
T2031,U7644,9944.98,Transfer,Wallet,Web,Bangalore,546,11,0,615.14,0,0.031,5,0,9944.98,,,1,1.0,0.155
T2032,U4658,28288.25,Transfer,UPI,Web,Delhi,588,19,1,559.15,0,0.469,3,0,28288.25,,,1,1.0,1.407
T2033,U5803,23223.43,Transfer,UPI,iOS,Bangalore,1708,5,4,25957.83,1,0.676,9,0,27254.876666666667,8624.594050651505,-0.4674361069043162,3,0.8520834742357423,6.0840000000000005
T2034,U6762,48601.67,Withdrawal,Card,Android,Chennai,509,0,3,4154.95,0,0.315,3,0,32141.0,23278.902759747933,0.7071067811865475,2,1.5121393236053635,0.945
T2035,U6214,30445.94,Transfer,Card,Android,Bangalore,633,17,0,10246.15,0,0.369,5,0,30445.94,,,1,1.0,1.845
T2036,U1816,17507.84,Payment,Wallet,iOS,Delhi,850,1,3,8328.88,0,0.803,2,1,17507.84,,,1,1.0,1.606
T2037,U8776,5749.08,Withdrawal,NetBanking,iOS,Hyderabad,215,4,1,8527.86,0,0.047,6,0,5749.08,,,1,1.0,0.282
T2038,U7419,7604.78,Withdrawal,UPI,Android,Chennai,1951,15,1,9924.9,0,0.54,9,0,21431.545,19553.998586745627,-0.7071067811865475,2,0.3548404933008796,4.86
T2039,U4161,11304.58,Payment,NetBanking,Web,Delhi,889,11,2,10147.78,0,0.804,1,0,11304.58,,,1,1.0,0.804
T2040,U3959,12585.78,Payment,Wallet,Web,Chennai,1170,11,4,18642.66,0,0.797,3,0,12585.78,,,1,1.0,2.391
T2041,U3294,42538.27,Withdrawal,UPI,iOS,Mumbai,417,10,4,18900.64,0,0.121,1,0,45883.92,4731.463604953548,-0.7071067811865476,2,0.927084477525024,0.121
T2042,U4220,28083.08,Transfer,Wallet,Web,Delhi,288,19,0,15734.47,0,0.845,5,0,27775.56,434.8989547009748,0.7071067811865476,2,1.01107160395686,4.225
T2043,U4418,26193.38,Withdrawal,Card,Web,Mumbai,1478,18,4,25770.39,0,0.077,5,0,32870.0,9442.166554811454,-0.7071067811865474,2,0.796878004259203,0.385
T2044,U4091,5782.71,Withdrawal,Wallet,Android,Bangalore,686,20,1,25385.59,0,0.924,4,0,14117.055,14181.243849654613,-0.5877019737026091,4,0.4096258036821419,3.696
T2045,U3076,43013.98,Payment,Card,Web,Delhi,950,6,4,6594.8,0,0.216,5,0,33736.380000000005,20861.786897818703,0.4447174178051861,3,1.2750028307720034,1.08
T2046,U7203,36154.57,Withdrawal,NetBanking,Android,Mumbai,280,1,0,16354.82,1,0.115,8,0,36154.57,,,1,1.0,0.92
T2047,U4982,3430.03,Transfer,UPI,iOS,Hyderabad,450,5,3,23536.73,0,0.074,8,0,22949.37,27604.51535657165,-0.7071067811865475,2,0.1494607477242295,0.592
T2048,U5367,35406.36,Payment,UPI,iOS,Bangalore,1261,3,4,26019.54,0,0.343,6,1,35406.36,,,1,1.0,2.0580000000000003
T2049,U4957,27199.73,Withdrawal,NetBanking,Android,Delhi,136,1,4,7730.05,0,0.349,4,0,27199.73,,,1,1.0,1.396
T2050,U8162,4132.18,Withdrawal,Card,Android,Delhi,1303,16,1,14873.59,0,0.526,4,0,24059.135,28180.97001779836,-0.7071067811865475,2,0.171750979409692,2.104
T2051,U1868,22942.12,Transfer,UPI,iOS,Hyderabad,1853,7,1,15798.32,0,0.733,5,0,26980.595,5711.266116304684,-0.707106781186548,2,0.8503192757609681,3.665
T2052,U8193,24260.58,Withdrawal,Wallet,Android,Hyderabad,1793,4,3,21019.19,0,0.51,5,1,31141.52,7062.903709176557,-0.9742366997103274,3,0.7790428983556359,2.55
T2053,U2246,8330.44,Withdrawal,Card,iOS,Mumbai,1885,9,2,9974.75,1,0.979,2,0,8330.44,,,1,1.0,1.958
T2054,U8980,47287.62,Withdrawal,UPI,iOS,Mumbai,496,15,4,8874.21,0,0.21,6,0,47287.62,,,1,1.0,1.26
T2055,U5763,42506.27,Withdrawal,Wallet,iOS,Mumbai,557,1,1,21197.36,0,0.211,7,0,42506.27,,,1,1.0,1.477
T2056,U4809,33467.67,Transfer,Wallet,iOS,Chennai,1188,23,2,12040.13,0,0.705,3,0,33467.67,,,1,1.0,2.115
T2057,U8142,23141.66,Withdrawal,UPI,iOS,Bangalore,1690,18,4,220.32,0,0.314,4,0,19019.345,5829.833781374045,0.7071067811865472,2,1.2167432684984685,1.256
T2058,U5872,20617.69,Withdrawal,NetBanking,iOS,Delhi,995,6,4,28141.61,0,0.172,9,0,20617.69,,,1,1.0,1.5479999999999998
T2059,U7238,32566.12,Withdrawal,NetBanking,Web,Bangalore,946,1,2,4574.4,0,0.792,4,0,22203.42,14655.070882803671,0.7071067811865476,2,1.46671638873651,3.168
T2060,U8156,27294.32,Payment,UPI,Web,Hyderabad,781,12,1,4544.16,0,0.226,7,0,27294.32,,,1,1.0,1.582
T2061,U5268,3160.54,Transfer,Wallet,iOS,Bangalore,1932,22,3,24569.14,0,0.749,2,0,22807.976666666666,21276.44674952172,-0.92343598994547,3,0.1385716956041548,1.498
T2062,U1998,25649.51,Payment,NetBanking,Web,Bangalore,28,3,4,10131.53,0,0.207,5,0,28796.11,13271.586336459555,-0.2370929834782219,3,0.8907282962872415,1.035
T2063,U1302,40329.86,Payment,NetBanking,Android,Mumbai,434,15,0,9912.44,0,0.939,6,0,40329.86,,,1,1.0,5.634
T2064,U5600,22989.03,Transfer,NetBanking,Android,Hyderabad,945,9,0,18709.62,0,0.295,2,0,34412.48,16155.197919090935,-0.7071067811865471,2,0.6680433958842839,0.59
T2065,U8406,2645.23,Payment,Card,iOS,Bangalore,67,16,0,1865.26,0,0.75,1,0,2645.23,,,1,1.0,0.75
T2066,U9774,39324.6,Payment,NetBanking,Web,Delhi,432,20,3,7185.16,0,0.841,9,0,36986.87666666667,6441.096067940092,0.3629387465541945,3,1.0632041292483647,7.569
T2067,U7166,10108.12,Payment,UPI,Android,Mumbai,1808,13,4,1692.81,0,0.123,7,0,25664.10666666667,16948.56460962206,-0.9178350512252352,3,0.3938621410551078,0.861
T2068,U3293,12968.11,Transfer,UPI,Android,Bangalore,1581,11,1,8816.14,0,0.068,8,0,12968.11,,,1,1.0,0.544
T2069,U9386,8277.08,Withdrawal,Card,Android,Hyderabad,1756,12,1,26110.91,0,0.598,5,0,27903.095,27755.3765883378,-0.7071067811865475,2,0.2966366275855778,2.99
T2070,U5739,16544.24,Transfer,Card,Android,Delhi,853,19,3,27289.04,0,0.62,5,1,16544.24,,,1,1.0,3.1
T2071,U7585,37849.74,Transfer,UPI,Web,Hyderabad,1693,7,4,9352.16,0,0.623,1,0,36716.51333333333,10527.653721728944,0.1076428515432364,3,1.0308642233095118,0.623
T2072,U7689,25993.32,Transfer,Card,Android,Hyderabad,1135,16,2,5708.84,0,0.456,3,0,25993.32,,,1,1.0,1.368
T2073,U8141,10283.82,Payment,NetBanking,Android,Hyderabad,1109,17,2,4144.75,0,0.935,7,0,10283.82,,,1,1.0,6.545
T2074,U7742,43897.61,Withdrawal,Wallet,Android,Chennai,1958,20,4,11893.13,0,0.692,9,0,39582.32666666667,9845.3971327841,0.4383046488763678,3,1.1090204567728796,6.228
T2075,U5470,43985.11,Transfer,Wallet,iOS,Delhi,1613,9,4,24809.55,1,0.074,8,0,34787.884000000005,11339.09510776896,0.8111075806832709,5,1.264380150284507,0.592
T2076,U4890,43535.39,Transfer,Wallet,Android,Hyderabad,75,12,1,25594.64,0,0.785,5,0,22216.5,30149.463372740152,0.7071067811865475,2,1.9595971462651636,3.925
T2077,U3656,11977.87,Withdrawal,UPI,Android,Chennai,824,1,3,1473.25,0,0.275,3,0,17718.735,8118.809142753017,-0.7071067811865476,2,0.676000290088429,0.8250000000000001
T2078,U4869,22589.41,Withdrawal,Card,Web,Mumbai,1767,16,3,6355.94,0,0.723,9,0,22589.41,,,1,1.0,6.507
T2079,U9645,49250.23,Withdrawal,Wallet,Android,Chennai,1184,5,1,6174.79,1,0.059,4,0,49250.23,,,1,1.0,0.236
T2080,U3402,38612.02,Payment,NetBanking,Android,Mumbai,911,11,0,24870.06,1,0.767,9,0,38612.02,,,1,1.0,6.9030000000000005
T2081,U5184,1407.01,Withdrawal,NetBanking,Android,Chennai,1819,12,2,13743.14,0,0.543,3,0,17090.920000000002,18477.97132948582,-0.8487896057600622,3,0.0823250006436166,1.629
T2082,U6516,3306.97,Payment,NetBanking,iOS,Hyderabad,446,3,4,11115.02,1,0.721,7,1,21548.79,15872.755663552878,-1.149253499938072,5,0.1534643012438285,5.047
T2083,U3600,23223.37,Transfer,Card,Web,Chennai,799,14,2,28702.52,0,0.494,1,0,13538.055,13697.103828855572,0.7071067811865475,2,1.7154140679735752,0.494
T2084,U3380,45465.55,Payment,Wallet,Web,Chennai,1101,15,2,27768.18,1,0.801,5,0,28918.02,23401.74134977566,0.7071067811865477,2,1.5722220954270036,4.005
T2085,U2827,26958.15,Withdrawal,NetBanking,iOS,Hyderabad,244,20,3,13259.19,0,0.947,9,0,28116.153333333332,17910.88295272551,-0.0646536151450378,3,0.95881359304011,8.523
T2086,U2792,24915.73,Payment,Card,iOS,Mumbai,1748,18,1,3937.12,0,0.742,9,0,37298.92,12151.78878363593,-1.019042564060666,3,0.6680013791284037,6.678
T2087,U6532,5318.41,Withdrawal,NetBanking,Web,Hyderabad,1778,14,0,5213.0,0,0.744,6,0,21101.615,22320.822568714844,-0.7071067811865475,2,0.2520380549071718,4.464
T2088,U3554,32856.17,Payment,Wallet,Android,Delhi,684,5,0,3451.31,0,0.217,6,0,28454.996666666662,14389.541700350755,0.3058591736264994,3,1.1546713705466376,1.302
T2089,U8363,41114.05,Transfer,Wallet,Web,Chennai,107,19,1,20447.07,0,0.354,3,0,29482.456666666665,13402.256998973471,0.8678831732762806,3,1.3945259197644884,1.0619999999999998
T2090,U4590,19051.98,Payment,Wallet,iOS,Delhi,1042,5,2,16685.14,0,0.125,9,0,19051.98,,,1,1.0,1.125
T2091,U4891,38791.81,Transfer,Wallet,Android,Hyderabad,936,4,1,16743.67,0,0.532,1,0,38791.81,,,1,1.0,0.532
T2092,U2281,48225.61,Withdrawal,Wallet,Web,Hyderabad,1537,1,1,3041.5,1,0.447,7,0,48225.61,,,1,1.0,3.129
T2093,U4020,10228.13,Transfer,NetBanking,Android,Bangalore,770,19,4,23818.92,0,0.295,3,0,10228.13,,,1,1.0,0.885
T2094,U6194,26190.32,Withdrawal,Wallet,Android,Delhi,1523,1,4,16113.63,0,0.069,2,0,26190.32,,,1,1.0,0.138
T2095,U6469,14392.54,Withdrawal,NetBanking,iOS,Bangalore,436,4,2,2819.98,1,0.931,5,0,14853.735,652.2282238986592,-0.7071067811865475,2,0.968950906960438,4.655
T2096,U5138,39653.08,Transfer,Wallet,Web,Delhi,236,2,3,22439.21,0,0.605,5,0,39653.08,,,1,1.0,3.025
T2097,U3510,28900.79,Transfer,NetBanking,iOS,Bangalore,1786,5,0,29440.81,0,0.325,2,0,28900.79,,,1,1.0,0.65
T2098,U6288,31747.39,Payment,Wallet,Web,Bangalore,1620,10,4,13291.3,0,0.348,8,0,16122.596666666666,13599.12458068288,1.1489558199597532,3,1.96912387355304,2.784
T2099,U6643,39905.81,Payment,NetBanking,Web,Delhi,26,4,2,3558.07,0,0.395,2,0,39905.81,,,1,1.0,0.79
T2100,U1128,19828.73,Transfer,Wallet,Android,Hyderabad,572,17,1,3131.83,0,0.812,8,0,12933.645,9751.122720715292,0.7071067811865475,2,1.5331122819591847,6.496
T2101,U8065,45758.75,Transfer,Card,Android,Mumbai,237,13,4,873.8,1,0.21,6,0,31352.605,20373.36564051335,0.7071067811865476,2,1.4594879755605634,1.26
T2102,U5888,26674.79,Transfer,NetBanking,Android,Hyderabad,715,9,1,23134.9,1,0.856,4,0,19441.225,10229.805727307335,0.7071067811865478,2,1.3720735190297937,3.424
T2103,U9360,7939.84,Transfer,Card,iOS,Mumbai,1825,23,1,20850.63,0,0.311,3,0,7939.84,,,1,1.0,0.933
T2104,U5607,34810.16,Withdrawal,NetBanking,Android,Delhi,1271,21,4,17568.75,0,0.871,9,0,33385.784,5435.124588915143,0.2620686934950852,5,1.0426641471112377,7.839
T2105,U8872,39673.4,Transfer,NetBanking,iOS,Chennai,1414,2,2,22992.32,0,0.896,6,0,34520.71666666667,12583.320403034855,0.4094851889880039,3,1.1492635098827129,5.376
T2106,U1058,15872.25,Transfer,NetBanking,Android,Hyderabad,1816,15,0,29979.0,0,0.697,5,0,15872.25,,,1,1.0,3.485
T2107,U8701,42866.1,Transfer,UPI,iOS,Bangalore,1957,15,2,12115.25,0,0.895,3,0,27076.376666666667,22110.813950568016,0.7141176877809015,3,1.5831549593107792,2.685
T2108,U4844,45311.86,Transfer,Wallet,Web,Hyderabad,1420,10,3,21203.73,0,0.747,3,0,45311.86,,,1,1.0,2.241
T2109,U6217,13881.38,Withdrawal,Card,iOS,Delhi,678,3,3,11377.13,0,0.145,6,0,13881.38,,,1,1.0,0.8699999999999999
T2110,U9005,49176.9,Payment,Card,iOS,Chennai,263,10,0,10626.53,1,0.956,4,0,49176.9,,,1,1.0,3.824
T2111,U1026,7078.54,Payment,NetBanking,iOS,Chennai,1341,7,3,25542.51,0,0.19,4,0,7078.54,,,1,1.0,0.76
T2112,U2910,10140.68,Payment,Card,Web,Hyderabad,1855,15,1,17285.42,0,0.495,8,0,6208.93,5560.334173860417,0.7071067811865475,2,1.6332411542729584,3.96
T2113,U4835,9252.03,Payment,Card,iOS,Hyderabad,1347,22,3,3706.34,0,0.383,2,0,17940.55,12287.422820949883,-0.7071067811865475,2,0.5157049254342816,0.766
T2114,U6854,44704.79,Payment,Card,Web,Hyderabad,1334,7,4,12165.13,0,0.348,6,0,44704.79,,,1,1.0,2.088
T2115,U4531,32731.91,Withdrawal,Card,Android,Delhi,127,8,1,23916.97,0,0.784,9,0,32731.91,,,1,1.0,7.056
T2116,U9043,7647.61,Payment,UPI,Android,Mumbai,1878,13,2,28205.94,0,0.291,3,0,7647.61,,,1,1.0,0.873
T2117,U3176,22044.15,Withdrawal,NetBanking,Web,Mumbai,59,7,0,18471.4,0,0.538,5,0,22044.15,,,1,1.0,2.6900000000000004
T2118,U8944,30784.14,Withdrawal,Card,iOS,Bangalore,1823,23,4,11886.99,0,0.337,7,0,33379.134999999995,3669.877123290366,-0.707106781186547,2,0.9222569728065152,2.359
T2119,U4917,4219.03,Payment,UPI,Android,Delhi,1597,15,4,7634.27,0,0.893,1,1,4219.03,,,1,1.0,0.893
T2120,U5995,44126.7,Payment,UPI,iOS,Chennai,1214,21,0,12718.51,0,0.155,8,0,45002.56,1238.6530907400995,-0.7071067811865476,2,0.9805375516415066,1.24
T2121,U2102,40190.0,Payment,NetBanking,iOS,Bangalore,552,1,3,17013.07,0,0.175,6,0,41334.925,1619.1684629000122,-0.7071067811865509,2,0.9723012682374528,1.0499999999999998
T2122,U5077,25285.08,Transfer,Wallet,Web,Chennai,336,22,0,232.06,0,0.111,4,0,23976.84,1850.13075083898,0.7071067811865475,2,1.0545626529601069,0.444
T2123,U5948,48357.97,Withdrawal,Wallet,Android,Chennai,1536,19,0,8133.47,0,0.758,6,0,47643.765,1010.0383973146788,0.7071067811865475,2,1.0149905239436892,4.548
T2124,U1029,20917.16,Payment,Wallet,Web,Hyderabad,1529,18,3,20178.33,0,0.161,2,0,25427.56,6378.668851727609,-0.7071067811865471,2,0.8226176636688696,0.322
T2125,U5795,49206.31,Transfer,Card,Web,Chennai,953,19,2,20229.57,0,0.533,4,0,36560.365,14047.694298772542,0.900214991232047,4,1.345892197739273,2.132
T2126,U9424,33412.6,Withdrawal,NetBanking,Web,Chennai,1279,19,0,19624.9,0,0.767,8,0,18095.795,21661.233363224037,0.7071067811865476,2,1.8464289631928303,6.136
T2127,U7933,31751.83,Transfer,Wallet,Web,Delhi,611,18,3,28503.28,0,0.116,4,0,31751.83,,,1,1.0,0.464
T2128,U3668,8339.45,Transfer,Card,iOS,Hyderabad,1576,18,4,17099.52,0,0.93,5,0,24937.23,17489.028460622583,-0.9490395671418068,4,0.3344176558503089,4.65
T2129,U1215,44102.29,Payment,NetBanking,Android,Hyderabad,111,17,0,8164.87,0,0.284,2,0,39494.215,6516.802161432403,0.7071067811865478,2,1.1166772146249777,0.568
T2130,U4555,21403.11,Withdrawal,Card,Android,Bangalore,1263,12,0,24367.22,0,0.792,3,0,27046.47333333333,5001.706387787405,-1.1282876074278672,3,0.7913456862274836,2.3760000000000003
T2131,U7870,8153.56,Transfer,Wallet,Android,Hyderabad,397,16,2,11742.38,0,0.794,3,0,8153.56,,,1,1.0,2.382
T2132,U5571,679.75,Withdrawal,Wallet,iOS,Mumbai,1964,0,2,7254.79,0,0.348,2,0,15663.895,21190.781079565,-0.7071067811865476,2,0.0433959752666881,0.696
T2133,U8075,28009.8,Payment,UPI,iOS,Delhi,1642,20,4,16746.8,0,0.551,8,0,19889.07,18278.961764525902,0.4442664799354168,4,1.4083011422856877,4.408
T2134,U4669,26393.61,Withdrawal,UPI,Web,Bangalore,1612,4,2,8742.13,0,0.631,3,0,26393.61,,,1,1.0,1.893
T2135,U7626,35981.71,Transfer,NetBanking,Web,Mumbai,1737,19,4,11945.19,0,0.416,1,0,23600.16,17510.155933200593,0.7071067811865476,2,1.524638392282086,0.416
T2136,U4218,44518.39,Transfer,Card,Web,Chennai,1244,20,0,20825.41,0,0.358,2,0,44518.39,,,1,1.0,0.716
T2137,U4939,4016.36,Withdrawal,Card,Web,Mumbai,658,12,3,29878.85,0,0.852,8,0,16010.195,16961.84412186511,-0.7071067811865475,2,0.2508626534530029,6.816
T2138,U9858,36588.25,Transfer,Wallet,Android,Bangalore,1463,5,2,19377.47,0,0.202,1,0,35927.520000000004,934.413327066777,0.7071067811865417,2,1.018390637594802,0.202
T2139,U9925,9411.23,Transfer,Wallet,Web,Hyderabad,348,9,4,8366.75,0,0.795,1,0,13203.15,5362.584691433786,-0.7071067811865476,2,0.7128018692508985,0.795
T2140,U2209,42915.94,Transfer,NetBanking,iOS,Delhi,193,22,2,2804.92,0,0.204,1,0,42915.94,,,1,1.0,0.204
T2141,U3229,40962.22,Payment,UPI,iOS,Bangalore,65,8,2,10922.83,0,0.7,8,0,40962.22,,,1,1.0,5.6
T2142,U3455,27062.65,Payment,Wallet,iOS,Mumbai,988,5,1,677.39,0,0.288,6,0,27062.65,,,1,1.0,1.7279999999999998
T2143,U4317,35526.63,Transfer,Card,Web,Mumbai,1795,0,0,13996.17,0,0.927,7,0,35526.63,,,1,1.0,6.489000000000001
T2144,U5088,15751.79,Withdrawal,Wallet,Android,Bangalore,1315,23,2,19833.51,1,0.605,4,0,15751.79,,,1,1.0,2.42
T2145,U2220,23584.84,Payment,UPI,Android,Bangalore,581,17,3,15402.7,0,0.534,8,0,12838.115,15198.164246094,0.7071067811865476,2,1.8370952433437464,4.272
T2146,U8317,41090.76,Withdrawal,Card,Web,Bangalore,1161,22,1,25971.94,0,0.295,2,0,41090.76,,,1,1.0,0.59
T2147,U3793,22990.3,Transfer,UPI,Web,Hyderabad,726,6,4,14872.1,0,0.509,9,0,22990.3,,,1,1.0,4.581
T2148,U8413,17922.02,Transfer,NetBanking,iOS,Bangalore,1759,9,4,13925.16,0,0.066,4,0,17922.02,,,1,1.0,0.264
T2149,U4451,24735.91,Withdrawal,NetBanking,iOS,Chennai,1672,11,3,9359.35,0,0.143,1,0,14763.53,14103.075045138206,0.7071067811865476,2,1.6754739550771396,0.143
T2150,U9070,41421.05,Payment,UPI,Android,Delhi,1017,20,3,25144.65,0,0.295,2,0,41421.05,,,1,1.0,0.59
T2151,U1716,16793.64,Withdrawal,Card,iOS,Delhi,1541,23,0,27117.6,1,0.949,8,0,21050.035,6019.45153581703,-0.7071067811865476,2,0.7977962982009293,7.592
T2152,U9609,8729.39,Withdrawal,UPI,iOS,Chennai,1617,14,3,29339.77,0,0.468,9,0,27025.895,25875.165515027147,-0.7071067811865475,2,0.3230009588951633,4.212000000000001
T2153,U5954,35615.1,Transfer,Wallet,Web,Mumbai,225,16,4,29438.15,0,0.4,5,0,41415.605,8203.152839612949,-0.7071067811865472,2,0.8599439752238317,2.0
T2154,U8203,41307.61,Payment,Wallet,Android,Mumbai,1123,2,0,29414.67,0,0.773,4,0,44626.630000000005,4693.803097787548,-0.7071067811865487,2,0.9256269182772708,3.092
T2155,U3338,5076.84,Withdrawal,UPI,Web,Mumbai,953,14,3,21387.57,0,0.694,7,1,5076.84,,,1,1.0,4.858
T2156,U6266,12031.71,Payment,Wallet,Android,Mumbai,323,0,3,16923.32,0,0.664,2,0,12031.71,,,1,1.0,1.328
T2157,U5597,7141.5,Transfer,UPI,Web,Hyderabad,242,10,4,5253.1,0,0.606,7,1,7141.5,,,1,1.0,4.242
T2158,U1414,17429.67,Payment,Wallet,Android,Chennai,754,23,0,23035.19,1,0.13,9,0,29206.74,16655.292119017304,-0.7071067811865476,2,0.5967687595397501,1.17
T2159,U9786,22545.03,Transfer,UPI,iOS,Delhi,584,5,1,22072.92,0,0.391,2,0,15480.39,9990.90970128346,0.7071067811865476,2,1.4563605955663907,0.782
T2160,U2882,37453.88,Payment,Wallet,Android,Chennai,897,15,1,25287.82,0,0.901,8,0,37453.88,,,1,1.0,7.208
T2161,U9692,32574.82,Withdrawal,Card,Android,Delhi,256,20,0,13927.29,0,0.96,6,0,34841.270000000004,3205.2443284405,-0.7071067811865492,2,0.9349492713669736,5.76
T2162,U2975,31065.38,Transfer,Card,Web,Mumbai,451,11,3,26783.4,0,0.433,6,0,31065.38,,,1,1.0,2.598
T2163,U7617,17651.13,Withdrawal,Wallet,Android,Hyderabad,1932,21,3,21588.36,0,0.001,4,0,16309.423333333334,10682.193520089091,0.125602168144907,3,1.0822657330823264,0.004
T2164,U3797,42080.31,Transfer,UPI,Android,Bangalore,144,20,0,5216.65,0,0.499,9,0,39818.16,3199.1632101222917,0.707106781186547,2,1.0568120174312423,4.491
T2165,U9756,23590.79,Payment,Wallet,Android,Bangalore,1981,14,1,6286.42,0,0.227,8,1,23590.79,,,1,1.0,1.816
T2166,U5040,48956.29,Payment,NetBanking,Web,Mumbai,1915,17,2,24446.54,0,0.188,7,0,45198.75,5313.9640291594005,0.7071067811865476,2,1.0831337149810558,1.316
T2167,U9258,31725.4,Transfer,NetBanking,Android,Mumbai,1991,9,4,12828.23,0,0.284,5,0,32019.75,416.27376208451847,-0.7071067811865476,2,0.9908072361589332,1.42
T2168,U3936,6356.92,Transfer,UPI,Web,Chennai,1025,21,0,7545.49,0,0.123,5,0,6356.92,,,1,1.0,0.615
T2169,U6396,33825.07,Transfer,Wallet,iOS,Hyderabad,1035,11,2,12735.04,0,0.046,2,0,39363.065,7831.907637354385,-0.7071067811865482,2,0.8593098631928179,0.092
T2170,U7099,16288.95,Payment,Wallet,Web,Hyderabad,170,19,4,4925.19,0,0.445,5,0,24858.39333333333,9638.984831580208,-0.8890400268353219,3,0.6552696218768765,2.225
T2171,U2437,34332.04,Transfer,Card,Android,Chennai,149,18,2,26762.93,0,0.263,3,0,21198.575,18573.52432395236,0.7071067811865476,2,1.619544709962816,0.789
T2172,U1624,3528.58,Transfer,UPI,iOS,Hyderabad,313,4,2,2239.03,0,0.256,7,0,10987.47,10548.463398249054,-0.7071067811865477,2,0.3211458142775361,1.792
T2173,U9130,8785.33,Withdrawal,NetBanking,Android,Hyderabad,1493,17,4,10661.92,0,0.222,9,0,16915.185,11497.35120112672,-0.7071067811865476,2,0.5193753423329392,1.998
T2174,U6942,42794.08,Transfer,NetBanking,Web,Bangalore,1854,18,2,16752.17,0,0.497,6,1,26061.82,23662.989021152847,0.7071067811865475,2,1.642021930931915,2.982
T2175,U4645,11397.62,Withdrawal,UPI,iOS,Hyderabad,1747,22,1,26222.0,0,0.733,7,0,11397.62,,,1,1.0,5.131
T2176,U2939,41860.2,Withdrawal,NetBanking,iOS,Mumbai,134,11,0,23468.31,0,0.657,7,0,33570.08666666667,19400.65125363665,0.4273110848162557,3,1.246949417070316,4.599
T2177,U1347,13999.84,Withdrawal,UPI,iOS,Bangalore,946,0,1,770.47,0,0.976,7,0,13999.84,,,1,1.0,6.832
T2178,U7496,32161.95,Payment,NetBanking,Android,Mumbai,1918,1,1,24774.92,0,0.914,4,0,32161.95,,,1,1.0,3.656
T2179,U9452,34722.82,Withdrawal,NetBanking,iOS,Mumbai,1380,2,4,19179.79,0,0.417,6,0,34722.82,,,1,1.0,2.502
T2180,U6360,25657.1,Transfer,UPI,iOS,Chennai,1627,11,4,4087.12,0,0.813,7,0,25657.1,,,1,1.0,5.691
T2181,U2711,15300.27,Payment,UPI,iOS,Hyderabad,1987,13,4,18562.58,1,0.184,4,0,25836.185,14900.033885010123,-0.7071067811865475,2,0.5922031445432057,0.736
T2182,U5402,10671.59,Payment,NetBanking,iOS,Hyderabad,1357,6,2,24555.04,0,0.212,9,0,10671.59,,,1,1.0,1.908
T2183,U1765,1707.81,Payment,NetBanking,Web,Hyderabad,416,3,2,18103.14,0,0.701,9,0,19160.455,24681.767258282984,-0.7071067811865475,2,0.0891320169588874,6.308999999999999
T2184,U2356,15232.12,Payment,Card,Android,Hyderabad,1502,11,0,29974.49,0,0.217,4,0,15232.12,,,1,1.0,0.868
T2185,U3417,32675.48,Payment,Wallet,Android,Bangalore,173,23,2,15259.4,0,0.451,8,0,39871.18,10176.256530768078,-0.7071067811865478,2,0.8195262843989066,3.608
T2186,U1182,46918.33,Payment,UPI,iOS,Delhi,871,7,0,20226.62,0,0.322,8,0,46918.33,,,1,1.0,2.576
T2187,U9193,43566.66,Payment,UPI,Web,Mumbai,249,0,1,2204.17,0,0.233,2,0,33030.840000000004,14899.899534721706,0.7071067811865474,2,1.3189691815285352,0.466
T2188,U1571,38314.94,Withdrawal,Wallet,iOS,Delhi,1246,4,0,24414.63,0,0.154,6,0,30203.56,7174.812287014904,1.1305355005147824,3,1.2685570839993698,0.924
T2189,U7272,39432.94,Transfer,Card,Android,Delhi,158,0,0,18760.68,0,0.612,9,0,26789.09,17881.10415061106,0.7071067811865476,2,1.4719775849048995,5.508
T2190,U3395,33266.0,Transfer,NetBanking,Android,Delhi,593,14,4,16881.16,0,0.056,8,0,32844.35,596.3031485746137,0.7071067811865521,2,1.012837824466004,0.448
T2191,U6572,13051.33,Withdrawal,NetBanking,Android,Bangalore,1136,12,2,21293.38,0,0.703,1,0,18678.27,7957.694862659662,-0.7071067811865477,2,0.6987440485655256,0.703
T2192,U5139,45364.39,Withdrawal,Card,iOS,Delhi,1216,22,3,16859.24,0,0.895,5,1,23484.77,30942.45534356961,0.7071067811865476,2,1.9316514490029069,4.475
T2193,U7199,33553.08,Payment,Card,iOS,Bangalore,514,12,3,23016.9,0,0.343,5,0,33553.08,,,1,1.0,1.715
T2194,U1890,28044.01,Payment,Wallet,Web,Chennai,1729,3,4,17547.12,0,0.413,9,0,28044.01,,,1,1.0,3.717
T2195,U1591,5593.92,Withdrawal,Wallet,Web,Chennai,534,14,1,15649.61,1,0.591,2,0,30373.226666666666,21772.56223973268,-1.13809786803351,3,0.1841727275600616,1.182
T2196,U5280,22380.42,Payment,NetBanking,Android,Chennai,1413,11,1,4137.08,0,0.666,5,0,27167.3825,16741.53858142151,-0.2859332478146428,4,0.8237974342945994,3.33
T2197,U5180,23044.9,Transfer,Card,Android,Bangalore,1777,7,1,14207.74,0,0.545,1,0,23044.9,,,1,1.0,0.545
T2198,U5636,43234.95,Transfer,Card,Web,Bangalore,1695,15,0,16193.22,0,0.69,8,0,27665.575,22018.421282672603,0.7071067811865477,2,1.5627706996872468,5.52
T2199,U8037,27355.08,Payment,NetBanking,Android,Mumbai,784,11,2,18774.76,0,0.809,8,0,32336.13,12084.741189198052,-0.4121768039560755,5,0.8459602308625059,6.472
T2200,U3343,19051.01,Payment,NetBanking,Web,Delhi,1057,23,1,13731.18,0,0.99,2,0,16462.44,3660.79080115212,0.7071067811865479,2,1.1572409679245603,1.98
T2201,U7898,48841.18,Payment,NetBanking,iOS,Hyderabad,710,5,3,4484.64,0,0.393,1,0,29581.64,25764.08298562749,0.7475344653541112,3,1.651063970760242,0.393
T2202,U6248,5580.49,Transfer,NetBanking,Android,Hyderabad,1166,22,0,4595.84,0,0.585,3,0,21222.88666666667,16712.67130930999,-0.9359602888828962,3,0.2629467936030065,1.755
T2203,U5947,21156.29,Payment,NetBanking,Android,Delhi,1027,14,1,21657.53,0,0.376,9,0,21156.29,,,1,1.0,3.384
T2204,U7670,2149.13,Withdrawal,Wallet,Web,Hyderabad,59,6,1,19877.27,0,0.238,7,0,6196.655000000001,5724.0647490441615,-0.7071067811865476,2,0.3468209864838368,1.666
T2205,U2106,37008.21,Payment,NetBanking,iOS,Hyderabad,967,4,2,7859.03,0,0.998,7,0,37008.21,,,1,1.0,6.986
T2206,U8126,45907.92,Withdrawal,Card,Android,Hyderabad,704,22,2,13431.14,0,0.014,4,0,35623.39,11867.549402800058,0.866609411170721,3,1.2887016086902454,0.056
T2207,U8240,14037.86,Payment,UPI,Android,Bangalore,35,14,0,9278.03,0,0.065,5,0,11380.866666666669,6124.40970087186,0.4338366410978496,3,1.2334614235588386,0.325
T2208,U7561,42924.17,Payment,Wallet,Web,Bangalore,659,11,3,5512.58,0,0.583,7,0,28264.025,20732.57588535612,0.7071067811865476,2,1.5186856790566807,4.081
T2209,U4607,14646.3,Transfer,Card,iOS,Bangalore,20,10,4,9852.29,0,0.71,2,1,33787.64666666667,17021.932981663198,-1.124510752526555,3,0.4334809152141798,1.42
T2210,U9074,45542.97,Withdrawal,UPI,Web,Delhi,817,3,3,7954.4,0,0.729,3,0,45542.97,,,1,1.0,2.187
T2211,U1404,37710.4,Withdrawal,Wallet,iOS,Chennai,1135,12,2,2564.59,0,0.703,3,0,28036.975,13680.288829598958,0.7071067811865477,2,1.3450238479721868,2.109
T2212,U9901,40255.09,Withdrawal,NetBanking,iOS,Hyderabad,20,17,2,15184.15,0,0.789,7,0,43364.395,4397.221300554476,-0.7071067811865476,2,0.9282982040911674,5.523000000000001
T2213,U8836,949.43,Transfer,Wallet,Web,Mumbai,1145,7,4,13581.43,0,0.745,7,0,18462.865,24767.737300739645,-0.7071067811865476,2,0.0514237633216729,5.215
T2214,U9807,48142.38,Withdrawal,NetBanking,Web,Bangalore,1639,6,3,21466.79,0,0.546,6,1,48142.38,,,1,1.0,3.276
T2215,U7508,36347.22,Transfer,NetBanking,iOS,Mumbai,781,21,3,18647.14,0,0.47,1,0,20882.19,21870.855168506787,0.7071067811865475,2,1.740584680055109,0.47
T2216,U3639,15272.32,Payment,NetBanking,Web,Hyderabad,779,22,4,10367.01,1,0.72,8,0,15272.32,,,1,1.0,5.76
T2217,U6896,41478.26,Payment,UPI,Android,Chennai,982,15,2,14939.5,0,0.732,4,0,41478.26,,,1,1.0,2.928
T2218,U9724,14111.98,Withdrawal,Wallet,Android,Mumbai,1200,2,0,16128.89,0,0.333,8,0,19582.96,7737.134115471955,-0.7071067811865476,2,0.720625482562391,2.664
T2219,U6636,43644.05,Payment,NetBanking,Android,Hyderabad,1754,21,3,27534.7,0,0.003,7,0,43268.26666666667,5584.365774269568,0.0672920343192392,3,1.0086849638842323,0.021
T2220,U4673,5673.39,Payment,Card,Android,Hyderabad,416,15,1,29452.66,0,0.314,1,0,5673.39,,,1,1.0,0.314
T2221,U4283,35199.11,Withdrawal,Wallet,Android,Bangalore,1078,15,3,24484.73,0,0.535,7,0,35199.11,,,1,1.0,3.745
T2222,U1759,27057.89,Payment,Card,Web,Chennai,851,6,3,16906.93,0,0.526,4,0,34138.253333333334,8901.09425952974,-0.7954486411322873,3,0.7925973756126558,2.104
T2223,U5468,4871.9,Withdrawal,UPI,iOS,Hyderabad,726,22,3,27850.39,0,0.38,5,0,4871.9,,,1,1.0,1.9
T2224,U9560,12132.6,Withdrawal,UPI,Web,Chennai,1971,12,2,5425.57,0,0.932,6,0,13665.865,2168.364157711983,-0.7071067811865475,2,0.8878032967543584,5.5920000000000005
T2225,U6541,669.58,Payment,Wallet,Android,Bangalore,368,12,1,20925.23,0,0.476,5,0,24105.34,33143.169636520885,-0.7071067811865475,2,0.0277772476969833,2.38
T2226,U2293,23464.96,Payment,UPI,Android,Mumbai,563,20,3,13867.98,1,0.139,2,0,36114.21,17888.740903847873,-0.7071067811865476,2,0.6497431343507167,0.278
T2227,U8009,15098.2,Payment,UPI,Web,Delhi,294,18,0,4427.99,0,0.194,8,0,25008.410000000003,14015.15338796547,-0.7071067811865477,2,0.6037249069413049,1.552
T2228,U1029,29937.96,Payment,Wallet,Web,Delhi,409,17,1,2348.78,0,0.095,8,0,25427.56,6378.668851727609,0.7071067811865477,2,1.1773823363311309,0.76
T2229,U8142,14897.03,Payment,Card,iOS,Delhi,1484,6,4,14474.18,0,0.268,5,0,19019.345,5829.833781374045,-0.7071067811865476,2,0.7832567315015317,1.34
T2230,U9865,15030.96,Transfer,NetBanking,Android,Chennai,1645,19,0,7245.18,0,0.305,5,0,10317.635,6665.648138872168,0.7071067811865475,2,1.4568222271867537,1.525
T2231,U3829,37172.5,Payment,Wallet,Web,Delhi,1477,17,4,7590.14,0,0.334,7,0,35283.505000000005,2671.4423482549605,0.7071067811865469,2,1.0535376233171845,2.338
T2232,U9687,2454.73,Transfer,Wallet,iOS,Mumbai,397,23,3,9674.48,0,0.836,2,0,2454.73,,,1,1.0,1.672
T2233,U3675,45149.61,Withdrawal,NetBanking,Android,Hyderabad,1389,17,2,21579.09,0,0.765,5,0,41168.925,5629.538714535143,0.7071067811865471,2,1.0966914972883066,3.825
T2234,U6622,42620.58,Payment,Card,Android,Chennai,793,21,3,5006.28,0,0.496,1,0,42620.58,,,1,1.0,0.496
T2235,U1343,33406.84,Payment,NetBanking,Android,Mumbai,434,3,3,21554.92,0,0.444,4,0,24151.2475,12200.938949117464,0.7585967390378168,4,1.3832345513414988,1.776
T2236,U4763,29681.42,Payment,NetBanking,Web,Chennai,1039,8,4,23503.03,0,0.378,8,0,29681.42,,,1,1.0,3.024
T2237,U8025,44620.51,Withdrawal,Card,Android,Chennai,1587,20,3,17874.95,1,0.014,1,0,35068.86,13508.072973040977,0.7071067811865476,2,1.2723684203022283,0.014
T2238,U1741,9307.24,Transfer,Card,Android,Chennai,1929,15,0,7501.97,0,0.92,1,0,12758.645,4881.023760242311,-0.7071067811865478,2,0.7294849884137382,0.92
T2239,U7715,3994.51,Transfer,NetBanking,iOS,Bangalore,450,3,2,1640.82,0,0.291,4,0,3994.51,,,1,1.0,1.164
T2240,U8277,12013.53,Payment,NetBanking,Web,Hyderabad,1957,7,4,12297.56,0,0.842,5,0,17461.38666666667,15208.984772115244,-0.3581998896241243,3,0.6880054963179709,4.21
T2241,U9049,39739.19,Payment,Wallet,iOS,Delhi,365,2,1,25438.61,0,0.741,9,0,26325.406666666662,16541.066452421786,0.810938241008603,3,1.5095375544689276,6.669
T2242,U7311,1781.78,Payment,Card,Web,Bangalore,928,8,3,3145.92,0,0.114,5,0,1781.78,,,1,1.0,0.5700000000000001
T2243,U8874,29161.2,Payment,UPI,Android,Hyderabad,774,7,4,22370.44,0,0.313,1,0,29161.2,,,1,1.0,0.313
T2244,U9326,49772.1,Withdrawal,Card,iOS,Delhi,1621,11,3,14089.91,0,0.485,3,0,49772.1,,,1,1.0,1.455
T2245,U1019,42792.02,Payment,NetBanking,Web,Bangalore,563,13,3,26975.11,0,0.262,4,0,25623.77,24279.571992211888,0.7071067811865476,2,1.670012648412002,1.048
T2246,U7685,26096.21,Withdrawal,NetBanking,Web,Bangalore,1896,23,4,10750.32,0,0.402,7,0,37088.21333333333,10452.552028621209,-1.0516095306902085,3,0.7036254285278774,2.814
T2247,U1567,3228.86,Payment,NetBanking,Android,Mumbai,277,9,0,21171.99,0,0.282,2,0,10814.88,11914.913754698351,-0.6366827453542111,3,0.2985571730800527,0.564
T2248,U6078,41577.11,Transfer,NetBanking,Android,Bangalore,1925,20,1,22229.57,0,0.636,4,0,41577.11,,,1,1.0,2.544
T2249,U2535,29968.98,Transfer,UPI,iOS,Chennai,1001,16,3,6042.38,0,0.361,8,0,29968.98,,,1,1.0,2.888
T2250,U7914,5790.9,Payment,Card,iOS,Bangalore,1250,10,0,4828.59,0,0.346,5,0,24971.25,27125.11110106279,-0.7071067811865476,2,0.231902688091305,1.73
T2251,U2966,4738.17,Payment,UPI,Web,Chennai,73,9,3,2872.66,0,0.272,6,0,26958.675,31424.53953377917,-0.7071067811865475,2,0.1757567832988824,1.632
T2252,U7058,45485.86,Withdrawal,UPI,iOS,Hyderabad,451,12,3,21077.31,0,0.802,3,0,34841.03,15054.062955155992,0.7071067811865477,2,1.30552569771904,2.406
T2253,U6005,33476.55,Payment,NetBanking,Android,Hyderabad,1724,1,0,16489.7,0,0.646,4,0,27130.575,8974.563911480605,0.7071067811865475,2,1.2339049209240869,2.584
T2254,U2796,41472.88,Payment,UPI,iOS,Chennai,550,0,3,2692.89,0,0.721,9,0,26786.5975,16229.987420059562,0.9048856366856076,4,1.5482698017170713,6.489
T2255,U4930,43955.0,Payment,NetBanking,iOS,Mumbai,1308,21,1,9319.19,0,0.394,2,0,43955.0,,,1,1.0,0.788
T2256,U9107,28610.03,Transfer,NetBanking,Web,Mumbai,479,0,4,4356.16,0,0.839,3,0,23303.56333333333,8112.009013242857,0.6541495032862827,3,1.2277105261012298,2.517
T2257,U8785,25896.45,Withdrawal,NetBanking,Android,Hyderabad,1249,15,0,2871.16,0,0.416,2,0,31979.35,8602.5196785593,-0.7071067811865472,2,0.8097866279333383,0.832
T2258,U2973,21549.85,Transfer,UPI,Web,Bangalore,1898,9,2,9033.26,0,0.176,2,0,21549.85,,,1,1.0,0.352
T2259,U6866,15881.48,Withdrawal,NetBanking,Android,Hyderabad,1846,9,3,2979.25,0,0.511,9,0,15881.48,,,1,1.0,4.599
T2260,U6998,21758.07,Transfer,UPI,Android,Hyderabad,1599,6,4,7879.56,0,0.445,8,0,21413.24333333333,15406.064556577496,0.0223825276987721,3,1.0161034300735698,3.56
T2261,U8786,38705.29,Payment,Card,Web,Chennai,887,6,1,16626.3,0,0.092,7,0,27759.485,15479.705882091235,0.7071067811865475,2,1.3943086480170652,0.644
T2262,U6474,30116.08,Transfer,NetBanking,iOS,Mumbai,1625,0,1,16871.04,0,0.663,9,0,30116.08,,,1,1.0,5.9670000000000005
T2263,U4119,44631.54,Transfer,Wallet,Web,Chennai,1227,12,2,5123.27,1,0.812,8,0,44631.54,,,1,1.0,6.496
T2264,U2609,22196.83,Withdrawal,Wallet,iOS,Hyderabad,721,4,1,5811.3,0,0.356,9,0,22196.83,,,1,1.0,3.204
T2265,U9820,30374.12,Withdrawal,Wallet,Web,Delhi,22,2,4,25663.65,0,0.759,2,0,30374.12,,,1,1.0,1.518
T2266,U5038,31583.81,Transfer,Wallet,Web,Bangalore,231,12,2,5091.35,1,0.586,7,0,29648.115,2737.486121617792,0.7071067811865478,2,1.0652889736834872,4.101999999999999
T2267,U3606,29605.27,Withdrawal,Wallet,iOS,Hyderabad,1738,11,0,1467.67,0,0.273,9,1,26281.016666666663,23759.409927240056,0.1399131267785439,3,1.1264887647040545,2.4570000000000003
T2268,U5434,35146.56,Withdrawal,UPI,iOS,Chennai,1429,17,2,7420.14,0,0.344,9,0,37149.925,2833.185953383575,-0.7071067811865495,2,0.9460735115885158,3.096
T2269,U1941,11909.8,Withdrawal,Card,iOS,Delhi,890,4,0,17335.15,0,0.946,8,0,8548.063333333334,7382.827480717217,0.4553454181947218,3,1.393274655974706,7.568
T2270,U7295,25642.57,Withdrawal,UPI,Web,Delhi,848,4,1,316.01,0,0.216,1,0,25642.57,,,1,1.0,0.216
T2271,U4663,5256.03,Withdrawal,NetBanking,iOS,Hyderabad,761,1,4,29551.11,0,0.152,3,0,11872.19,9356.663202830376,-0.7071067811865475,2,0.4427178136468503,0.4559999999999999
T2272,U6248,19256.34,Transfer,Card,iOS,Mumbai,279,5,3,6988.65,0,0.076,8,0,21222.88666666667,16712.67130930999,-0.1176680035328153,3,0.9073383985150622,0.608
T2273,U7977,24408.97,Withdrawal,Card,iOS,Delhi,1331,6,2,7219.71,0,0.876,3,0,24408.97,,,1,1.0,2.628
T2274,U2013,32628.6,Payment,Card,Android,Bangalore,1644,0,1,22184.66,0,0.672,4,0,32628.6,,,1,1.0,2.688
T2275,U6862,47529.03,Transfer,Card,iOS,Chennai,741,2,4,7520.55,0,0.117,2,0,31339.36,16316.11675622297,0.9922501929771528,3,1.5165922341745333,0.234
T2276,U8570,30052.52,Transfer,Wallet,iOS,Chennai,853,19,3,11944.93,0,0.766,3,0,30052.52,,,1,1.0,2.298
T2277,U5643,37192.52,Transfer,NetBanking,iOS,Chennai,625,1,2,16363.17,0,0.629,5,0,37192.52,,,1,1.0,3.145
T2278,U8314,25337.99,Withdrawal,Card,Android,Hyderabad,1465,9,4,753.99,0,0.986,6,0,25337.99,,,1,1.0,5.916
T2279,U2674,31723.5,Payment,Card,Android,Chennai,1922,10,1,25135.05,1,0.511,6,0,31723.5,,,1,1.0,3.066
T2280,U2295,3593.06,Withdrawal,Wallet,iOS,Chennai,1441,20,2,15410.32,0,0.516,7,0,3593.06,,,1,1.0,3.612
T2281,U6349,12756.86,Transfer,UPI,iOS,Bangalore,74,12,2,9456.28,0,0.249,8,0,19940.26,10158.861703950888,-0.7071067811865479,2,0.639753945033816,1.992
T2282,U2718,18124.56,Transfer,UPI,iOS,Mumbai,1690,15,0,12053.62,0,0.191,6,0,18124.56,,,1,1.0,1.146
T2283,U8082,23651.04,Transfer,UPI,iOS,Hyderabad,1071,19,0,1769.16,0,0.734,6,0,33871.2,14453.488881623014,-0.7071067811865471,2,0.6982640119039185,4.404
T2284,U7306,2330.15,Transfer,NetBanking,Android,Hyderabad,37,10,2,21567.63,0,0.373,2,0,11762.87,13339.880554067942,-0.7071067811865476,2,0.1980936625160356,0.746
T2285,U5410,7044.2,Withdrawal,UPI,iOS,Chennai,1322,17,4,16231.18,0,0.724,3,0,19021.345,16938.240897509106,-0.7071067811865475,2,0.3703313304080232,2.172
T2286,U1911,13876.87,Payment,Card,Android,Bangalore,1953,10,1,27428.34,0,0.774,6,0,19902.42,8521.414530757202,-0.7071067811865478,2,0.6972453601119863,4.644
T2287,U9445,48578.06,Payment,Wallet,Web,Delhi,1912,0,3,13979.19,0,0.903,6,0,26879.416666666668,22758.165999013043,0.9534442860762304,3,1.807258714071796,5.418
T2288,U9627,16600.78,Transfer,Wallet,Android,Chennai,246,23,0,24869.21,0,0.427,6,0,25035.0,11927.788312038409,-0.7071067811865475,2,0.6631028560015977,2.562
T2289,U5419,24127.95,Payment,UPI,Web,Chennai,1159,17,1,5731.02,1,0.096,4,0,24127.95,,,1,1.0,0.384
T2290,U3076,9845.08,Transfer,Wallet,Android,Hyderabad,393,19,2,1789.63,0,0.022,2,0,33736.380000000005,20861.786897818703,-1.1452182939563085,3,0.2918238412064364,0.044
T2291,U5192,30558.46,Transfer,Card,Android,Hyderabad,335,4,1,28458.36,0,0.292,8,0,33733.205,4489.767436076173,-0.7071067811865479,2,0.9058866478889273,2.336
T2292,U7784,14070.13,Payment,UPI,Android,Chennai,94,1,1,7783.05,0,0.932,2,0,14070.13,,,1,1.0,1.864
T2293,U4628,10389.28,Transfer,Card,iOS,Hyderabad,758,17,1,25024.15,1,0.748,3,0,10389.28,,,1,1.0,2.244
T2294,U6581,25852.8,Payment,NetBanking,Android,Bangalore,255,21,2,7794.28,0,0.559,1,0,25852.8,,,1,1.0,0.559
T2295,U9751,325.01,Transfer,Card,iOS,Delhi,397,6,0,4759.67,1,0.24,9,0,325.01,,,1,1.0,2.16
T2296,U7487,432.82,Payment,Card,Android,Delhi,938,21,3,22002.67,0,0.713,3,0,432.82,,,1,1.0,2.139
T2297,U1116,10992.49,Transfer,Card,Android,Delhi,1920,10,4,23374.34,0,0.741,2,0,26758.685,22296.76679601888,-0.7071067811865474,2,0.4108008297119234,1.482
T2298,U6098,1884.23,Payment,Card,Web,Chennai,275,10,0,25324.02,0,0.23,6,0,9494.143333333332,6593.277923463665,-1.1541927128919809,3,0.1984623502980609,1.38
T2299,U9838,5445.89,Transfer,NetBanking,Android,Chennai,770,12,3,25959.57,0,0.708,8,0,17816.513333333336,23444.09083881551,-0.5276648780447376,3,0.3056653060063753,5.664
T2300,U9103,16976.09,Transfer,UPI,iOS,Chennai,813,3,2,14545.62,0,0.12,4,0,22763.120000000003,8759.046745066878,-0.6606917588673991,4,0.7457716692615072,0.48
T2301,U1788,40139.15,Transfer,Card,Web,Bangalore,1238,0,3,12066.49,0,0.102,1,0,40139.15,,,1,1.0,0.102
T2302,U4459,28623.83,Payment,UPI,Web,Delhi,237,17,2,22553.97,0,0.055,7,0,33383.13,4547.330299318492,-1.046614098103512,3,0.857433979378207,0.385
T2303,U6522,25657.75,Withdrawal,Wallet,Android,Hyderabad,249,11,3,17124.65,0,0.81,3,0,25657.75,,,1,1.0,2.43
T2304,U1017,14709.77,Transfer,Card,Android,Hyderabad,1106,9,0,28962.0,0,0.271,5,1,14709.77,,,1,1.0,1.355
T2305,U7535,46591.1,Transfer,Card,Web,Mumbai,1704,21,2,11337.5,0,0.604,2,0,46591.1,,,1,1.0,1.208
T2306,U1252,19880.9,Payment,Wallet,iOS,Mumbai,397,7,1,1381.98,1,0.144,8,0,19880.9,,,1,1.0,1.152
T2307,U3422,4400.28,Transfer,UPI,Android,Hyderabad,387,2,2,17720.21,0,0.442,3,0,4400.28,,,1,1.0,1.326
T2308,U1484,30872.47,Transfer,NetBanking,Web,Delhi,221,6,2,10668.74,0,0.028,9,0,31515.33,909.1413307071648,-0.7071067811865506,2,0.9796016732174468,0.252
T2309,U6809,5736.23,Transfer,Card,iOS,Chennai,1681,19,3,10345.94,0,0.86,1,0,16378.545,15050.506208046623,-0.7071067811865476,2,0.3502283017203298,0.86
T2310,U3266,17293.9,Transfer,Wallet,Android,Hyderabad,804,10,2,16979.12,0,0.54,6,1,32735.345,21837.500941638216,-0.7071067811865476,2,0.5282944169368003,3.24
T2311,U4591,25395.23,Withdrawal,Wallet,Web,Hyderabad,685,6,3,27661.26,0,0.891,3,0,25395.23,,,1,1.0,2.673
T2312,U3456,43717.42,Withdrawal,Card,Web,Mumbai,658,6,0,8082.05,0,0.468,4,0,34443.025,13115.97519180522,0.7071067811865472,2,1.269267725468364,1.872
T2313,U5889,24702.65,Transfer,UPI,Android,Delhi,180,8,2,11449.84,0,0.316,4,0,24702.65,,,1,1.0,1.264
T2314,U1907,35127.83,Transfer,UPI,iOS,Hyderabad,1185,2,1,26748.36,0,0.401,8,0,21156.395,19758.592862814145,0.7071067811865476,2,1.6603882655811637,3.208
T2315,U2578,49641.2,Transfer,Card,iOS,Chennai,1710,10,1,26867.05,0,0.244,9,0,32246.335,24600.053998649066,0.7071067811865475,2,1.5394369623710724,2.196
T2316,U3996,6617.88,Withdrawal,Wallet,Web,Chennai,818,16,0,7114.21,0,0.886,5,0,6617.88,,,1,1.0,4.43
T2317,U8668,13772.84,Withdrawal,Card,iOS,Bangalore,113,7,1,21219.28,0,0.296,3,0,10586.82,4505.712693991928,0.7071067811865477,2,1.3009421148182363,0.8879999999999999
T2318,U2631,19759.07,Payment,NetBanking,Web,Chennai,1255,19,3,12525.27,0,0.292,9,0,29429.9925,10165.093428645485,-0.951385500574653,4,0.6713922879864818,2.628
T2319,U2948,21120.32,Payment,NetBanking,Android,Hyderabad,1315,1,2,28086.42,0,0.632,1,0,17198.95,5545.654637082985,0.7071067811865472,2,1.2280005465449926,0.632
T2320,U9679,20580.5,Transfer,UPI,iOS,Hyderabad,1421,20,4,21994.13,0,0.123,1,0,20580.5,,,1,1.0,0.123
T2321,U6591,45385.17,Transfer,NetBanking,Android,Chennai,381,19,2,14881.16,0,0.219,3,0,26078.95,13740.91269924236,1.4050172956170877,4,1.740298976760951,0.657
T2322,U3462,35715.93,Withdrawal,Wallet,Web,Mumbai,138,0,2,24540.6,0,0.43,2,0,36223.75,718.1659312443047,-0.7071067811865476,2,0.985981020739156,0.86
T2323,U1806,30414.87,Transfer,NetBanking,Android,Delhi,1437,15,4,29936.57,0,0.183,8,0,30414.87,,,1,1.0,1.464
T2324,U9594,15503.17,Transfer,Card,iOS,Hyderabad,229,22,1,13466.59,0,0.257,5,0,28398.715,18237.054633192554,-0.7071067811865475,2,0.5459109681547211,1.285
T2325,U1487,41198.33,Withdrawal,Wallet,Android,Chennai,1206,3,1,11268.02,0,0.7,1,0,41198.33,,,1,1.0,0.7
T2326,U3626,47755.27,Withdrawal,UPI,iOS,Chennai,481,23,2,18250.38,0,0.28,3,0,47755.27,,,1,1.0,0.8400000000000001
T2327,U7341,41068.85,Withdrawal,UPI,iOS,Hyderabad,1893,8,1,20524.17,0,0.637,3,0,25281.64,22326.48649403215,0.7071067811865475,2,1.624453556019309,1.911
T2328,U4908,128.18,Withdrawal,NetBanking,iOS,Bangalore,997,7,3,21163.01,1,0.494,2,0,3123.585,4236.142375800181,-0.7071067811865476,2,0.0410361811828395,0.988
T2329,U6500,31838.25,Payment,UPI,iOS,Delhi,1486,0,3,14260.13,0,0.768,9,0,31838.25,,,1,1.0,6.912
T2330,U2431,2604.21,Withdrawal,Card,iOS,Hyderabad,617,7,4,10035.55,0,0.751,1,0,2604.21,,,1,1.0,0.751
T2331,U9995,12917.48,Withdrawal,Wallet,Web,Chennai,1535,4,2,24675.55,0,0.198,5,0,12917.48,,,1,1.0,0.99
T2332,U5327,3023.26,Transfer,Card,Android,Bangalore,1085,0,3,28751.98,0,0.943,9,0,10052.07,9940.238429343635,-0.7071067811865474,2,0.3007599429769192,8.487
T2333,U5806,30209.58,Transfer,Card,Web,Hyderabad,103,6,0,25933.06,0,0.802,3,0,21394.53,8861.149239635908,0.9947976003575578,3,1.4120235405965915,2.406
T2334,U3695,34345.17,Transfer,Card,Android,Delhi,1609,14,1,20502.39,0,0.533,3,0,25847.575,12017.4140965538,0.7071067811865476,2,1.3287579202304278,1.5990000000000002
T2335,U1390,5768.66,Payment,Card,Android,Bangalore,1054,6,2,10868.49,0,0.56,7,0,17360.942499999997,13839.176572812836,-0.8376425027174754,4,0.3322780430843545,3.92
T2336,U7360,19222.75,Withdrawal,Wallet,Android,Chennai,115,0,3,18712.25,0,0.829,1,0,19222.75,,,1,1.0,0.829
T2337,U1298,22839.01,Withdrawal,Wallet,Web,Mumbai,1881,8,4,3124.69,0,0.484,9,0,17866.885,7031.646608814323,0.7071067811865477,2,1.2782871776473628,4.356
T2338,U1274,18484.2,Payment,Card,iOS,Delhi,1233,0,3,16064.0,0,0.478,7,0,18484.2,,,1,1.0,3.346
T2339,U2039,6095.2,Withdrawal,Card,iOS,Bangalore,1877,11,0,23458.39,0,0.63,8,0,6095.2,,,1,1.0,5.04
T2340,U4944,20976.44,Transfer,UPI,Web,Hyderabad,1385,6,3,7606.67,0,0.088,2,0,24490.445,4969.553529246869,-0.7071067811865475,2,0.8565152654433188,0.176
T2341,U9896,37571.34,Payment,UPI,iOS,Hyderabad,1314,8,2,15095.87,0,0.582,3,0,34823.33,3886.273011536884,0.707106781186547,2,1.0789129012073226,1.746
T2342,U6080,3596.83,Withdrawal,Wallet,Android,Bangalore,1996,4,4,2290.9,0,0.224,9,0,22201.91,26311.556465036425,-0.7071067811865476,2,0.1620054310642643,2.016
T2343,U2035,4054.99,Payment,UPI,iOS,Hyderabad,1315,11,4,25171.06,0,0.117,4,0,4054.99,,,1,1.0,0.468
T2344,U2200,17770.83,Payment,Wallet,iOS,Bangalore,621,21,0,10571.94,0,0.815,5,0,8146.666666666667,8337.551401282833,1.1543153223442244,3,2.1813621112929624,4.074999999999999
T2345,U2911,47089.2,Withdrawal,Wallet,iOS,Delhi,858,1,2,17508.02,0,0.382,9,0,41673.526,6065.287007572683,0.892896575749569,5,1.1299547823239149,3.438
T2346,U3256,33445.2,Transfer,NetBanking,Android,Hyderabad,1572,17,0,11418.19,0,0.503,8,1,33445.2,,,1,1.0,4.024
T2347,U7857,33949.56,Withdrawal,Wallet,iOS,Delhi,1278,8,0,17968.25,0,0.293,5,0,28494.52,15924.133269510568,0.3425643272180212,4,1.1914417228295124,1.465
T2348,U9514,18127.9,Withdrawal,UPI,iOS,Chennai,957,0,0,22351.52,1,0.031,2,0,28757.99,15033.217447246614,-0.7071067811865476,2,0.6303604667781024,0.062
T2349,U9774,29703.36,Transfer,NetBanking,iOS,Chennai,1608,9,3,9871.76,0,0.442,3,0,36986.87666666667,6441.096067940092,-1.130788392199216,3,0.8030783531059619,1.326
T2350,U8813,556.05,Withdrawal,UPI,Web,Chennai,863,13,1,15625.92,0,0.75,3,0,19366.315,26601.73187483195,-0.7071067811865476,2,0.0287122253252619,2.25
T2351,U7507,31823.0,Withdrawal,Wallet,Web,Chennai,1919,20,3,23866.75,0,0.758,7,0,41102.72,8140.877631490355,-1.1398918421405086,3,0.7742309997975803,5.306
T2352,U7736,45668.68,Withdrawal,Wallet,iOS,Hyderabad,438,13,2,20666.76,0,0.922,6,0,45668.68,,,1,1.0,5.532
T2353,U5571,30648.04,Payment,Card,Web,Bangalore,1987,6,0,1806.48,1,0.84,7,0,15663.895,21190.781079565,0.7071067811865476,2,1.956604024733312,5.88
T2354,U2888,43691.24,Payment,Wallet,Web,Hyderabad,1071,11,0,17105.89,0,0.982,8,0,43691.24,,,1,1.0,7.856
T2355,U1939,36212.45,Payment,NetBanking,Android,Hyderabad,1452,21,1,11352.38,0,0.572,5,0,28941.4,10282.817522692892,0.7071067811865475,2,1.2512335270581243,2.86
T2356,U6076,6071.89,Withdrawal,Wallet,Web,Delhi,311,21,4,21292.53,0,0.051,6,0,11126.785,7148.701065371946,-0.7071067811865475,2,0.5457003078607163,0.306
T2357,U8212,45127.54,Transfer,Card,Web,Bangalore,648,5,0,598.37,0,0.863,1,0,45127.54,,,1,1.0,0.863
T2358,U1057,3368.87,Payment,Wallet,iOS,Mumbai,80,12,3,9984.84,0,0.952,4,0,18306.460000000003,14147.520011793587,-1.0558451225054146,3,0.1840262945430192,3.808
T2359,U5403,26721.68,Transfer,Wallet,Android,Mumbai,1932,7,0,2686.14,0,0.464,6,0,26721.68,,,1,1.0,2.7840000000000003
T2360,U4422,7149.75,Withdrawal,Wallet,Android,Bangalore,655,22,2,27622.71,0,0.114,4,0,30148.89333333333,20318.94649696271,-1.131906289372397,3,0.23714800808609,0.456
T2361,U6632,634.75,Payment,Card,Android,Mumbai,1798,20,1,26307.34,1,0.025,1,0,634.75,,,1,1.0,0.025
T2362,U2478,21130.61,Withdrawal,UPI,Web,Bangalore,534,1,4,29045.85,0,0.614,3,0,21130.61,,,1,1.0,1.842
T2363,U2083,14787.28,Transfer,Wallet,iOS,Delhi,183,9,2,19339.7,0,0.668,3,0,18928.295,10457.364157531922,-0.3959903219988215,4,0.7812262013033926,2.004
T2364,U9776,24325.72,Payment,NetBanking,Android,Delhi,99,5,3,24230.76,1,0.016,3,0,32401.655,11421.096805843556,-0.7071067811865476,2,0.7507554783852862,0.048
T2365,U5457,28881.13,Payment,Card,Android,Hyderabad,377,15,2,18394.88,0,0.949,4,0,28881.13,,,1,1.0,3.796
T2366,U4354,2234.77,Payment,NetBanking,Web,Mumbai,810,9,0,14812.11,0,0.542,9,0,6284.42,5727.069952864204,-0.7071067811865477,2,0.3556048131728942,4.878
T2367,U4999,6194.01,Payment,Wallet,Android,Bangalore,1240,14,1,25031.23,0,0.612,9,0,6194.01,,,1,1.0,5.508
T2368,U4326,27954.19,Transfer,Card,iOS,Delhi,1095,20,0,23307.37,0,0.564,8,0,27954.19,,,1,1.0,4.512
T2369,U9269,17191.21,Payment,Wallet,Android,Hyderabad,328,19,1,22024.98,0,0.317,3,0,17191.21,,,1,1.0,0.951
T2370,U5812,36472.22,Withdrawal,NetBanking,iOS,Mumbai,833,9,3,26827.94,0,0.901,2,1,28069.8675,17016.592275265488,0.4937740978969839,4,1.2993370916339382,1.802
T2371,U7704,32631.97,Payment,Card,iOS,Mumbai,560,10,2,27869.45,0,0.004,3,0,32599.005,46.619550083629285,0.7071067811865475,2,1.001011227183161,0.012
T2372,U8553,42287.94,Transfer,UPI,iOS,Mumbai,69,20,1,13414.09,0,0.747,5,0,44911.02333333334,2326.302045142314,-1.1275764206160366,3,0.9415937750100996,3.735
T2373,U5473,34640.02,Payment,UPI,Web,Delhi,1138,1,2,8556.36,0,0.361,7,0,34640.02,,,1,1.0,2.527
T2374,U3602,21525.06,Transfer,UPI,Web,Delhi,1272,21,1,15402.39,0,0.19,2,0,21525.06,,,1,1.0,0.38
T2375,U2014,33664.68,Transfer,Wallet,iOS,Mumbai,1495,9,0,2882.68,0,0.436,6,0,21056.09,17831.238980401784,0.7071067811865475,2,1.5988096555438356,2.616
T2376,U8232,13805.29,Withdrawal,Card,iOS,Delhi,136,20,1,28151.0,1,0.198,2,0,13805.29,,,1,1.0,0.396
T2377,U5521,15350.36,Payment,NetBanking,Android,Mumbai,92,11,1,29517.21,0,0.869,1,0,28327.84,18352.92822142559,-0.7071067811865476,2,0.5418824732136301,0.869
T2378,U3524,39459.81,Payment,NetBanking,Android,Chennai,1253,10,4,19615.88,0,0.796,3,0,39459.81,,,1,1.0,2.388
T2379,U5639,22348.65,Payment,Wallet,Android,Delhi,1441,21,3,22410.23,0,0.857,4,0,13400.48,12654.62337242006,0.7071067811865475,2,1.6677499611954198,3.428
T2380,U3925,39929.1,Withdrawal,Wallet,Web,Bangalore,955,14,0,9777.79,0,0.836,2,0,39929.1,,,1,1.0,1.672
T2381,U9552,41130.0,Withdrawal,NetBanking,Android,Delhi,1650,3,0,26001.4,0,0.825,3,0,29044.21,17091.88812999313,0.7071067811865475,2,1.4161170160937413,2.475
T2382,U6083,42885.24,Transfer,Card,iOS,Mumbai,1962,4,2,27019.05,0,0.581,6,0,33505.445,13265.033301279344,0.7071067811865475,2,1.2799483785396673,3.486
T2383,U5600,45835.93,Transfer,Wallet,iOS,Bangalore,595,23,1,2399.38,0,0.902,9,0,34412.48,16155.197919090935,0.7071067811865476,2,1.3319566041157165,8.118
T2384,U7357,21577.71,Transfer,Card,Web,Hyderabad,656,0,1,4030.17,0,0.059,2,0,32719.94,15757.492781080373,-0.7071067811865475,2,0.659466673838644,0.118
T2385,U6790,15977.4,Withdrawal,NetBanking,Web,Bangalore,1463,0,1,7899.5,0,0.286,7,0,15977.4,,,1,1.0,2.002
T2386,U7102,29130.83,Withdrawal,Card,Android,Bangalore,899,9,0,21139.87,0,0.213,1,0,29130.83,,,1,1.0,0.213
T2387,U3505,18590.06,Withdrawal,UPI,Web,Delhi,583,3,4,5582.6,0,0.121,4,0,13453.385,7264.35545050282,0.7071067811865476,2,1.3818128300052366,0.484
T2388,U9821,30073.65,Transfer,NetBanking,iOS,Bangalore,522,12,2,6680.39,0,0.006,2,0,30073.65,,,1,1.0,0.012
T2389,U7099,35294.01,Withdrawal,UPI,iOS,Bangalore,1112,13,1,11517.72,0,0.403,4,0,24858.39333333333,9638.984831580208,1.0826468605362318,3,1.4198025402017136,1.612
T2390,U5470,34435.83,Transfer,NetBanking,Web,Mumbai,1919,18,4,18387.93,0,0.724,2,0,34787.884000000005,11339.09510776896,-0.0310478037845184,5,0.9898799823524764,1.448
T2391,U8072,18758.92,Transfer,UPI,iOS,Delhi,74,4,3,29291.65,0,0.645,3,0,18758.92,,,1,1.0,1.935
T2392,U8808,8384.67,Payment,Card,Web,Mumbai,1974,10,0,23538.45,0,0.651,8,0,20015.25333333333,10073.020260102396,-1.1546272153745376,3,0.4189140082497083,5.208
T2393,U7622,21554.94,Payment,NetBanking,iOS,Delhi,192,7,3,16793.28,0,0.888,4,0,14860.87,9466.844581474865,0.7071067811865476,2,1.4504494016837506,3.552
T2394,U9890,7172.58,Payment,NetBanking,Android,Hyderabad,1099,0,0,1576.65,0,0.957,6,0,7172.58,,,1,1.0,5.742
T2395,U6658,44510.35,Transfer,UPI,Web,Bangalore,844,4,2,15553.51,0,0.681,9,0,23239.875,30080.994223117857,0.7071067811865475,2,1.9152577197596805,6.129
T2396,U5935,17326.58,Payment,Card,Web,Delhi,1901,20,3,6202.15,0,0.085,8,0,17326.58,,,1,1.0,0.68
T2397,U6963,7765.26,Payment,NetBanking,Web,Bangalore,1241,17,2,9072.06,0,0.677,2,0,11638.08,5476.99456862977,-0.7071067811865475,2,0.6672286150292832,1.354
T2398,U7802,1321.12,Payment,Wallet,iOS,Bangalore,63,12,2,7600.73,1,0.555,2,0,1321.12,,,1,1.0,1.11
T2399,U6813,32308.83,Withdrawal,UPI,Android,Chennai,1254,4,2,10488.7,0,0.064,3,0,32308.83,,,1,1.0,0.192
T2400,U7567,31863.27,Transfer,NetBanking,Web,Mumbai,245,23,3,1961.57,1,0.257,2,0,31863.27,,,1,1.0,0.514
T2401,U4011,17063.18,Payment,Card,iOS,Delhi,898,6,3,17347.45,1,0.238,3,0,13684.78,4777.779099121264,0.7071067811865479,2,1.24687280321642,0.714
T2402,U7990,3632.01,Withdrawal,Card,Web,Hyderabad,621,11,3,1468.02,0,0.773,2,0,28944.455,19281.855125176626,-1.3127598374571927,4,0.1254820655631622,1.546
T2403,U7706,20510.96,Withdrawal,Card,iOS,Chennai,968,1,1,19851.45,0,0.345,6,0,20510.96,,,1,1.0,2.07
T2404,U5738,15595.31,Withdrawal,Card,Android,Mumbai,447,12,2,21950.99,0,0.501,9,0,15595.31,,,1,1.0,4.509
T2405,U1336,33872.18,Payment,UPI,iOS,Hyderabad,1013,13,1,14633.31,1,0.786,8,0,33872.18,,,1,1.0,6.288
T2406,U8482,30308.67,Withdrawal,NetBanking,iOS,Hyderabad,1136,5,0,23459.59,0,0.937,6,0,30308.67,,,1,1.0,5.622
T2407,U9270,18261.46,Transfer,UPI,Web,Bangalore,1469,15,3,29024.98,0,0.538,4,0,32144.79333333333,12267.020610308497,-1.1317608223195277,3,0.5681000904449222,2.152
T2408,U9481,10933.73,Withdrawal,UPI,iOS,Mumbai,703,9,4,10267.57,0,0.555,5,0,10552.615,538.9780018238218,0.7071067811865475,2,1.0361156926505894,2.7750000000000004
T2409,U4613,49402.4,Withdrawal,Card,Web,Chennai,972,10,0,18605.32,0,0.096,4,0,49402.4,,,1,1.0,0.384
T2410,U2794,22727.38,Withdrawal,Wallet,iOS,Delhi,1454,0,2,9779.58,0,0.494,5,0,27605.515,6898.724676086879,-0.7071067811865471,2,0.8232912879908236,2.47
T2411,U8042,34429.3,Withdrawal,Card,Android,Delhi,1141,14,2,13357.23,0,0.686,2,0,34429.3,,,1,1.0,1.372
T2412,U6133,7070.62,Transfer,Wallet,iOS,Chennai,533,15,1,722.68,0,0.189,8,0,13482.56,9067.852509122544,-0.7071067811865475,2,0.5244271117651247,1.512
T2413,U6572,24305.21,Payment,UPI,Web,Bangalore,1476,9,3,2323.06,0,0.111,1,0,18678.27,7957.694862659662,0.7071067811865475,2,1.3012559514344744,0.111
T2414,U2814,1425.46,Transfer,Card,iOS,Bangalore,1539,9,3,23946.11,0,0.863,9,0,1425.46,,,1,1.0,7.766999999999999
T2415,U8131,25297.48,Transfer,Card,iOS,Hyderabad,413,2,0,4283.24,0,0.115,1,0,26415.65,1581.3311790387252,-0.707106781186548,2,0.957670169009659,0.115
T2416,U6452,48202.67,Payment,UPI,Android,Mumbai,352,10,0,21004.63,0,0.913,5,0,38409.475,13849.669187964382,0.7071067811865476,2,1.2549682077143725,4.565
T2417,U5308,19241.13,Withdrawal,Card,Web,Hyderabad,1631,10,0,21295.12,0,0.274,9,0,24316.02333333333,4825.978514191017,-1.0515781034686271,3,0.7912942727614315,2.466
T2418,U1791,1997.85,Payment,NetBanking,Android,Delhi,809,15,4,29887.16,0,0.33,1,0,6165.83,5894.413843699812,-0.7071067811865476,2,0.3240196372588929,0.33
T2419,U1792,1596.24,Payment,Wallet,iOS,Chennai,1360,5,4,20898.32,0,0.526,1,1,2993.955,1976.6675093323104,-0.7071067811865475,2,0.5331543059264418,0.526
T2420,U7703,19429.94,Transfer,Wallet,Android,Mumbai,223,8,2,3949.5,0,0.188,3,0,19429.94,,,1,1.0,0.5640000000000001
T2421,U8097,8043.25,Payment,Wallet,iOS,Chennai,1033,0,2,18833.6,0,0.689,8,0,8043.25,,,1,1.0,5.512
T2422,U7476,1216.44,Withdrawal,Card,iOS,Mumbai,1589,5,2,15771.87,0,0.524,3,0,1216.44,,,1,1.0,1.572
T2423,U9469,37822.87,Transfer,NetBanking,Android,Delhi,331,17,3,27529.98,0,0.946,2,0,27861.4575,11976.166478945795,0.831769708404793,4,1.3575337901830873,1.892
T2424,U4114,22953.22,Withdrawal,Card,Android,Delhi,1111,12,2,20735.49,0,0.911,6,0,20413.92,7493.878366373451,0.3388499086660323,3,1.1243906118961964,5.466
T2425,U6127,14497.78,Transfer,Wallet,iOS,Mumbai,1088,1,1,15602.51,0,0.77,5,0,28068.37,19191.7124274047,-0.7071067811865475,2,0.5165166342042663,3.85
T2426,U7893,45009.15,Withdrawal,Card,Android,Bangalore,793,18,0,18764.0,0,0.185,9,0,45009.15,,,1,1.0,1.665
T2427,U4665,5851.14,Payment,Wallet,Android,Mumbai,865,1,3,13359.45,0,0.214,3,0,15732.285,13974.049270775096,-0.7071067811865476,2,0.3719192730108818,0.642
T2428,U4319,47798.15,Payment,UPI,iOS,Delhi,1104,3,4,15301.38,0,0.268,4,0,47798.15,,,1,1.0,1.072
T2429,U6727,15732.64,Payment,Wallet,Web,Chennai,1101,3,0,21698.11,0,0.834,8,0,15732.64,,,1,1.0,6.672
T2430,U9337,44425.76,Withdrawal,UPI,Android,Hyderabad,189,9,2,2442.55,0,0.648,2,0,44425.76,,,1,1.0,1.296
T2431,U1740,30167.0,Transfer,UPI,Android,Chennai,389,16,4,18498.53,0,0.176,5,0,30167.0,,,1,1.0,0.8799999999999999
T2432,U4507,41344.03,Transfer,UPI,Web,Delhi,942,23,4,2737.7,0,0.458,9,0,26949.725,20356.621351934853,0.7071067811865476,2,1.5341169529559209,4.122
T2433,U8238,49201.46,Transfer,Wallet,Android,Chennai,1719,15,4,25666.8,0,0.975,9,0,34828.822499999995,10689.995984637148,1.3444941907045869,4,1.4126650420065163,8.775
T2434,U5199,14455.85,Payment,NetBanking,iOS,Bangalore,1714,20,0,28279.66,0,0.732,9,0,13798.883333333331,13123.858449832249,0.0500589570649525,3,1.0476101327039749,6.588
T2435,U6030,48058.72,Withdrawal,Wallet,Android,Bangalore,1934,7,3,23428.06,0,0.934,1,0,36218.73,16744.27443636182,0.7071067811865476,2,1.3269024065725108,0.934
T2436,U9351,19504.62,Transfer,Card,iOS,Mumbai,459,5,0,21569.15,0,0.809,1,0,21008.092,10866.229537782185,-0.1383618848444517,5,0.928433672129768,0.809
T2437,U2221,19306.32,Withdrawal,Card,Web,Chennai,1294,1,1,28318.05,0,0.725,1,0,19809.15,711.109005568062,-0.7071067811865513,2,0.9746162758119352,0.725
T2438,U3876,17052.34,Transfer,NetBanking,Web,Chennai,1480,22,2,6634.0,0,0.83,8,0,11789.9,7442.21401917467,0.7071067811865476,2,1.4463515381809855,6.64
T2439,U6900,27093.31,Payment,NetBanking,Web,Delhi,1670,14,3,6942.11,0,0.693,4,0,15937.76,15776.330105731182,0.7071067811865476,2,1.6999446597263357,2.772
T2440,U9381,7749.54,Withdrawal,NetBanking,Android,Mumbai,140,22,3,14482.36,0,0.567,9,0,14625.23,9723.694048673064,-0.7071067811865477,2,0.5298747438501822,5.103
T2441,U6240,27707.89,Transfer,UPI,Web,Mumbai,1267,10,2,323.14,0,0.736,6,0,27707.89,,,1,1.0,4.416
T2442,U4696,27108.16,Transfer,NetBanking,Android,Chennai,913,20,1,28955.59,0,0.229,3,0,27387.393333333337,17021.777840297214,-0.0164044752524194,3,0.9898043114240638,0.687
T2443,U4723,38107.0,Transfer,NetBanking,Android,Hyderabad,1187,15,4,1064.35,0,0.49,8,0,38107.0,,,1,1.0,3.92
T2444,U1392,41690.82,Transfer,NetBanking,Android,Chennai,339,3,2,17923.75,0,0.951,1,0,41690.82,,,1,1.0,0.951
T2445,U5934,22050.05,Payment,Wallet,Web,Chennai,646,10,4,10683.82,0,0.809,2,0,27304.455,7430.850813201002,-0.7071067811865479,2,0.8075623556668682,1.618
T2446,U1693,15151.55,Transfer,Card,Web,Chennai,1899,13,2,3178.68,0,0.926,8,0,15151.55,,,1,1.0,7.408
T2447,U4991,13003.78,Transfer,Card,Android,Bangalore,1924,7,0,835.99,0,0.967,1,1,30953.373333333333,18156.28929802655,-0.9886157374284796,3,0.4201086537471629,0.967
T2448,U2805,9771.46,Payment,NetBanking,Web,Mumbai,1645,5,1,7946.31,0,0.587,5,0,9771.46,,,1,1.0,2.935
T2449,U5068,2929.5,Transfer,Card,Android,Bangalore,62,20,1,3289.85,0,0.196,3,0,2929.5,,,1,1.0,0.5880000000000001
T2450,U9607,17155.28,Withdrawal,Wallet,Web,Hyderabad,1877,22,2,28215.82,0,0.741,2,0,32429.853333333333,13600.320427498513,-1.1231039308786903,3,0.5289965336465701,1.482
T2451,U6616,13548.87,Withdrawal,Card,iOS,Delhi,477,18,1,7418.36,0,0.007,4,1,13548.87,,,1,1.0,0.028
T2452,U4448,48322.55,Transfer,UPI,Web,Hyderabad,649,3,4,2914.54,0,0.089,2,0,34647.39,15739.532967829762,0.8688415360195784,5,1.3946952425565102,0.178
T2453,U1009,27907.56,Payment,Wallet,Web,Mumbai,422,3,1,23113.49,0,0.286,5,0,34331.9,9085.388757295968,-0.7071067811865478,2,0.8128754889767242,1.43
T2454,U5414,17396.49,Payment,Card,Web,Delhi,1047,23,1,12486.14,0,0.015,8,0,33432.25,22677.989274959986,-0.7071067811865474,2,0.5203505597140486,0.12
T2455,U9115,29044.36,Payment,Card,Android,Hyderabad,505,5,1,25325.61,0,0.683,4,0,15050.125,19790.83693203625,0.7071067811865476,2,1.929841778722768,2.732
T2456,U7723,7002.88,Transfer,Wallet,Android,Mumbai,1550,10,3,25169.09,0,0.817,7,0,7002.88,,,1,1.0,5.718999999999999
T2457,U9543,22229.99,Transfer,Card,iOS,Hyderabad,1795,0,2,29772.18,0,0.754,5,0,22229.99,,,1,1.0,3.77
T2458,U3669,31330.4,Withdrawal,Card,iOS,Delhi,377,1,0,24134.46,0,0.144,9,1,31330.4,,,1,1.0,1.2959999999999998
T2459,U5607,24470.45,Payment,NetBanking,iOS,Delhi,548,8,0,6503.14,0,0.804,2,0,33385.784,5435.124588915143,-1.6403182400239162,5,0.7329601725093531,1.608
T2460,U4267,20118.85,Transfer,UPI,Android,Hyderabad,646,15,3,17634.81,0,0.828,2,0,27896.765,10999.632879985133,-0.7071067811865476,2,0.7211893565436709,1.656
T2461,U7536,49692.73,Transfer,Wallet,iOS,Bangalore,1485,5,3,15834.88,0,0.097,1,0,49692.73,,,1,1.0,0.097
T2462,U8821,44021.72,Transfer,NetBanking,iOS,Hyderabad,1574,22,0,15294.87,0,0.492,4,0,44021.72,,,1,1.0,1.968
T2463,U2563,31189.13,Payment,Card,Web,Hyderabad,524,8,4,8974.54,1,0.688,8,0,22674.905,12040.932468096064,0.7071067811865477,2,1.37549109908068,5.504
T2464,U2340,28490.4,Payment,Wallet,iOS,Hyderabad,490,18,0,6383.21,0,0.407,5,0,28490.4,,,1,1.0,2.035
T2465,U2832,31051.99,Withdrawal,Wallet,Web,Bangalore,423,4,0,21535.16,0,0.889,5,0,33873.015,3989.531814793559,-0.7071067811865474,2,0.9167176290625444,4.445
T2466,U5235,10105.54,Payment,UPI,Android,Chennai,237,20,2,3142.68,1,0.529,4,0,24395.26,20208.715826514064,-0.7071067811865476,2,0.4142419470011797,2.116
T2467,U7057,19787.13,Transfer,UPI,Android,Delhi,146,9,0,1583.52,0,0.122,7,0,23790.960000000003,14344.085301297537,-0.2791275927254716,3,0.8317079260357715,0.854
T2468,U9396,2021.0,Withdrawal,Wallet,Web,Mumbai,1802,6,0,11499.18,0,0.53,8,0,2021.0,,,1,1.0,4.24
T2469,U5516,23803.52,Payment,UPI,iOS,Delhi,1273,1,1,22343.37,0,0.577,9,0,23803.52,,,1,1.0,5.193
T2470,U7032,27174.08,Payment,UPI,Android,Delhi,800,19,3,26069.14,0,0.954,6,0,27174.08,,,1,1.0,5.724
T2471,U7131,11426.1,Payment,Card,Web,Chennai,844,3,0,16249.8,0,0.422,9,0,11426.1,,,1,1.0,3.798
T2472,U3606,48203.24,Payment,UPI,Android,Delhi,1705,7,0,25213.98,0,0.893,1,0,26281.016666666663,23759.409927240056,0.9226754115723892,3,1.8341467003115683,0.893
T2473,U9354,45477.26,Transfer,UPI,Android,Delhi,481,2,4,856.21,0,0.32,3,0,23760.695,30711.860751156877,0.7071067811865476,2,1.913970109039319,0.96
T2474,U7371,36121.05,Payment,NetBanking,iOS,Bangalore,527,1,0,13715.55,0,0.452,1,0,29079.495000000003,9958.26258119608,0.7071067811865475,2,1.2421484623443426,0.452
T2475,U3342,26692.66,Transfer,Card,Android,Bangalore,1494,8,2,4088.32,0,0.675,5,0,21922.65,6745.8128346552885,0.7071067811865471,2,1.2175836406638796,3.375
T2476,U6621,43504.96,Transfer,Card,Web,Bangalore,314,10,4,17523.25,1,0.886,8,0,43504.96,,,1,1.0,7.088
T2477,U8345,6576.08,Transfer,Wallet,iOS,Bangalore,664,3,0,27637.55,0,0.774,6,0,25450.39,26692.305182434127,-0.7071067811865476,2,0.2583881818706904,4.644
T2478,U5503,39535.96,Withdrawal,UPI,Web,Bangalore,1987,8,2,314.99,0,0.155,5,0,36710.875,3995.273521856794,0.7071067811865475,2,1.0769549894956194,0.775
T2479,U7966,6284.8,Transfer,NetBanking,Web,Mumbai,190,5,3,20079.81,0,0.194,1,0,13552.47,10278.03748085207,-0.7071067811865476,2,0.4637383443756009,0.194
T2480,U6040,39720.82,Payment,NetBanking,Web,Chennai,39,0,0,23791.26,0,0.068,1,0,39720.82,,,1,1.0,0.068
T2481,U5686,13824.59,Withdrawal,Card,iOS,Hyderabad,981,2,3,22359.99,0,0.621,5,0,10321.83,4953.650697737983,0.7071067811865475,2,1.33935455243886,3.105
T2482,U2727,43860.67,Payment,UPI,Android,Bangalore,774,6,0,691.1,0,0.44,5,0,43860.67,,,1,1.0,2.2
T2483,U4505,47204.9,Transfer,NetBanking,Web,Chennai,49,8,4,5299.12,0,0.876,8,0,41710.87333333333,6706.433700308484,0.8192173235700454,3,1.131716893644519,7.008
T2484,U1295,7482.36,Payment,Wallet,Android,Hyderabad,196,7,4,2922.54,0,0.989,2,0,7482.36,,,1,1.0,1.978
T2485,U6325,23160.65,Withdrawal,UPI,Android,Delhi,328,20,2,2655.08,0,0.879,7,0,23160.65,,,1,1.0,6.1530000000000005
T2486,U5132,49050.32,Withdrawal,UPI,Web,Delhi,1849,12,1,21932.51,0,0.047,5,0,40561.285,12005.30842845989,0.707106781186547,2,1.2092891041297138,0.235
T2487,U7058,24196.2,Payment,UPI,Android,Chennai,1260,23,2,12801.2,0,0.944,2,0,34841.03,15054.062955155992,-0.7071067811865475,2,0.6944743022809602,1.888
T2488,U1181,43184.2,Payment,NetBanking,iOS,Mumbai,741,17,0,21772.16,0,0.103,5,0,24039.11,16581.06909144582,1.1546354396338026,3,1.7964142599289243,0.515
T2489,U7546,29457.14,Payment,Card,iOS,Mumbai,901,18,3,10886.5,0,0.447,9,0,22565.2,9746.67501906163,0.7071067811865474,2,1.3054233953166825,4.023
T2490,U1092,18797.73,Withdrawal,Card,Android,Chennai,333,23,3,3599.77,0,0.297,5,0,16945.725,2619.1305885827837,0.7071067811865481,2,1.1092903962503815,1.485
T2491,U5845,14324.89,Transfer,Wallet,Android,Mumbai,1936,8,0,21581.72,0,0.156,5,0,14324.89,,,1,1.0,0.78
T2492,U5778,10200.99,Payment,NetBanking,iOS,Mumbai,952,23,1,18819.11,0,0.171,2,0,10200.99,,,1,1.0,0.342
T2493,U7471,38101.82,Transfer,UPI,Android,Delhi,1076,19,1,3477.99,0,0.346,9,0,30061.305,11371.005361464306,0.7071067811865475,2,1.2674705905149493,3.114
T2494,U5556,19357.7,Withdrawal,Wallet,Android,Mumbai,665,5,1,27738.5,1,0.025,2,0,19357.7,,,1,1.0,0.05
T2495,U7845,25588.21,Payment,Wallet,Android,Mumbai,1311,20,0,9336.73,0,0.065,5,0,25468.298000000003,11456.654571142051,0.0104665807330912,5,1.0047082847860505,0.325
T2496,U6416,24641.66,Payment,Card,Android,Chennai,1352,11,4,19676.43,0,0.714,2,0,31746.945,10048.39041152612,-0.7071067811865472,2,0.7761899609552982,1.428
T2497,U2914,28885.09,Withdrawal,UPI,Web,Mumbai,183,3,4,1056.23,0,0.626,2,0,28885.09,,,1,1.0,1.252
T2498,U3280,43285.58,Payment,UPI,Android,Bangalore,1792,8,0,13346.97,0,0.099,6,0,30852.58,17582.91722098469,0.7071067811865475,2,1.4029808852290473,0.5940000000000001
T2499,U4435,49037.93,Transfer,NetBanking,iOS,Bangalore,694,9,4,28934.49,1,0.432,3,0,27858.54,29952.180580789103,0.7071067811865476,2,1.7602476655273391,1.296
T2500,U7500,20408.83,Withdrawal,NetBanking,Web,Chennai,1074,2,1,26606.61,0,0.608,9,0,17661.245000000003,3885.671970772883,0.7071067811865468,2,1.1555714220599962,5.472
T2501,U5097,41384.57,Withdrawal,NetBanking,Web,Bangalore,418,16,4,6718.28,0,0.098,6,0,41384.57,,,1,1.0,0.5880000000000001
T2502,U6994,38238.16,Payment,Wallet,iOS,Delhi,1595,6,0,26386.0,0,0.972,2,0,38712.03,670.1533808017397,-0.7071067811865394,2,0.9877591022738929,1.944
T2503,U4411,28697.77,Withdrawal,UPI,Android,Chennai,1356,7,4,8862.8,0,0.849,1,0,22316.925,9023.877538400551,0.7071067811865477,2,1.2859195431270214,0.849
T2504,U2349,47804.55,Payment,Card,Web,Mumbai,189,10,4,25581.81,0,0.227,2,0,24160.33,33437.976595733184,0.7071067811865475,2,1.9786381229064336,0.454
T2505,U4545,10063.7,Payment,Wallet,Web,Bangalore,863,12,4,21903.89,0,0.519,6,0,10063.7,,,1,1.0,3.114
T2506,U8749,5507.75,Withdrawal,Wallet,Android,Delhi,1192,2,4,10626.37,0,0.508,2,0,23476.595,25411.784299179977,-0.7071067811865476,2,0.2346059980163222,1.016
T2507,U3108,42705.4,Payment,Card,Android,Chennai,46,18,0,27332.65,0,0.334,7,0,36128.880000000005,9300.60377721791,0.707106781186547,2,1.182029445695521,2.338
T2508,U3630,21985.53,Transfer,Card,iOS,Chennai,415,13,2,14609.85,0,0.76,7,0,25783.783333333336,19976.68782276565,-0.1901342888787002,3,0.8526882853369719,5.32
T2509,U6488,42356.09,Transfer,NetBanking,Web,Mumbai,548,21,4,9599.05,1,0.658,1,0,45123.265,3913.3764144597735,-0.7071067811865475,2,0.938675204464925,0.658
T2510,U3187,44659.86,Payment,Card,Android,Hyderabad,385,15,2,8462.61,1,0.864,6,0,22839.475,30858.68440320245,0.7071067811865477,2,1.9553803228839544,5.184
T2511,U3217,3169.76,Transfer,Card,Android,Bangalore,1931,14,0,28178.11,0,0.005,5,0,3169.76,,,1,1.0,0.025
T2512,U7443,44179.06,Payment,Card,iOS,Delhi,265,1,3,22781.57,0,0.604,8,0,44179.06,,,1,1.0,4.832
T2513,U5347,22443.54,Transfer,Card,Web,Chennai,287,5,2,10561.98,0,0.993,8,0,21402.515,1472.2316737694496,0.7071067811865493,2,1.0486403116643068,7.944
T2514,U4144,25546.1,Withdrawal,NetBanking,Android,Bangalore,258,20,0,7699.64,0,0.789,9,0,25546.1,,,1,1.0,7.101
T2515,U2088,31348.3,Payment,Wallet,iOS,Delhi,702,6,3,6427.35,0,0.344,2,0,27503.04333333333,22198.437406034536,0.1732219523533377,3,1.1398120426187983,0.688
T2516,U3121,46322.81,Payment,UPI,Web,Delhi,1050,8,4,7410.33,0,0.156,1,0,23476.63,32309.377604416957,0.7071067811865476,2,1.973145634616212,0.156
T2517,U3448,1004.85,Payment,UPI,Web,Chennai,1401,8,0,3418.28,1,0.428,6,0,17788.296666666665,15485.867741477496,-1.0837911666850752,3,0.0564893884349803,2.568
T2518,U5882,23868.33,Payment,Wallet,Web,Bangalore,134,16,1,14593.58,0,0.424,2,0,23752.735,163.47601674251956,0.7071067811865476,2,1.004866597467618,0.848
T2519,U3513,34401.72,Payment,UPI,Web,Delhi,1345,22,3,1328.06,0,0.585,5,0,25428.3925,19669.361100332968,0.4562083869540682,4,1.3528861488196706,2.925
T2520,U4966,36149.21,Payment,UPI,iOS,Chennai,221,2,1,444.29,0,0.066,1,0,36149.21,,,1,1.0,0.066
T2521,U3222,34641.99,Withdrawal,Wallet,Android,Bangalore,481,3,4,18580.37,0,0.387,1,1,17649.61,24030.85425299733,0.7071067811865475,2,1.962762349989603,0.387
T2522,U3905,6765.03,Withdrawal,UPI,Web,Bangalore,758,1,4,2745.53,0,0.855,5,0,6765.03,,,1,1.0,4.275
T2523,U4084,15004.81,Transfer,UPI,Web,Chennai,1448,0,2,25371.77,0,0.644,6,1,19859.10666666667,12744.010625585392,-0.3809080837488465,3,0.7555631908249648,3.864
T2524,U7582,17967.84,Payment,Wallet,Android,Bangalore,509,9,4,3291.19,0,0.435,7,0,16741.975,1733.6349086384926,0.7071067811865491,2,1.0732210506824913,3.045
T2525,U9633,40231.64,Transfer,UPI,Web,Hyderabad,820,2,2,16325.8,0,0.31,4,0,40231.64,,,1,1.0,1.24
T2526,U1387,13974.06,Transfer,Card,Web,Delhi,1745,9,3,20297.56,1,0.28,4,0,13974.06,,,1,1.0,1.12
T2527,U2115,10574.71,Withdrawal,Wallet,Android,Delhi,898,8,1,6951.75,0,0.748,5,0,39315.7475,19196.209610771904,-1.497224612710628,4,0.2689688145952204,3.74
T2528,U5342,47874.53,Transfer,NetBanking,Android,Bangalore,1214,16,3,26659.1,0,0.429,6,0,33348.4,20543.050054794687,0.7071067811865475,2,1.4355870146693694,2.574
T2529,U4501,492.72,Withdrawal,UPI,Web,Chennai,1422,14,1,14493.47,0,0.246,8,0,15164.846666666665,22154.43493201605,-0.6622658944671852,3,0.0324909318788584,1.968
T2530,U1840,49891.15,Transfer,NetBanking,Android,Mumbai,1675,2,0,9528.04,0,0.813,9,1,30617.553333333333,17517.667056638373,1.10023764034052,3,1.629494997749657,7.316999999999999
T2531,U6848,33857.22,Payment,UPI,iOS,Bangalore,1666,20,3,27043.75,0,0.266,7,0,22682.02,15804.119402231812,0.7071067811865476,2,1.492689804523583,1.862
T2532,U2557,41432.04,Transfer,Card,iOS,Mumbai,1220,2,0,25764.37,0,0.064,3,0,44624.41,4514.6929501129935,-0.7071067811865487,2,0.9284613510856502,0.192
T2533,U2371,14766.24,Withdrawal,Wallet,Web,Bangalore,1933,3,1,21317.86,0,0.548,6,0,17964.72,4523.333794979097,-0.7071067811865479,2,0.821957703766048,3.2880000000000003
T2534,U5109,765.05,Withdrawal,NetBanking,Web,Mumbai,1772,3,2,8785.43,0,0.279,9,0,765.05,,,1,1.0,2.511
T2535,U6326,36906.58,Withdrawal,Wallet,Android,Bangalore,1707,16,3,11767.17,0,0.005,6,0,36906.58,,,1,1.0,0.03
T2536,U8804,41715.52,Transfer,NetBanking,Android,Chennai,1996,5,3,20723.03,1,0.502,8,0,41715.52,,,1,1.0,4.016
T2537,U6303,37036.78,Transfer,UPI,Web,Mumbai,1657,10,2,5640.0,0,0.895,8,0,25502.5,16311.935208208744,0.7071067811865475,2,1.4522803646701303,7.16
T2538,U5667,7185.37,Withdrawal,Card,Web,Hyderabad,1501,11,2,14903.86,0,0.644,4,0,21775.416666666668,13291.098030792393,-1.0977307241933598,3,0.3299762346682994,2.576
T2539,U4459,37683.72,Payment,NetBanking,iOS,Chennai,1490,22,4,22157.9,1,0.018,7,0,33383.13,4547.330299318492,0.9457395255947282,3,1.1288252479620695,0.126
T2540,U6588,38457.69,Payment,NetBanking,Android,Bangalore,1167,6,4,19765.62,1,0.379,7,0,32499.036,19647.81283893273,0.3032731454054138,5,1.18334863840269,2.653
T2541,U7252,32944.1,Transfer,Card,Web,Mumbai,1731,12,1,21626.0,0,0.247,7,0,39185.205,8826.255335194532,-0.7071067811865482,2,0.8407280247736358,1.729
T2542,U7331,38317.49,Transfer,Card,Web,Delhi,184,5,3,26768.38,0,0.67,8,0,24167.4,20476.420282405325,0.6910431513343511,3,1.585503198523631,5.36
T2543,U7948,42303.78,Withdrawal,Card,Android,Chennai,1294,22,2,29051.77,1,0.457,2,0,33063.54,11226.958255627387,0.8230403809837299,3,1.2794691675483023,0.914
T2544,U1742,30699.53,Transfer,Card,Android,Mumbai,326,2,2,13805.67,0,0.173,2,0,30699.53,,,1,1.0,0.346
T2545,U9055,4475.81,Transfer,Card,Web,Chennai,1010,20,0,1893.46,0,0.456,6,0,3195.675,1810.3842786684825,0.7071067811865476,2,1.4005836012735964,2.736
T2546,U2345,24407.01,Withdrawal,Wallet,Web,Mumbai,833,13,4,25047.07,0,0.931,6,0,24407.01,,,1,1.0,5.586
T2547,U5896,3928.58,Withdrawal,UPI,Web,Delhi,879,13,0,3627.18,0,0.411,5,0,20258.415,23093.87412831485,-0.7071067811865477,2,0.1939233646857367,2.055
T2548,U3567,20406.77,Transfer,UPI,Android,Hyderabad,940,22,2,6661.39,0,0.87,2,0,20406.77,,,1,1.0,1.74
T2549,U1541,20384.97,Payment,NetBanking,Web,Delhi,896,9,3,19629.71,0,0.475,8,0,18961.865,2012.5743916809668,0.7071067811865479,2,1.0750508982106983,3.8
T2550,U6588,3347.19,Transfer,Card,Web,Bangalore,278,4,3,22397.48,0,0.758,3,0,32499.036,19647.81283893273,-1.4837196505778365,5,0.102993516484612,2.274
T2551,U7014,17473.59,Payment,Wallet,Web,Chennai,1827,1,0,20869.95,0,0.786,1,1,17473.59,,,1,1.0,0.786
T2552,U2571,5594.36,Payment,Wallet,iOS,Hyderabad,479,5,4,13210.92,0,0.761,1,0,22459.256666666668,20336.58908920651,-0.8292883626004708,3,0.2490892767748175,0.761
T2553,U2649,40421.35,Payment,NetBanking,iOS,Chennai,233,22,1,27550.21,0,0.638,7,0,40421.35,,,1,1.0,4.466
T2554,U5668,47387.02,Withdrawal,Card,Android,Mumbai,1285,10,3,24982.67,0,0.952,7,0,47387.02,,,1,1.0,6.664
T2555,U1642,3662.21,Withdrawal,UPI,Web,Bangalore,1097,17,1,19944.11,1,0.929,6,0,8808.36,7277.755124006303,-0.7071067811865476,2,0.4157652502849565,5.574
T2556,U9612,47758.0,Withdrawal,Card,Web,Bangalore,984,23,4,13288.16,0,0.303,6,0,46052.62,2411.771524999828,0.7071067811865498,2,1.0370311178821097,1.818
T2557,U4651,26152.7,Transfer,Wallet,Android,Chennai,916,20,0,13968.4,1,0.695,5,0,27018.715,1224.730158218535,-0.7071067811865476,2,0.9679475874407796,3.475
T2558,U6304,15013.31,Withdrawal,Card,Android,Bangalore,839,10,4,5361.4,0,0.665,6,0,15013.31,,,1,1.0,3.99
T2559,U5706,3889.26,Withdrawal,UPI,Android,Chennai,1497,23,2,23413.18,1,0.2,2,0,7264.18,4772.857635924206,-0.7071067811865476,2,0.5354024817666964,0.4
T2560,U2897,25056.18,Transfer,UPI,Web,Mumbai,1976,14,4,25992.31,0,0.265,5,0,19042.27,11138.12051230817,0.5399393904343497,3,1.315818964860807,1.3250000000000002
T2561,U2216,39736.05,Transfer,NetBanking,iOS,Mumbai,1157,2,0,24835.72,1,0.311,2,0,39736.05,,,1,1.0,0.622
T2562,U5093,35368.97,Payment,Wallet,Android,Chennai,1615,1,0,16458.23,0,0.332,3,0,32302.735,4336.311122423068,0.7071067811865476,2,1.094921838661649,0.996
T2563,U5672,2558.79,Transfer,Card,Web,Delhi,247,6,4,25154.44,0,0.854,5,0,12678.366666666669,14182.42778407256,-0.7135292222697838,3,0.2018233158319552,4.27
T2564,U6945,3691.45,Transfer,Card,Android,Delhi,84,4,0,23733.22,0,0.757,1,0,3691.45,,,1,1.0,0.757
T2565,U8502,20173.52,Withdrawal,NetBanking,Web,Mumbai,1475,20,2,24987.54,1,0.808,3,0,16994.04,4496.46373729401,0.7071067811865472,2,1.187093828189177,2.4240000000000004
T2566,U1431,14799.76,Payment,NetBanking,Android,Hyderabad,509,12,1,29459.81,0,0.913,6,0,14799.76,,,1,1.0,5.478
T2567,U6687,11657.6,Payment,NetBanking,Web,Delhi,1555,7,4,24319.0,1,0.514,2,0,12057.18,565.0914552530412,-0.7071067811865476,2,0.9668595807643248,1.028
T2568,U3664,14086.17,Transfer,Wallet,Android,Chennai,1945,8,0,8193.63,0,0.835,3,0,27495.24,18963.2886528102,-0.7071067811865474,2,0.5123130403662598,2.505
T2569,U8478,40183.96,Withdrawal,Card,iOS,Mumbai,277,7,1,24643.8,0,0.695,9,0,40183.96,,,1,1.0,6.255
T2570,U1609,46464.94,Withdrawal,NetBanking,Android,Bangalore,1520,9,2,11331.49,0,0.465,8,0,46464.94,,,1,1.0,3.72
T2571,U6023,20284.88,Withdrawal,Wallet,Android,Bangalore,996,1,4,15534.15,0,0.194,3,0,17829.185,3472.877174051799,0.7071067811865471,2,1.1377345627408095,0.5820000000000001
T2572,U5982,45310.24,Withdrawal,Card,iOS,Delhi,1633,9,0,23912.35,0,0.43,7,0,45310.24,,,1,1.0,3.01
T2573,U5458,16108.71,Transfer,UPI,Android,Hyderabad,1083,10,1,9569.89,0,0.207,4,0,16108.71,,,1,1.0,0.828
T2574,U2605,23848.03,Withdrawal,NetBanking,iOS,Delhi,1688,22,2,879.89,0,0.287,7,0,23848.03,,,1,1.0,2.009
T2575,U1179,11340.15,Payment,Wallet,Web,Hyderabad,1092,10,3,21572.52,0,0.284,5,0,11581.245,340.9598188203424,-0.7071067811865435,2,0.9791822899869574,1.42
T2576,U8124,32041.78,Payment,Card,iOS,Delhi,1487,4,0,27075.01,0,0.761,2,0,32041.78,,,1,1.0,1.522
T2577,U5910,48950.11,Transfer,Card,iOS,Bangalore,1863,13,2,27843.86,0,0.508,6,1,48950.11,,,1,1.0,3.048
T2578,U2090,30194.48,Withdrawal,NetBanking,Web,Hyderabad,732,22,1,23987.41,0,0.793,1,0,30194.48,,,1,1.0,0.793
T2579,U6742,17922.81,Withdrawal,NetBanking,iOS,Bangalore,1105,2,4,28060.77,1,0.877,6,0,23116.373333333333,8193.118389247975,-0.6338933586202012,3,0.7753296653223575,5.2620000000000005
T2580,U3908,32408.48,Withdrawal,Card,iOS,Chennai,1789,19,1,24637.62,0,0.612,1,0,32408.48,,,1,1.0,0.612
T2581,U2897,6189.89,Withdrawal,Wallet,Web,Chennai,1784,22,4,999.96,0,0.407,3,0,19042.27,11138.12051230817,-1.1539092242535434,3,0.3250605101177538,1.221
T2582,U6027,44438.52,Transfer,UPI,Android,Mumbai,199,1,2,10554.7,0,0.857,7,0,28741.7,22198.655730129245,0.7071067811865476,2,1.5461340143415316,5.999
T2583,U5566,25179.04,Withdrawal,Card,Android,Bangalore,1005,17,2,10149.58,0,0.568,2,0,33597.323333333334,7919.714567787991,-1.062952870495255,3,0.7494358925616793,1.136
T2584,U9193,22495.02,Transfer,Wallet,iOS,Bangalore,1595,0,1,6653.01,0,0.857,9,0,33030.840000000004,14899.899534721706,-0.7071067811865476,2,0.6810308184714647,7.713
T2585,U5115,29313.95,Withdrawal,NetBanking,Android,Mumbai,1750,0,1,23958.32,1,0.265,3,0,29703.95,11964.638123106772,-0.0325960548064391,3,0.986870433056883,0.795
T2586,U1475,31257.95,Withdrawal,Card,Android,Chennai,575,16,4,15650.69,0,0.566,3,0,41538.53333333333,9003.743892972152,-1.1418120567998178,3,0.7525049030779454,1.698
T2587,U4544,3635.2,Payment,NetBanking,iOS,Chennai,1855,5,0,25105.05,0,0.212,7,0,3635.2,,,1,1.0,1.484
T2588,U5789,34146.73,Transfer,UPI,Web,Hyderabad,1002,12,1,18080.34,0,0.698,1,0,23295.77,19160.611521913903,0.5663159543519688,3,1.4657909998252905,0.698
T2589,U8975,12134.49,Payment,NetBanking,Android,Hyderabad,745,20,0,17759.22,0,0.587,5,0,12134.49,,,1,1.0,2.935
T2590,U6170,35711.93,Transfer,UPI,iOS,Chennai,165,23,0,11586.04,0,0.556,3,0,27606.355,11463.0140958323,0.7071067811865476,2,1.2936126482471155,1.668
T2591,U1372,41135.61,Withdrawal,NetBanking,Web,Delhi,1905,20,0,23709.13,0,0.639,1,0,33192.765,11232.879122827328,0.7071067811865476,2,1.2392944667309278,0.639
T2592,U3937,40207.73,Withdrawal,NetBanking,Android,Bangalore,1596,0,2,20524.44,0,0.375,7,0,40969.46000000001,1077.2488968664543,-0.7071067811865526,2,0.9814073702704404,2.625
T2593,U1188,27647.42,Transfer,UPI,Web,Hyderabad,1786,23,2,10228.68,0,0.192,7,1,27647.42,,,1,1.0,1.344
T2594,U3379,26032.49,Payment,NetBanking,iOS,Delhi,1875,5,0,29807.84,0,0.806,9,0,25701.585,467.9703388570687,0.7071067811865533,2,1.0128748868989987,7.254
T2595,U1682,7186.65,Transfer,Wallet,Web,Hyderabad,682,7,0,13937.4,0,0.384,7,0,5143.745,2889.1039576398075,0.7071067811865475,2,1.3971629620053094,2.688
T2596,U1013,38778.54,Transfer,NetBanking,Web,Mumbai,1674,12,2,9566.05,0,0.989,4,0,20398.08,25993.895814656174,0.7071067811865475,2,1.901087749435241,3.956
T2597,U2510,13606.9,Withdrawal,Card,iOS,Bangalore,1118,1,4,20665.01,0,0.481,3,0,8458.735,7280.604764334485,0.7071067811865474,2,1.6086211472519234,1.443
T2598,U5308,24859.94,Payment,NetBanking,Android,Hyderabad,78,7,3,6761.94,1,0.49,6,0,24316.02333333333,4825.978514191017,0.1127059859606195,3,1.0223686521110154,2.94
T2599,U6498,14249.49,Transfer,Wallet,Android,Chennai,1418,21,1,24936.26,0,0.678,6,0,17161.01,4117.5110711205125,-0.7071067811865474,2,0.8303409880886965,4.0680000000000005
T2600,U7299,6734.73,Payment,Card,Web,Mumbai,382,0,0,20442.87,0,0.667,2,0,6204.78,749.4624773796215,0.7071067811865475,2,1.0854099581290553,1.334
T2601,U1172,31496.41,Payment,Wallet,Web,Mumbai,64,12,2,26114.95,0,0.181,7,0,31496.41,,,1,1.0,1.267
T2602,U5557,2763.89,Transfer,Card,Web,Chennai,94,0,0,9938.64,0,0.272,1,1,2763.89,,,1,1.0,0.272
T2603,U8183,37444.83,Payment,NetBanking,Web,Mumbai,1890,9,0,25647.32,0,0.232,9,0,37444.83,,,1,1.0,2.088
T2604,U9406,15913.46,Withdrawal,Wallet,Android,Bangalore,950,4,0,15077.84,1,0.053,2,0,15913.46,,,1,1.0,0.106
T2605,U4559,56.73,Withdrawal,NetBanking,iOS,Hyderabad,850,22,0,1868.77,0,0.022,3,0,10861.72,15280.563399305667,-0.7071067811865476,2,0.0052229297017415,0.066
T2606,U6893,25580.9,Withdrawal,Card,iOS,Mumbai,601,19,4,5905.66,0,0.645,6,0,33369.9125,9835.715384540754,-0.7919111315728337,4,0.7665857679429038,3.87
T2607,U9935,2390.25,Withdrawal,Wallet,iOS,Bangalore,741,12,1,6607.71,0,0.499,7,0,12115.026666666668,9328.166850868038,-1.0425174444389065,3,0.1972963053045969,3.493
T2608,U5237,13844.67,Payment,UPI,Web,Chennai,1969,4,1,23062.93,0,0.895,1,0,29090.055,21560.23023059935,-0.7071067811865475,2,0.4759245040959874,0.895
T2609,U9581,35363.48,Withdrawal,Wallet,Web,Hyderabad,631,9,2,6173.45,0,0.301,3,0,35363.48,,,1,1.0,0.903
T2610,U1230,3181.35,Transfer,NetBanking,iOS,Chennai,1798,2,4,16901.33,0,0.788,6,0,3181.35,,,1,1.0,4.728
T2611,U1117,41974.96,Withdrawal,UPI,Android,Hyderabad,1018,1,4,19611.01,0,0.103,4,0,41974.96,,,1,1.0,0.412
T2612,U3017,240.81,Transfer,UPI,iOS,Mumbai,326,1,1,23238.34,0,0.816,5,0,10532.85,14555.14255248639,-0.7071067811865476,2,0.0228627579430068,4.08
T2613,U3554,12378.85,Transfer,Card,Android,Mumbai,1197,4,2,23538.02,0,0.921,3,0,28454.996666666662,14389.541700350755,-1.1172104714269526,3,0.4350325584293983,2.763
T2614,U7237,37058.16,Withdrawal,UPI,Web,Hyderabad,1648,3,4,21556.36,0,0.627,8,0,16174.875,15223.26469066891,1.37180068955908,4,2.2910940579138943,5.016
T2615,U7202,15847.69,Withdrawal,UPI,iOS,Bangalore,634,1,2,6474.2,0,0.736,1,0,15847.69,,,1,1.0,0.736
T2616,U8966,5139.52,Payment,Card,iOS,Bangalore,261,20,1,16349.73,0,0.988,7,0,24829.1,27845.271073430045,-0.7071067811865475,2,0.206995823449098,6.916
T2617,U8179,18043.68,Transfer,Wallet,Web,Bangalore,161,8,0,8776.07,0,0.378,2,0,20203.835,3054.9204978280554,-0.7071067811865466,2,0.8930819322173241,0.756
T2618,U1443,13556.14,Withdrawal,NetBanking,Android,Delhi,1369,23,4,23275.42,1,0.029,8,0,13556.14,,,1,1.0,0.232
T2619,U7990,42143.46,Payment,Wallet,iOS,Bangalore,919,8,2,22467.98,0,0.683,3,0,28944.455,19281.855125176626,0.6845298294335719,4,1.4560115227597132,2.0490000000000004
T2620,U4167,15701.73,Withdrawal,UPI,iOS,Mumbai,1401,8,0,6966.46,0,0.013,4,0,15701.73,,,1,1.0,0.052
T2621,U2235,39457.18,Withdrawal,NetBanking,Android,Delhi,1796,23,1,19276.15,0,0.568,2,0,39457.18,,,1,1.0,1.136
T2622,U2848,44599.01,Withdrawal,Wallet,iOS,Bangalore,875,3,3,1846.99,0,0.597,5,0,44599.01,,,1,1.0,2.985
T2623,U5104,21719.18,Transfer,NetBanking,iOS,Mumbai,609,7,4,23079.6,0,0.585,9,0,11560.5725,7945.965331316999,1.2784610901789912,4,1.87872875672896,5.265
T2624,U5513,45501.66,Withdrawal,UPI,Web,Delhi,1016,17,4,23428.04,0,0.166,4,0,45501.66,,,1,1.0,0.664
T2625,U3940,18897.04,Payment,Wallet,Android,Mumbai,980,8,2,10475.66,1,0.077,7,0,23797.88666666667,6463.634313916076,-0.7582184307851765,3,0.7940637866163466,0.539
T2626,U8978,48205.72,Withdrawal,NetBanking,iOS,Hyderabad,1014,2,1,24207.07,0,0.908,8,0,48205.72,,,1,1.0,7.264
T2627,U8773,4510.01,Withdrawal,NetBanking,iOS,Mumbai,1133,5,1,25763.1,1,0.542,1,0,4510.01,,,1,1.0,0.542
T2628,U2894,34366.61,Payment,Wallet,Web,Delhi,1153,22,4,5782.73,0,0.323,6,0,40852.98,9173.112424569974,-0.7071067811865469,2,0.8412265151771059,1.938
T2629,U4565,24716.01,Payment,Wallet,iOS,Bangalore,1418,18,4,10591.76,0,0.772,5,0,39166.07666666667,12795.676484458856,-1.1292929048508824,3,0.6310565699585432,3.86
T2630,U1377,19413.06,Transfer,UPI,Web,Delhi,312,4,2,7906.31,1,0.922,1,0,10234.07,12981.052146887016,0.7071067811865476,2,1.8969051413562736,0.922
T2631,U9886,31653.96,Transfer,Card,iOS,Bangalore,1749,16,2,11293.31,0,0.404,9,0,31653.96,,,1,1.0,3.636
T2632,U7229,35207.66,Transfer,NetBanking,Web,Bangalore,1182,18,3,13462.43,1,0.098,7,0,20465.403333333332,15451.027073285022,0.9541279422230884,6,1.720350164936891,0.686
T2633,U5169,267.95,Transfer,Wallet,Android,Chennai,1234,23,0,15348.07,0,0.693,1,0,267.95,,,1,1.0,0.693
T2634,U8704,8389.31,Payment,Wallet,Android,Hyderabad,1840,2,2,1149.6,1,0.908,2,0,31432.555,17333.636233369118,-1.3293947495932372,4,0.2668987614910719,1.816
T2635,U4055,35666.65,Withdrawal,Wallet,iOS,Chennai,1036,7,0,1749.47,0,0.98,4,0,14833.473333333332,18105.53813380407,1.1506521658016855,3,2.4044705645474806,3.92
T2636,U4209,33335.95,Withdrawal,NetBanking,iOS,Delhi,409,8,4,19691.52,0,0.814,9,0,33335.95,,,1,1.0,7.326
T2637,U7031,48304.07,Withdrawal,UPI,Web,Chennai,77,21,3,13337.97,0,0.268,2,0,20926.51333333333,24211.29138094524,1.1307763900695251,3,2.308271293481921,0.536
T2638,U9189,38063.84,Transfer,Card,Web,Bangalore,163,22,3,2783.15,0,0.358,1,0,31720.245,8384.422191471118,0.7565929834083128,4,1.1999856873741044,0.358
T2639,U6541,47541.1,Payment,NetBanking,Android,Delhi,1024,21,3,11648.27,0,0.137,1,0,24105.34,33143.169636520885,0.7071067811865475,2,1.9722227523030167,0.137
T2640,U6756,35141.9,Payment,UPI,iOS,Chennai,1527,7,1,14317.3,0,0.713,9,0,35141.9,,,1,1.0,6.417
T2641,U3134,14937.71,Payment,NetBanking,Web,Mumbai,191,13,4,19104.14,0,0.169,1,0,16651.66,2423.891335229367,-0.7071067811865476,2,0.8970703221180351,0.169
T2642,U6740,5312.98,Withdrawal,NetBanking,Android,Hyderabad,534,22,1,3638.07,0,0.432,4,0,5312.98,,,1,1.0,1.728
T2643,U1150,39102.1,Transfer,Wallet,Android,Mumbai,198,9,1,29844.65,0,0.532,5,0,39102.1,,,1,1.0,2.66
T2644,U9549,32225.25,Payment,UPI,Web,Delhi,29,16,3,14293.7,1,0.383,6,0,32225.25,,,1,1.0,2.298
T2645,U5603,2456.89,Transfer,Wallet,iOS,Chennai,860,2,1,20455.64,0,0.15,6,0,22910.41,18043.97976425378,-1.1335370725985665,3,0.1072390236578044,0.8999999999999999
T2646,U1451,18034.52,Payment,Wallet,Android,Bangalore,1316,2,4,27255.72,0,0.29,3,0,18843.126666666667,1994.1215234868032,-0.4054951802800787,3,0.957087447270782,0.8699999999999999
T2647,U5654,47842.15,Transfer,UPI,Web,Chennai,907,2,4,1051.52,0,0.633,7,0,47842.15,,,1,1.0,4.431
T2648,U9130,25045.04,Payment,Wallet,Android,Delhi,19,3,1,18080.63,0,0.727,8,0,16915.185,11497.35120112672,0.7071067811865475,2,1.4806246576670603,5.816
T2649,U7174,21664.82,Transfer,Wallet,iOS,Delhi,709,16,4,16256.64,0,0.615,1,0,21664.82,,,1,1.0,0.615
T2650,U7839,22912.1,Payment,Card,Web,Delhi,1890,13,0,1816.46,0,0.966,9,1,15193.9,10915.18311710802,0.7071067811865475,2,1.5079801762549443,8.693999999999999
T2651,U8038,10483.69,Payment,UPI,iOS,Delhi,1564,1,1,20821.53,0,0.614,6,0,10483.69,,,1,1.0,3.684
T2652,U1777,18466.92,Transfer,UPI,iOS,Chennai,664,11,3,6701.39,0,0.225,1,0,27916.74,13364.06360598452,-0.7071067811865476,2,0.6614998742689869,0.225
T2653,U3340,18522.17,Transfer,Wallet,Android,Mumbai,1648,4,3,21086.26,0,0.491,9,0,23438.665,18689.86060968621,-0.2630568040433633,4,0.7902399731384019,4.419
T2654,U4492,2665.13,Withdrawal,Wallet,iOS,Bangalore,1336,21,4,10942.61,0,0.836,4,0,2665.13,,,1,1.0,3.344
T2655,U3234,38390.0,Transfer,UPI,Android,Bangalore,250,1,4,23126.77,1,0.326,9,0,34870.97,6242.775929960967,0.5636963491050689,3,1.10091574739676,2.934
T2656,U7367,20854.4,Payment,UPI,Web,Hyderabad,161,11,3,28258.67,0,0.737,5,1,20854.4,,,1,1.0,3.685
T2657,U2583,41117.89,Payment,NetBanking,Web,Delhi,793,8,0,25829.33,0,0.785,6,0,41117.89,,,1,1.0,4.71
T2658,U1116,42524.88,Transfer,UPI,Android,Delhi,1370,22,3,14528.95,0,0.934,9,0,26758.685,22296.76679601888,0.7071067811865475,2,1.5891991702880766,8.406
T2659,U5706,10639.1,Withdrawal,NetBanking,Android,Delhi,197,8,1,6835.66,0,0.401,6,0,7264.18,4772.857635924206,0.7071067811865476,2,1.4645975182333038,2.406
T2660,U5886,32884.81,Transfer,Wallet,Android,Mumbai,473,19,3,29773.46,0,0.259,1,0,32884.81,,,1,1.0,0.259
T2661,U3069,23640.48,Payment,Card,iOS,Delhi,731,22,2,19819.01,0,0.508,1,0,24965.065,1873.2460715159664,-0.707106781186549,2,0.9469424573899566,0.508
T2662,U2430,44013.83,Payment,Card,Web,Hyderabad,1210,0,0,11938.98,0,0.994,2,0,44013.83,,,1,1.0,1.988
T2663,U1930,10826.25,Withdrawal,NetBanking,Web,Hyderabad,909,23,0,14497.56,1,0.902,2,0,24430.73,19239.64012503353,-0.7071067811865475,2,0.4431406675117771,1.804
T2664,U8767,33906.77,Transfer,Wallet,iOS,Mumbai,715,6,3,3928.85,0,0.284,6,0,27058.32,9685.170871234022,0.7071067811865472,2,1.2530996011577953,1.7039999999999995
T2665,U2653,30407.22,Payment,Wallet,Android,Delhi,1210,22,2,15208.23,0,0.197,5,1,39772.53,13244.548417828368,-0.7071067811865475,2,0.7645281806312045,0.985
T2666,U8004,14800.31,Payment,Wallet,Web,Chennai,890,17,1,5277.62,0,0.477,7,0,15176.445,531.9352182832044,-0.7071067811865475,2,0.9752158690655156,3.339
T2667,U5281,6873.22,Payment,UPI,iOS,Chennai,424,9,3,11035.79,0,0.166,8,0,6873.22,,,1,1.0,1.328
T2668,U4636,32599.41,Transfer,Wallet,Android,Bangalore,587,14,1,14803.83,0,0.758,3,0,32599.41,,,1,1.0,2.274
T2669,U8700,36942.94,Transfer,UPI,Web,Mumbai,319,8,2,28439.18,0,0.037,9,0,36942.94,,,1,1.0,0.3329999999999999
T2670,U9802,15815.59,Withdrawal,NetBanking,Android,Chennai,1035,10,3,18778.32,0,0.225,1,0,27652.7575,9496.795985599125,-1.2464380110881397,4,0.5719353666628003,0.225
T2671,U5041,32259.39,Payment,Card,iOS,Bangalore,326,23,3,11219.52,0,0.018,3,0,31153.05,1564.60103259585,0.7071067811865476,2,1.0355130557040162,0.0539999999999999
T2672,U3782,19786.79,Payment,NetBanking,Web,Hyderabad,1816,0,1,3481.37,1,0.227,2,0,19786.79,,,1,1.0,0.454
T2673,U4267,35674.68,Withdrawal,Wallet,Android,Bangalore,1542,10,3,22440.94,1,0.052,6,0,27896.765,10999.632879985133,0.7071067811865476,2,1.278810643456329,0.312
T2674,U6905,10000.8,Payment,Wallet,Android,Delhi,1029,0,2,14058.9,0,0.674,1,0,10000.8,,,1,1.0,0.674
T2675,U8535,44516.24,Withdrawal,NetBanking,Android,Delhi,1605,4,3,2137.84,0,0.57,8,0,36709.475,11040.432941259594,0.7071067811865476,2,1.2126634881049103,4.56
T2676,U4577,14406.11,Withdrawal,UPI,iOS,Hyderabad,377,17,4,19740.55,0,0.214,3,0,14021.723333333332,2487.148163064141,0.15454916292285,3,1.0274136536236511,0.642
T2677,U5309,18420.91,Payment,UPI,Android,Mumbai,564,0,2,10568.15,0,0.205,6,1,18420.91,,,1,1.0,1.23
T2678,U9891,2951.69,Transfer,UPI,Web,Delhi,614,9,0,12176.35,0,0.291,2,0,26334.245000000003,33067.92640393483,-0.7071067811865476,2,0.1120856132385796,0.582
T2679,U6103,5620.04,Transfer,Card,Web,Delhi,1259,12,1,25181.73,0,0.798,5,0,24280.503333333338,18656.18147513669,-1.000229514180185,3,0.2314630764793316,3.99
T2680,U2406,25817.3,Transfer,Card,Android,Bangalore,945,7,2,4205.52,1,0.151,2,0,25817.3,,,1,1.0,0.302
T2681,U4186,13416.25,Transfer,Wallet,iOS,Bangalore,489,12,0,10277.21,0,0.122,7,0,13416.25,,,1,1.0,0.854
T2682,U9916,41782.24,Payment,NetBanking,Web,Bangalore,990,19,0,10973.68,0,0.508,5,0,41782.24,,,1,1.0,2.54
T2683,U7467,783.93,Withdrawal,NetBanking,Web,Chennai,1831,1,2,199.55,0,0.865,8,0,783.93,,,1,1.0,6.92
T2684,U4676,18985.75,Withdrawal,Wallet,Web,Hyderabad,1096,20,0,25375.33,0,0.224,6,0,17517.335,2076.6524081920875,0.7071067811865482,2,1.0838263925420162,1.344
T2685,U2765,16900.41,Payment,UPI,Android,Mumbai,1313,11,0,25075.85,0,0.106,8,1,16900.41,,,1,1.0,0.848
T2686,U6026,1015.42,Transfer,Card,Web,Bangalore,949,12,4,19888.91,0,0.492,9,0,15191.45,20047.933886607865,-0.7071067811865476,2,0.0668415457378986,4.428
T2687,U8609,6262.2,Withdrawal,NetBanking,Android,Mumbai,23,21,3,26978.33,0,0.732,7,0,11887.72,7955.686679401095,-0.7071067811865476,2,0.5267788945230876,5.124
T2688,U7134,20711.45,Payment,Wallet,Android,Bangalore,37,7,4,8259.31,0,0.618,1,0,32869.245,14397.356919412909,-0.8444463152543537,4,0.6301163899566297,0.618
T2689,U8267,24668.59,Payment,UPI,Android,Delhi,151,14,3,6696.85,0,0.418,9,0,19930.025,6664.1354492662185,0.7110547251139316,4,1.2377601131960445,3.762
T2690,U7593,20244.27,Transfer,UPI,Android,Mumbai,1985,6,0,2148.77,0,0.04,9,0,18125.9875,7714.759701673044,0.2745753052477609,4,1.1168643915262548,0.36
T2691,U4568,26570.34,Payment,Card,Android,Chennai,1653,6,3,17801.18,1,0.301,2,0,26570.34,,,1,1.0,0.602
T2692,U5688,29776.83,Withdrawal,Card,Web,Bangalore,1835,16,4,14941.03,0,0.919,2,1,29776.83,,,1,1.0,1.838
T2693,U7303,545.69,Withdrawal,Wallet,Android,Hyderabad,599,18,1,24330.85,0,0.223,7,0,9188.265,12222.446778826652,-0.7071067811865475,2,0.0593898848150331,1.561
T2694,U9941,23231.55,Payment,Wallet,Android,Delhi,1792,2,1,14490.48,0,0.614,5,0,15712.175,10634.002105569192,0.7071067811865475,2,1.478569962465413,3.07
T2695,U3266,48176.79,Withdrawal,UPI,Android,Bangalore,482,6,3,6176.76,0,0.907,5,0,32735.345,21837.500941638216,0.7071067811865476,2,1.4717055830631998,4.535
T2696,U4311,25975.66,Payment,UPI,Android,Mumbai,1557,11,1,24306.95,0,0.488,1,0,25975.66,,,1,1.0,0.488
T2697,U4082,33893.24,Withdrawal,NetBanking,Android,Bangalore,1217,13,2,13718.09,0,0.446,6,0,33893.24,,,1,1.0,2.676
T2698,U4198,15627.6,Transfer,UPI,Android,Delhi,326,1,1,28679.32,0,0.141,8,0,29776.45,14515.79466739248,-0.9747210073027028,3,0.5248308646598234,1.128
T2699,U5984,38710.87,Withdrawal,Wallet,Web,Hyderabad,1394,6,3,16080.7,0,0.981,4,0,38710.87,,,1,1.0,3.924
T2700,U4897,38657.43,Transfer,Card,Android,Hyderabad,454,15,0,3590.49,0,0.177,3,0,38657.43,,,1,1.0,0.5309999999999999
T2701,U3129,26088.74,Transfer,Wallet,Android,Hyderabad,305,8,4,25545.63,1,0.481,1,0,26088.74,,,1,1.0,0.481
T2702,U7690,48801.89,Payment,NetBanking,Web,Delhi,413,0,1,26364.47,0,0.171,4,0,48801.89,,,1,1.0,0.684
T2703,U6719,6321.23,Transfer,NetBanking,Web,Bangalore,761,11,3,13418.4,0,0.348,2,0,6321.23,,,1,1.0,0.696
T2704,U2950,896.54,Withdrawal,Card,iOS,Delhi,1971,1,4,877.19,0,0.884,5,0,22247.56,30194.9020544992,-0.7071067811865475,2,0.0402983518192556,4.42
T2705,U2943,38519.4,Withdrawal,Wallet,Web,Delhi,272,21,2,988.73,0,0.643,1,0,38519.4,,,1,1.0,0.643
T2706,U6819,40367.42,Transfer,NetBanking,Web,Bangalore,856,17,0,10599.36,0,0.01,9,0,40367.42,,,1,1.0,0.09
T2707,U9195,6054.35,Payment,Wallet,Android,Chennai,386,13,4,21515.34,0,0.967,9,0,27169.01,29860.63853689669,-0.7071067811865474,2,0.2228402875187576,8.703
T2708,U4787,13315.86,Transfer,NetBanking,iOS,Hyderabad,594,11,4,9998.45,0,0.784,5,0,13315.86,,,1,1.0,3.92
T2709,U9213,926.74,Withdrawal,Card,Android,Mumbai,1101,17,3,331.12,0,0.998,1,0,22917.275,31099.312840840223,-0.7071067811865475,2,0.0404384901782607,0.998
T2710,U1508,14700.77,Withdrawal,NetBanking,iOS,Mumbai,808,4,2,25472.27,0,0.763,3,0,14700.77,,,1,1.0,2.289
T2711,U4851,38668.44,Transfer,Wallet,Android,Bangalore,480,6,1,29065.1,0,0.765,7,0,38668.44,,,1,1.0,5.355
T2712,U8231,25922.13,Transfer,Wallet,Web,Mumbai,1871,3,2,10456.45,0,0.699,5,0,25922.13,,,1,1.0,3.495
T2713,U2036,17437.37,Transfer,NetBanking,Web,Chennai,741,12,0,2284.93,0,0.423,9,0,17437.37,,,1,1.0,3.807
T2714,U7447,18618.38,Withdrawal,UPI,iOS,Delhi,981,15,1,8813.21,1,0.315,4,0,26718.785000000003,11455.70261171483,-0.7071067811865478,2,0.6968273445068703,1.26
T2715,U7401,117.61,Withdrawal,Card,Android,Hyderabad,56,21,2,23990.27,0,0.525,5,0,21482.21,24647.752912133798,-0.8667970697435247,3,0.0054747626058957,2.625
T2716,U9228,15025.04,Withdrawal,Card,Android,Mumbai,956,15,0,16313.53,0,0.178,3,0,30807.735,22320.10131979804,-0.7071067811865475,2,0.4877034939439722,0.534
T2717,U7109,32340.61,Payment,NetBanking,Web,Mumbai,1091,18,4,11581.17,0,0.722,8,0,28230.76,5812.205609319067,0.707106781186547,2,1.1455805653124465,5.776
T2718,U5114,48711.01,Withdrawal,NetBanking,Web,Bangalore,1951,3,4,10093.38,0,0.997,3,0,31093.725,24914.603379192093,0.7071067811865475,2,1.5665865057981956,2.991
T2719,U1255,42360.69,Withdrawal,UPI,iOS,Bangalore,33,19,4,3550.31,0,0.601,6,0,42360.69,,,1,1.0,3.606
T2720,U4371,1228.57,Payment,Card,Web,Delhi,1323,19,4,10251.46,0,0.856,7,0,1228.57,,,1,1.0,5.992
T2721,U3646,44933.1,Payment,UPI,iOS,Hyderabad,840,0,1,14156.24,0,0.172,2,0,42546.525,3375.126732620568,0.7071067811865491,2,1.0560933002166453,0.344
T2722,U1743,39170.76,Payment,Card,iOS,Mumbai,1477,12,4,20226.92,0,0.825,7,0,39170.76,,,1,1.0,5.775
T2723,U6512,39029.79,Payment,NetBanking,iOS,Delhi,412,19,1,7936.14,0,0.907,3,0,24910.0925,15568.93247307251,0.9069149425897342,4,1.5668263777021303,2.721
T2724,U8624,22926.89,Payment,Card,iOS,Hyderabad,1057,19,1,26931.63,0,0.839,3,0,22926.89,,,1,1.0,2.517
T2725,U1204,19930.36,Payment,Card,Web,Delhi,1097,21,2,14595.51,1,0.627,5,0,19930.36,,,1,1.0,3.135
T2726,U1814,15180.64,Transfer,Card,iOS,Mumbai,1800,8,4,12214.32,1,0.926,4,0,21228.78,8553.36161513121,-0.7071067811865475,2,0.7150971464210378,3.704
T2727,U7008,3331.46,Transfer,UPI,Web,Bangalore,1693,9,3,17859.22,0,0.961,7,0,3331.46,,,1,1.0,6.726999999999999
T2728,U9076,11450.36,Transfer,UPI,iOS,Bangalore,1661,5,4,5111.95,0,0.815,3,0,11450.36,,,1,1.0,2.445
T2729,U3645,12367.85,Transfer,Card,Web,Bangalore,1643,21,3,3286.9,0,0.547,9,0,29977.695,24904.08163028804,-0.7071067811865476,2,0.4125684112804537,4.923
T2730,U3429,24229.65,Withdrawal,Wallet,iOS,Chennai,1272,6,4,10461.56,0,0.835,1,0,26612.77,8108.171910665191,-0.2939158205150202,3,0.9104520123234072,0.835
T2731,U5607,37384.85,Payment,UPI,Web,Delhi,292,22,1,1294.01,0,0.372,2,0,33385.784,5435.124588915143,0.7357818453979942,5,1.1197834982698025,0.744
T2732,U9281,23716.8,Withdrawal,NetBanking,Android,Mumbai,1475,15,4,11389.74,0,0.347,9,0,23716.8,,,1,1.0,3.123
T2733,U7243,2939.33,Payment,NetBanking,iOS,Delhi,1333,16,4,20177.41,0,0.348,8,1,5093.035,3045.7988203507466,-0.7071067811865475,2,0.5771273906423184,2.784
T2734,U3125,47891.6,Payment,Card,iOS,Bangalore,102,23,4,24382.46,0,0.199,7,0,47891.6,,,1,1.0,1.393
T2735,U4983,47139.08,Withdrawal,NetBanking,Android,Delhi,1610,0,4,17434.92,0,0.623,9,0,28452.84333333333,22574.88782663678,0.8277443861589524,3,1.6567440887278635,5.607
T2736,U1696,39270.22,Transfer,UPI,Android,Hyderabad,1408,8,2,20770.74,0,0.661,5,0,31775.35,10599.34680222324,0.7071067811865478,2,1.2358705726294126,3.305
T2737,U9878,49566.83,Withdrawal,Wallet,iOS,Delhi,695,13,2,25010.58,0,0.86,3,0,49566.83,,,1,1.0,2.58
T2738,U1103,27246.89,Withdrawal,Wallet,Web,Chennai,319,14,1,23216.59,0,0.695,2,0,23913.88,4713.587945525152,0.7071067811865477,2,1.139375542571929,1.39
T2739,U5030,48140.28,Payment,Wallet,iOS,Chennai,897,3,1,9667.46,0,0.78,6,0,48140.28,,,1,1.0,4.68
T2740,U2886,3826.47,Payment,NetBanking,Web,Bangalore,1780,7,3,17245.34,0,0.689,2,0,3826.47,,,1,1.0,1.378
T2741,U2045,18315.75,Payment,Card,Android,Mumbai,1200,14,1,8019.11,0,0.697,8,0,21619.14,4671.698939807658,-0.7071067811865476,2,0.8472006749574683,5.576
T2742,U8470,11307.79,Transfer,NetBanking,Web,Hyderabad,1782,21,2,17332.38,0,0.341,5,0,11307.79,,,1,1.0,1.705
T2743,U3321,9831.86,Withdrawal,Card,iOS,Mumbai,16,3,1,12837.44,1,0.966,2,0,16438.305,9342.924118071922,-0.7071067811865475,2,0.5981066782737028,1.932
T2744,U6902,7083.11,Withdrawal,Wallet,Android,Mumbai,1855,18,3,11246.7,0,0.639,6,0,20142.296666666665,22681.79125198522,-0.5757564083711273,3,0.3516535436458834,3.834
T2745,U8817,31139.56,Transfer,UPI,Android,Hyderabad,1076,2,3,5588.56,0,0.587,6,0,26084.555,7148.8566288638085,0.7071067811865476,2,1.1937930319301977,3.522
T2746,U8539,39077.03,Withdrawal,NetBanking,iOS,Chennai,797,7,2,16896.42,0,0.847,8,0,19485.22333333333,17047.365381106058,1.1492571566736445,3,2.005469956977655,6.776
T2747,U6123,28936.01,Withdrawal,UPI,iOS,Bangalore,1373,1,1,21906.55,0,0.421,6,0,19782.665,12944.784640079955,0.7071067811865474,2,1.4626952435377134,2.526
T2748,U7609,7390.79,Payment,Wallet,Android,Delhi,1186,21,3,17181.26,0,0.096,3,0,7390.79,,,1,1.0,0.288
T2749,U8074,40565.63,Transfer,Card,Web,Chennai,52,7,1,2169.88,0,0.24,8,0,40565.63,,,1,1.0,1.92
T2750,U1416,31815.94,Payment,UPI,Web,Bangalore,734,7,1,27737.38,0,0.808,2,0,31815.94,,,1,1.0,1.616
T2751,U5273,19438.88,Transfer,NetBanking,Web,Chennai,210,16,2,264.18,0,0.732,9,0,19438.88,,,1,1.0,6.588
T2752,U6688,33722.81,Payment,UPI,iOS,Hyderabad,904,15,2,26563.23,0,0.117,6,0,33722.81,,,1,1.0,0.7020000000000001
T2753,U8008,13032.25,Withdrawal,UPI,Android,Mumbai,676,15,1,23005.59,0,0.07,1,0,13032.25,,,1,1.0,0.07
T2754,U7699,17292.35,Transfer,NetBanking,Web,Hyderabad,1765,15,4,2987.06,0,0.622,4,0,9798.83,10597.437613914031,0.7071067811865476,2,1.7647361980971197,2.488
T2755,U5995,45878.42,Transfer,Card,Android,Delhi,1698,6,4,7173.28,0,0.939,1,1,45002.56,1238.6530907400995,0.7071067811865476,2,1.019462448358493,0.939
T2756,U8441,14560.7,Payment,NetBanking,Web,Hyderabad,557,14,0,10534.12,0,0.175,3,0,26674.15,17131.00527712837,-0.7071067811865475,2,0.5458730643713108,0.5249999999999999
T2757,U1027,23525.91,Transfer,Wallet,Android,Mumbai,235,16,0,27318.0,1,0.549,6,0,12650.7225,7693.0904095098,1.4136305335183188,4,1.8596495180413608,3.2940000000000005
T2758,U2779,44512.55,Withdrawal,Card,iOS,Chennai,1867,2,0,29399.79,0,0.812,3,0,44512.55,,,1,1.0,2.436
T2759,U7080,35400.68,Withdrawal,UPI,iOS,Bangalore,642,0,2,2706.33,0,0.529,5,0,35400.68,,,1,1.0,2.645
T2760,U9014,3157.05,Withdrawal,NetBanking,iOS,Delhi,1554,7,1,11968.27,0,0.351,8,0,3157.05,,,1,1.0,2.808
T2761,U9085,7407.79,Payment,Wallet,Web,Chennai,1372,6,3,4563.53,0,0.791,8,0,9903.49,3529.452787614533,-0.7071067811865475,2,0.7479979280031585,6.328
T2762,U5295,441.69,Transfer,NetBanking,iOS,Bangalore,1368,17,1,8425.25,0,0.771,9,0,9823.285,13267.578885691615,-0.7071067811865475,2,0.044963573794306,6.939
T2763,U2559,31564.54,Payment,Card,iOS,Mumbai,1214,22,1,29434.0,0,0.83,4,0,31564.54,,,1,1.0,3.32
T2764,U8287,22411.29,Withdrawal,Wallet,iOS,Hyderabad,1566,4,0,29534.34,1,0.945,5,0,12962.945,13361.977640980022,0.7071067811865476,2,1.7288733385816264,4.725
T2765,U9161,6757.03,Transfer,UPI,Android,Chennai,955,14,1,14216.92,0,0.151,4,0,12764.346666666666,8952.70264742627,-0.6710059412498923,3,0.529367477745303,0.604
T2766,U6511,47898.81,Withdrawal,Card,Android,Bangalore,1305,6,0,5575.85,0,0.341,7,0,47898.81,,,1,1.0,2.387
T2767,U4069,26506.5,Transfer,Wallet,Android,Bangalore,203,9,1,16455.86,0,0.986,9,0,26506.5,,,1,1.0,8.874
T2768,U4102,12132.57,Transfer,Card,Android,Hyderabad,547,15,3,9688.49,0,0.595,6,0,12132.57,,,1,1.0,3.57
T2769,U1086,25055.15,Payment,UPI,Android,Chennai,1973,22,4,27872.04,0,0.67,2,0,14204.8,10078.70064582236,1.076562384507123,3,1.763850951790944,1.34
T2770,U2186,33997.04,Transfer,Wallet,Android,Chennai,1830,1,4,24564.61,0,0.884,7,1,27433.396666666667,8074.145359481295,0.812921125531359,3,1.2392574063316255,6.188
T2771,U8695,3858.15,Withdrawal,NetBanking,Android,Mumbai,490,17,2,9334.34,0,0.691,3,0,3858.15,,,1,1.0,2.073
T2772,U9033,13771.46,Transfer,NetBanking,iOS,Chennai,1131,14,3,647.44,0,0.683,8,0,32288.18333333333,17826.041032518504,-1.0387456923023388,3,0.4265170281594247,5.464
T2773,U8484,40357.93,Withdrawal,UPI,iOS,Hyderabad,439,22,1,29941.65,0,0.105,3,0,40357.93,,,1,1.0,0.315
T2774,U8191,23010.26,Payment,Wallet,Web,Chennai,1545,18,3,20531.99,0,0.507,9,0,23010.26,,,1,1.0,4.563
T2775,U2990,27351.53,Withdrawal,UPI,iOS,Mumbai,1764,19,1,12829.25,0,0.673,1,0,32651.2,7494.865190101824,-0.7071067811865475,2,0.8376883544862057,0.673
T2776,U8760,21669.16,Transfer,UPI,Android,Bangalore,1360,13,3,8724.83,0,0.807,6,0,14358.18,10339.28707023845,0.7071067811865476,2,1.509185704594872,4.8420000000000005
T2777,U7749,2242.8,Withdrawal,Card,Android,Chennai,954,22,3,232.29,0,0.413,7,0,24774.640000000003,31864.8337132206,-0.7071067811865476,2,0.0905280561089888,2.891
T2778,U3411,8329.2,Withdrawal,NetBanking,Web,Hyderabad,920,1,4,4703.39,0,0.124,3,0,12659.76,4399.6345913723335,-0.9842999253829424,3,0.6579271644960094,0.372
T2779,U9831,22304.8,Transfer,UPI,iOS,Chennai,1818,17,3,275.55,0,0.366,6,0,34504.875,17253.511526968934,-0.7071067811865477,2,0.6464245994225454,2.196
T2780,U8378,10498.81,Withdrawal,Card,iOS,Delhi,1938,8,2,17967.77,0,0.43,3,0,10498.81,,,1,1.0,1.29
T2781,U5420,2546.45,Transfer,UPI,Web,Mumbai,1833,0,1,19933.96,0,0.751,9,0,19443.016666666663,16070.536606076144,-1.0514002787111794,3,0.1309699026471372,6.759
T2782,U1344,42190.3,Payment,UPI,Android,Bangalore,587,15,0,23027.2,0,0.02,6,0,42190.3,,,1,1.0,0.12
T2783,U4565,49060.57,Withdrawal,UPI,Android,Delhi,1860,11,3,5691.28,0,0.386,8,1,39166.07666666667,12795.676484458856,0.7732684821588611,3,1.2526291672649026,3.088
T2784,U3348,39667.49,Payment,NetBanking,Android,Hyderabad,1449,11,0,2969.53,0,0.448,4,0,39667.49,,,1,1.0,1.792
T2785,U3056,42696.56,Withdrawal,Wallet,Android,Chennai,120,18,4,19548.73,0,0.55,8,0,37615.165,7186.17772477483,0.7071067811865475,2,1.1350889993437487,4.4
T2786,U6546,12136.76,Withdrawal,NetBanking,Web,Mumbai,221,9,0,15046.83,0,0.97,5,1,7067.5650000000005,7168.924319313882,0.7071067811865475,2,1.7172477366674377,4.85
T2787,U8507,48033.32,Payment,Card,iOS,Chennai,1716,19,2,26283.01,0,0.741,8,0,31894.65,22823.5259926638,0.7071067811865475,2,1.5059992820112462,5.928
T2788,U2003,9886.44,Withdrawal,Wallet,Android,Chennai,860,4,2,16044.65,0,0.222,2,1,15407.375,7807.781153980304,-0.7071067811865474,2,0.6416693304342888,0.444
T2789,U6885,47573.92,Withdrawal,Card,iOS,Chennai,887,2,4,13400.15,0,0.634,3,1,44157.22,4831.943478560157,0.7071067811865465,2,1.077375794943613,1.902
T2790,U6793,49741.22,Payment,UPI,iOS,Chennai,996,8,2,14692.03,0,0.346,4,0,49741.22,,,1,1.0,1.384
T2791,U9357,35600.55,Withdrawal,Wallet,Android,Mumbai,1005,20,1,23491.42,0,0.811,1,0,37230.84,8954.37339551462,-0.1820663409922832,3,0.9562113022429792,0.811
T2792,U9040,49058.13,Transfer,Card,Android,Delhi,580,22,2,647.33,0,0.171,5,0,49058.13,,,1,1.0,0.8550000000000001
T2793,U4837,28498.51,Withdrawal,UPI,Android,Hyderabad,1063,14,3,27554.52,0,0.145,3,0,29743.52,1760.710027290129,-0.707106781186546,2,0.9581418070221682,0.4349999999999999
T2794,U6186,13014.11,Withdrawal,Card,iOS,Delhi,1300,13,2,21454.25,0,0.101,7,0,23429.88333333333,14458.847969552531,-0.7203736670630251,3,0.5554492019806615,0.7070000000000001
T2795,U7000,21877.94,Withdrawal,Card,Web,Mumbai,1920,10,1,26570.16,0,0.544,2,0,21877.94,,,1,1.0,1.088
T2796,U5603,29698.37,Payment,NetBanking,Android,Hyderabad,675,12,4,28792.01,0,0.123,1,0,22910.41,18043.97976425378,0.3761897368920441,3,1.2962827814953988,0.123
T2797,U5865,3700.42,Transfer,UPI,iOS,Bangalore,359,6,2,6857.51,0,0.042,2,0,3700.42,,,1,1.0,0.084
T2798,U9336,31136.05,Transfer,NetBanking,iOS,Delhi,1547,1,1,17392.39,1,0.332,3,0,31136.05,,,1,1.0,0.996
T2799,U6867,49059.83,Withdrawal,Wallet,Android,Mumbai,939,2,3,14632.71,0,0.798,5,0,36614.41333333334,16957.69701406513,0.7339096020140077,3,1.3399048498569417,3.99
T2800,U7668,9545.88,Payment,UPI,Web,Mumbai,690,19,0,16174.81,0,0.156,6,0,23561.13,19820.55663004952,-0.7071067811865475,2,0.4051537426260965,0.936
T2801,U7178,39640.13,Payment,NetBanking,Android,Mumbai,1247,7,0,1513.95,0,0.358,8,0,39640.13,,,1,1.0,2.864
T2802,U8011,45399.54,Transfer,NetBanking,Android,Hyderabad,260,0,4,27428.17,1,0.436,4,0,35276.36,14316.338450344068,0.7071067811865476,2,1.2869678164073617,1.744
T2803,U8908,47187.89,Payment,Wallet,Web,Chennai,1576,20,4,28645.06,0,0.876,4,1,29435.1,25106.23638796146,0.7071067811865475,2,1.6031163474899015,3.504
T2804,U6316,48008.77,Withdrawal,Card,Android,Bangalore,328,3,0,20585.22,0,0.476,2,0,48008.77,,,1,1.0,0.952
T2805,U3485,26096.91,Withdrawal,Card,Android,Hyderabad,1216,12,0,7822.5,1,0.512,3,0,26096.91,,,1,1.0,1.536
T2806,U5360,48866.53,Payment,Card,Web,Hyderabad,894,23,4,23637.47,0,0.255,3,0,34696.02,24763.714019853724,0.5722287855787355,3,1.4084188906969737,0.765
T2807,U5542,37877.64,Withdrawal,Wallet,iOS,Delhi,198,13,0,21952.31,1,0.669,2,0,37877.64,,,1,1.0,1.338
T2808,U3773,8125.49,Transfer,NetBanking,iOS,Bangalore,734,8,2,17280.25,0,0.026,1,0,8125.49,,,1,1.0,0.026
T2809,U7693,23871.16,Withdrawal,UPI,iOS,Mumbai,1160,2,1,5190.16,0,0.964,2,0,23871.16,,,1,1.0,1.928
T2810,U7581,35930.64,Payment,Wallet,iOS,Hyderabad,1837,13,4,6115.25,0,0.498,5,0,35930.64,,,1,1.0,2.49
T2811,U7845,12404.65,Transfer,Card,iOS,Bangalore,1329,3,1,17723.21,1,0.062,8,0,25468.298000000003,11456.654571142051,-1.1402672498222803,5,0.4870623863439951,0.496
T2812,U8596,32048.73,Withdrawal,Card,Android,Delhi,1056,16,3,3951.86,0,0.559,5,0,32048.73,,,1,1.0,2.7950000000000004
T2813,U1207,33346.69,Transfer,UPI,Web,Chennai,1955,14,3,21745.5,0,0.514,3,0,21237.89,17124.429184063334,0.7071067811865477,2,1.5701508012330794,1.542
T2814,U6230,8176.85,Payment,Wallet,iOS,Bangalore,1563,11,2,6456.74,0,0.241,7,0,8176.85,,,1,1.0,1.6869999999999998
T2815,U8007,28276.01,Withdrawal,Card,Web,Mumbai,88,13,3,27323.35,0,0.209,4,0,22311.195,8435.522270046473,0.7071067811865474,2,1.2673462806452096,0.836
T2816,U9713,38592.76,Withdrawal,Wallet,iOS,Hyderabad,555,18,4,27001.78,0,0.271,7,0,38592.76,,,1,1.0,1.897
T2817,U5675,24969.84,Transfer,NetBanking,Android,Chennai,1503,9,2,8878.76,0,0.13,8,0,24969.84,,,1,1.0,1.04
T2818,U5736,654.55,Withdrawal,Wallet,iOS,Delhi,933,4,2,2593.27,0,0.531,3,0,7279.87,9369.617399061715,-0.7071067811865474,2,0.0899123198628547,1.593
T2819,U7745,501.47,Withdrawal,NetBanking,iOS,Mumbai,628,23,4,18381.33,0,0.879,1,0,5395.089999999999,6920.623773100225,-0.7071067811865475,2,0.0929493298536261,0.879
T2820,U9278,17883.62,Withdrawal,UPI,Web,Chennai,314,16,0,13507.59,0,0.923,8,0,17883.62,,,1,1.0,7.384
T2821,U5285,46313.39,Withdrawal,NetBanking,Web,Delhi,1481,16,1,4396.9,0,0.953,6,0,46313.39,,,1,1.0,5.718
T2822,U7431,11472.41,Payment,NetBanking,Android,Mumbai,208,2,4,15991.3,0,0.6,3,0,13255.38,2521.500355304357,-0.707106781186548,2,0.8654908422089747,1.7999999999999998
T2823,U7114,31736.47,Withdrawal,UPI,Web,Hyderabad,1224,15,0,29782.45,0,0.622,9,1,26564.99333333333,4901.117725033071,1.0551627112021216,3,1.194672613005236,5.598
T2824,U3523,11142.69,Transfer,Card,Web,Delhi,1265,8,0,2162.59,0,0.311,1,0,14432.23,4652.112081968792,-0.7071067811865471,2,0.7720698741635909,0.311
T2825,U2332,16117.42,Payment,UPI,Web,Chennai,1607,16,3,7990.47,0,0.885,8,0,17139.303333333333,14266.849145863756,-0.071626420303855,3,0.9403777788712144,7.08
T2826,U6414,42409.7,Transfer,Wallet,Android,Mumbai,563,19,2,16204.57,0,0.488,9,0,42409.7,,,1,1.0,4.392
T2827,U2071,36456.63,Transfer,UPI,Android,Bangalore,1057,11,2,23821.5,0,0.279,1,0,32511.72,5578.945224341245,0.707106781186547,2,1.1213380897719345,0.279
T2828,U8013,4815.19,Transfer,Wallet,Android,Mumbai,1708,23,3,660.96,0,0.966,9,0,4815.19,,,1,1.0,8.693999999999999
T2829,U3067,21463.67,Payment,Card,Web,Chennai,1494,1,3,22009.52,0,0.705,5,0,21463.67,,,1,1.0,3.525
T2830,U6346,1507.03,Payment,Wallet,Web,Chennai,192,19,2,4282.52,0,0.465,5,0,1507.03,,,1,1.0,2.325
T2831,U9504,24070.46,Payment,UPI,Android,Bangalore,1466,15,4,24937.32,0,0.069,5,0,24070.46,,,1,1.0,0.345
T2832,U9073,33138.58,Withdrawal,UPI,Web,Chennai,1878,22,4,20796.06,0,0.14,1,0,33138.58,,,1,1.0,0.14
T2833,U6406,5969.21,Transfer,Card,Web,Mumbai,616,22,4,13749.69,0,0.196,5,0,14292.505,11770.91667263217,-0.7071067811865475,2,0.417646171892191,0.98
T2834,U1865,14479.8,Payment,UPI,iOS,Delhi,1988,20,4,24665.34,0,0.903,6,0,14479.8,,,1,1.0,5.418
T2835,U5917,19921.94,Transfer,Card,Android,Mumbai,92,22,3,22018.16,0,0.972,5,0,10902.134999999998,12755.930560960654,0.7071067811865476,2,1.8273429929091871,4.859999999999999
T2836,U8608,45980.57,Payment,Card,Android,Chennai,102,5,1,22799.6,0,0.267,6,0,43507.46,3497.505703240526,0.7071067811865475,2,1.0568433551395553,1.602
T2837,U6355,49663.09,Payment,UPI,Web,Bangalore,1311,1,1,8773.2,0,0.498,9,0,49663.09,,,1,1.0,4.482
T2838,U1774,2293.32,Payment,NetBanking,Web,Bangalore,626,8,2,18620.62,0,0.792,7,0,2293.32,,,1,1.0,5.5440000000000005
T2839,U6812,38062.35,Transfer,Wallet,iOS,Hyderabad,1118,4,1,4319.07,1,0.385,5,0,38062.35,,,1,1.0,1.925
T2840,U5061,18617.62,Withdrawal,NetBanking,Android,Bangalore,582,17,4,24643.74,0,0.492,9,0,18617.62,,,1,1.0,4.428
T2841,U4166,19653.29,Payment,Card,Android,Bangalore,1241,21,3,15849.59,1,0.888,5,0,25859.76,8777.27404846174,-0.7071067811865479,2,0.7599950656927984,4.44
T2842,U5800,37725.54,Payment,Wallet,Web,Chennai,1703,20,4,24764.02,0,0.208,5,0,37725.54,,,1,1.0,1.04
T2843,U5755,45925.4,Payment,NetBanking,Android,Delhi,590,17,0,6413.59,0,0.994,6,0,33548.166666666664,12202.733437428413,1.0143000661941608,3,1.3689391869401708,5.964
T2844,U8016,47548.88,Withdrawal,UPI,Web,Delhi,1010,9,3,3997.21,0,0.456,8,0,31242.56,14242.87995883206,1.144875197090206,3,1.521926500261182,3.648
T2845,U2845,28877.27,Transfer,NetBanking,iOS,Chennai,1477,9,0,20700.17,1,0.258,1,0,28877.27,,,1,1.0,0.258
T2846,U3529,17888.2,Transfer,Wallet,Web,Bangalore,783,22,0,1846.09,0,0.892,9,0,17888.2,,,1,1.0,8.028
T2847,U9514,39388.08,Transfer,Wallet,iOS,Mumbai,862,9,2,7395.18,0,0.077,8,0,28757.99,15033.217447246614,0.7071067811865476,2,1.3696395332218976,0.616
T2848,U4814,12587.52,Transfer,Wallet,Web,Delhi,1779,17,0,27270.54,0,0.642,7,0,12587.52,,,1,1.0,4.494
T2849,U4071,28225.5,Payment,Wallet,iOS,Chennai,1403,15,1,4069.46,0,0.062,5,0,28225.5,,,1,1.0,0.31
T2850,U2271,17960.99,Withdrawal,NetBanking,iOS,Mumbai,660,22,1,11329.12,1,0.946,1,0,17960.99,,,1,1.0,0.946
T2851,U5657,32848.72,Payment,UPI,Android,Bangalore,801,5,0,28372.93,0,0.64,7,0,32848.72,,,1,1.0,4.48
T2852,U8103,12057.93,Withdrawal,UPI,Web,Chennai,485,11,2,698.1,0,0.398,9,0,12057.93,,,1,1.0,3.5820000000000003
T2853,U5074,9620.07,Transfer,Wallet,Android,Delhi,513,3,0,13414.92,1,0.424,3,0,10272.085,922.0884558706948,-0.707106781186546,2,0.936525544716579,1.272
T2854,U7891,45916.04,Withdrawal,UPI,Android,Mumbai,1880,19,3,23615.13,0,0.165,8,0,45916.04,,,1,1.0,1.32
T2855,U1086,5135.09,Payment,NetBanking,Web,Mumbai,240,15,3,27278.51,0,0.36,3,0,14204.8,10078.70064582236,-0.8998888168942109,3,0.3615038578508673,1.08
T2856,U3993,25322.6,Payment,UPI,Android,Delhi,887,21,3,22093.75,0,0.904,3,1,25322.6,,,1,1.0,2.712
T2857,U6435,11081.6,Transfer,Card,Android,Mumbai,1393,21,3,26662.91,0,0.805,7,0,28555.623333333333,15618.817957977271,-1.1187801394668613,3,0.388070674229139,5.635000000000001
T2858,U9436,1994.55,Payment,UPI,Android,Delhi,1596,21,0,1127.61,0,0.661,6,1,1994.55,,,1,1.0,3.966
T2859,U1978,1849.14,Payment,Wallet,Web,Chennai,1784,10,4,3086.3,0,0.968,5,0,1849.14,,,1,1.0,4.84
T2860,U1605,8802.33,Withdrawal,UPI,Android,Hyderabad,1052,0,4,22158.02,0,0.573,7,0,8802.33,,,1,1.0,4.010999999999999
T2861,U3178,43345.18,Payment,UPI,Android,Bangalore,699,4,3,22624.51,0,0.176,9,0,36941.73,9055.845835977994,0.7071067811865481,2,1.1733392020352054,1.584
T2862,U5303,14159.81,Transfer,UPI,Android,Chennai,218,16,2,18197.62,0,0.714,1,0,14159.81,,,1,1.0,0.714
T2863,U8118,47525.44,Transfer,UPI,Web,Bangalore,1932,10,2,21935.27,0,0.592,1,0,47525.44,,,1,1.0,0.592
T2864,U5496,29102.03,Payment,Card,iOS,Bangalore,140,13,0,25755.79,0,0.437,5,0,29102.03,,,1,1.0,2.185
T2865,U6057,21858.88,Transfer,NetBanking,iOS,Delhi,752,8,4,16409.93,0,0.147,8,0,21858.88,,,1,1.0,1.176
T2866,U9787,29025.44,Withdrawal,Wallet,iOS,Hyderabad,393,9,0,28425.0,0,0.678,7,0,22840.815,8746.380553191702,0.7071067811865476,2,1.2707707671552,4.746
T2867,U8288,25859.08,Withdrawal,Wallet,iOS,Bangalore,1125,3,1,20857.71,0,0.444,7,0,25859.08,,,1,1.0,3.108
T2868,U2990,37950.87,Payment,UPI,Android,Bangalore,1576,1,3,14212.26,0,0.579,3,0,32651.2,7494.865190101824,0.7071067811865475,2,1.1623116455137943,1.737
T2869,U2563,14160.68,Payment,NetBanking,Web,Chennai,371,5,1,12703.39,0,0.315,9,0,22674.905,12040.932468096064,-0.7071067811865474,2,0.6245089009193203,2.835
T2870,U9493,17684.87,Withdrawal,UPI,Android,Hyderabad,770,2,1,22529.99,0,0.156,5,0,19960.243333333336,7475.538587756292,-0.3043758394960365,3,0.8860047297352586,0.78
T2871,U8857,44710.01,Transfer,Card,Web,Hyderabad,1157,12,2,18951.03,0,0.36,3,0,44710.01,,,1,1.0,1.08
T2872,U8569,47325.5,Payment,NetBanking,Android,Bangalore,1914,11,4,24541.56,0,0.852,6,0,36682.835,15051.001182793458,0.7071067811865475,2,1.2901265673713604,5.112
T2873,U4198,44633.28,Payment,NetBanking,iOS,Hyderabad,952,17,3,23451.49,0,0.16,8,0,29776.45,14515.79466739248,1.023494086298534,3,1.4989456432852135,1.28
T2874,U2527,21001.43,Transfer,NetBanking,iOS,Chennai,657,5,0,15773.66,0,0.471,8,0,21001.43,,,1,1.0,3.768
T2875,U6039,39029.26,Payment,NetBanking,Web,Delhi,1306,9,3,28376.48,1,0.298,4,0,38793.16,333.89582207628825,0.7071067811865421,2,1.0060861244611163,1.192
T2876,U6767,23842.97,Transfer,UPI,Android,Bangalore,364,5,0,21157.29,0,0.962,4,0,23842.97,,,1,1.0,3.848
T2877,U1917,24902.12,Transfer,Card,iOS,Mumbai,109,4,0,6105.1,0,0.085,9,0,29014.156666666662,16804.00907561149,-0.2447056918479456,3,0.858274816879622,0.765
T2878,U6445,10273.77,Transfer,NetBanking,Web,Bangalore,740,14,4,18592.77,0,0.245,2,0,10273.77,,,1,1.0,0.49
T2879,U2077,29576.96,Transfer,Wallet,Android,Bangalore,1649,14,1,6134.21,0,0.45,9,0,29576.96,,,1,1.0,4.05
T2880,U3365,9347.49,Transfer,Wallet,Web,Delhi,310,11,0,16809.59,0,0.247,8,0,9347.49,,,1,1.0,1.976
T2881,U8037,16611.66,Withdrawal,Card,Android,Mumbai,618,8,4,23719.04,0,0.707,3,0,32336.13,12084.741189198052,-1.3011838444711847,5,0.513718246432087,2.121
T2882,U6590,42758.76,Transfer,Wallet,Android,Mumbai,1861,12,1,24393.91,0,0.371,2,1,22222.02333333333,18349.02047018405,1.1192279555215228,3,1.92416142124472,0.742
T2883,U4320,10393.44,Withdrawal,UPI,Android,Mumbai,891,15,1,19559.67,0,0.781,2,0,10393.44,,,1,1.0,1.562
T2884,U7656,3604.36,Transfer,UPI,Web,Delhi,212,20,3,23520.85,0,0.551,1,0,3604.36,,,1,1.0,0.551
T2885,U4431,3496.93,Payment,Card,Web,Hyderabad,1054,1,3,14219.85,0,0.427,9,0,10485.54,9883.387044136236,-0.7071067811865476,2,0.3335002298403324,3.843
T2886,U7507,47042.19,Withdrawal,NetBanking,Android,Mumbai,1231,16,3,16564.61,0,0.365,1,0,41102.72,8140.877631490355,0.7295859572959407,3,1.144503088846675,0.365
T2887,U3379,25370.68,Payment,Wallet,iOS,Hyderabad,121,8,2,26400.25,0,0.222,2,0,25701.585,467.9703388570687,-0.7071067811865456,2,0.9871251131010014,0.444
T2888,U6746,20500.13,Transfer,Wallet,Android,Chennai,1182,22,1,14843.11,0,0.253,7,0,20500.13,,,1,1.0,1.771
T2889,U8710,40553.39,Transfer,Card,Web,Delhi,390,18,2,10592.78,0,0.176,5,0,31331.0475,18405.786278194104,0.5010566981822444,4,1.2943515533593315,0.8799999999999999
T2890,U7963,41799.51,Payment,Card,Android,Hyderabad,764,5,3,23930.08,0,0.852,1,0,32870.39666666667,15566.53136346159,0.5736096966529178,3,1.2716460474718945,0.852
T2891,U8517,16642.94,Transfer,Wallet,Web,Mumbai,963,3,4,1609.16,0,0.548,4,0,16642.94,,,1,1.0,2.192
T2892,U5973,34696.22,Payment,NetBanking,Android,Mumbai,1216,14,3,28754.87,0,0.483,6,0,34696.22,,,1,1.0,2.898
T2893,U8501,38567.58,Transfer,Card,Android,Hyderabad,805,17,0,10267.95,0,0.322,8,0,34716.54,5446.192997241285,0.7071067811865475,2,1.1109281051625537,2.576
T2894,U1343,32749.8,Transfer,UPI,iOS,Hyderabad,346,11,4,18925.52,0,0.517,2,0,24151.2475,12200.938949117464,0.7047451459153445,4,1.3560293314041023,1.034
T2895,U5793,7622.17,Withdrawal,Wallet,iOS,Chennai,1371,11,4,20595.11,0,0.883,3,0,7622.17,,,1,1.0,2.649
T2896,U2063,43800.36,Payment,Card,Web,Delhi,1847,19,1,4198.64,0,0.856,7,0,43800.36,,,1,1.0,5.992
T2897,U1607,26977.77,Transfer,Card,Android,Bangalore,1333,16,2,24703.52,0,0.599,1,0,16793.156666666666,8822.395232006631,1.154404565370721,3,1.6064740260268715,0.599
T2898,U9367,14159.5,Payment,Card,Web,Chennai,1634,6,0,17206.18,1,0.53,7,0,14159.5,,,1,1.0,3.71
T2899,U6550,21290.15,Withdrawal,Wallet,Android,Chennai,231,19,4,9905.07,0,0.226,1,0,21126.985,230.75015590460728,0.7071067811865476,2,1.007723061288679,0.226
T2900,U3447,1926.68,Payment,UPI,Android,Chennai,1021,4,2,25535.51,0,0.693,8,0,20263.353333333333,16012.66669024661,-1.1451355160288377,3,0.0950819920230379,5.544
T2901,U9460,6436.95,Withdrawal,UPI,Android,Mumbai,769,11,2,18789.9,0,0.853,6,0,19307.61,18597.493339724573,-0.6920642349422459,3,0.3333892698267677,5.118
T2902,U6310,38289.06,Payment,Wallet,iOS,Hyderabad,1442,16,0,23594.77,0,0.306,7,0,38289.06,,,1,1.0,2.142
T2903,U7514,50.58,Payment,Card,Web,Delhi,698,1,0,29770.06,0,0.436,2,0,50.58,,,1,1.0,0.872
T2904,U3615,20857.46,Withdrawal,Wallet,Android,Mumbai,127,3,3,3995.26,1,0.107,6,0,20857.46,,,1,1.0,0.642
T2905,U1728,26149.38,Transfer,Wallet,Android,Chennai,183,1,3,22512.93,0,0.858,5,0,16370.76,13829.057025292794,0.7071067811865477,2,1.5973222990258242,4.29
T2906,U9424,2778.99,Transfer,Card,Web,Delhi,1252,13,4,22754.36,0,0.098,3,0,18095.795,21661.233363224037,-0.7071067811865475,2,0.1535710368071698,0.294
T2907,U6636,48655.25,Transfer,Wallet,Web,Mumbai,1409,13,4,26253.22,0,0.704,9,0,43268.26666666667,5584.365774269568,0.9646544569401786,3,1.12450194445814,6.335999999999999
T2908,U5829,11344.96,Payment,NetBanking,Android,Bangalore,1763,12,4,12301.16,0,0.187,5,0,18233.32,9741.612134508334,-0.7071067811865476,2,0.6222103270276614,0.935
T2909,U9882,15244.73,Payment,UPI,iOS,Chennai,328,16,3,26102.57,0,0.734,8,0,17929.539999999997,17716.68010153426,-0.1515413714428073,3,0.8502577310962803,5.872
T2910,U9746,15231.93,Transfer,NetBanking,iOS,Mumbai,1622,16,4,19232.51,0,0.643,4,0,16887.515,2341.3507606614594,-0.7071067811865475,2,0.9019639656870772,2.572
T2911,U8424,11559.31,Payment,NetBanking,Android,Mumbai,1121,21,4,2156.29,0,0.69,6,0,11559.31,,,1,1.0,4.14
T2912,U1803,123.62,Payment,NetBanking,iOS,Chennai,1941,17,3,1042.35,0,0.636,4,0,123.62,,,1,1.0,2.544
T2913,U9676,36480.77,Transfer,Wallet,Web,Bangalore,1111,2,3,14496.41,0,0.397,4,1,36480.77,,,1,1.0,1.588
T2914,U5906,48343.93,Withdrawal,Card,iOS,Hyderabad,450,20,4,23596.38,0,0.62,9,0,48343.93,,,1,1.0,5.58
T2915,U6563,11253.46,Payment,Wallet,Web,Bangalore,1234,15,4,11588.52,0,0.235,5,0,11253.46,,,1,1.0,1.1749999999999998
T2916,U9348,33169.21,Payment,UPI,Web,Chennai,1609,18,2,25569.78,1,0.274,1,0,21096.395,17073.538709021337,0.7071067811865475,2,1.57226910095303,0.274
T2917,U9692,37107.72,Payment,Wallet,Web,Hyderabad,424,5,1,14814.45,0,0.065,7,0,34841.270000000004,3205.2443284405,0.7071067811865469,2,1.0650507286330262,0.455
T2918,U5299,42428.85,Payment,Wallet,Web,Mumbai,1037,22,3,886.03,0,0.613,3,0,32594.680000000004,12213.716988177675,0.8051742159670986,3,1.3017108926978265,1.839
T2919,U9733,21160.33,Withdrawal,Wallet,iOS,Bangalore,959,5,1,29212.59,0,0.841,3,0,21160.33,,,1,1.0,2.523
T2920,U3013,15181.4,Transfer,Wallet,Web,Bangalore,92,17,3,14739.39,0,0.378,6,0,15181.4,,,1,1.0,2.268
T2921,U8003,16298.49,Payment,NetBanking,Android,Hyderabad,1738,8,2,19539.07,0,0.209,3,0,22753.97,9129.427367628268,-0.7071067811865476,2,0.7162921459420049,0.627
T2922,U3429,35645.44,Transfer,Card,Web,Mumbai,998,17,1,6058.75,0,0.824,1,0,26612.77,8108.171910665191,1.1140205337924274,3,1.3394111172944418,0.824
T2923,U3948,40848.13,Payment,UPI,Android,Bangalore,502,5,2,8990.19,0,0.644,6,0,40848.13,,,1,1.0,3.864
T2924,U7399,9121.62,Withdrawal,UPI,Web,Hyderabad,15,8,0,14580.11,0,0.894,7,0,27196.94,25562.36268823365,-0.7071067811865475,2,0.3353914080039887,6.258
T2925,U8047,18578.5,Transfer,UPI,Web,Bangalore,714,17,1,25700.06,0,0.006,5,0,17530.023333333334,16152.536804490906,0.0649109597679515,3,1.0598103406213375,0.03
T2926,U6678,45101.91,Withdrawal,Wallet,iOS,Mumbai,1762,15,1,3148.43,0,0.401,1,0,37077.57,11348.130457092924,0.7071067811865477,2,1.2164203317531328,0.401
T2927,U2324,40344.34,Payment,UPI,Web,Mumbai,356,23,1,23432.16,0,0.901,2,0,22342.78,25458.05029587301,0.7071067811865475,2,1.805699201263227,1.802
T2928,U7855,49243.68,Withdrawal,NetBanking,Web,Delhi,543,22,0,17422.59,0,0.675,2,0,49243.68,,,1,1.0,1.35
T2929,U4729,37724.7,Withdrawal,Card,iOS,Hyderabad,666,12,0,15039.99,0,0.469,8,0,43657.805,8390.677557983627,-0.7071067811865476,2,0.8640997869682179,3.752
T2930,U1699,19690.1,Payment,Wallet,iOS,Chennai,964,10,2,26309.98,0,0.415,8,0,33419.22,19415.90770344771,-0.7071067811865476,2,0.5891849061707604,3.32
T2931,U3108,29552.36,Payment,Wallet,Android,Bangalore,1830,7,0,3631.79,0,0.895,8,1,36128.880000000005,9300.60377721791,-0.7071067811865478,2,0.8179705543044787,7.16
T2932,U9373,33067.66,Transfer,NetBanking,iOS,Mumbai,460,23,3,29723.55,0,0.832,2,0,29896.38,4484.8671860825525,0.7071067811865475,2,1.1060757188662975,1.664
T2933,U9280,3968.87,Payment,UPI,Android,Bangalore,1178,16,4,25653.54,0,0.012,5,0,3968.87,,,1,1.0,0.06
T2934,U6438,27247.62,Transfer,Wallet,Web,Bangalore,1035,8,1,9839.53,1,0.121,5,0,21749.045,7776.159338725642,0.7071067811865476,2,1.2528191467717318,0.605
T2935,U7049,35480.58,Withdrawal,Wallet,Android,Chennai,1321,5,2,13602.14,0,0.512,4,0,23604.122,13026.409964106382,0.911721497536542,5,1.5031518647463356,2.048
T2936,U4406,8407.7,Withdrawal,NetBanking,iOS,Mumbai,927,0,2,847.6,0,0.115,8,0,20198.46,11702.451372713896,-1.0075461648567074,4,0.4162545065316861,0.92
T2937,U8672,39042.55,Transfer,NetBanking,Web,Delhi,1904,0,2,15875.39,0,0.275,8,0,27198.55,11181.913358204847,1.0592104965032072,3,1.4354643905649382,2.2
T2938,U8003,29209.45,Payment,UPI,Android,Hyderabad,1258,12,2,16476.82,0,0.835,9,0,22753.97,9129.427367628268,0.7071067811865475,2,1.2837078540579951,7.515
T2939,U6524,47613.48,Payment,Card,Android,Bangalore,963,6,1,27804.61,0,0.386,4,0,30416.49,24213.650990693248,0.7102187937956912,3,1.5653837770235817,1.544
T2940,U8951,2168.99,Withdrawal,Card,Android,Chennai,1470,9,2,11698.98,0,0.451,1,0,15514.083333333334,18524.15581205884,-0.7204157354715165,3,0.1398078090337274,0.451
T2941,U4694,13303.04,Transfer,UPI,Web,Chennai,223,17,1,17161.48,0,0.174,9,0,8436.275000000001,6882.645067882697,0.7071067811865474,2,1.5768855330107183,1.5659999999999998
T2942,U9048,30097.62,Withdrawal,Card,Android,Hyderabad,1976,5,2,22244.46,0,0.602,1,0,30097.62,,,1,1.0,0.602
T2943,U3855,14863.17,Withdrawal,NetBanking,Android,Hyderabad,909,12,2,18294.64,0,0.12,4,0,14863.17,,,1,1.0,0.48
T2944,U5790,35735.49,Payment,NetBanking,iOS,Mumbai,1199,4,4,4769.6,0,0.63,1,0,35735.49,,,1,1.0,0.63
T2945,U9572,37962.31,Transfer,NetBanking,Android,Bangalore,382,20,3,5237.28,0,0.747,3,0,37962.31,,,1,1.0,2.241
T2946,U2829,5170.67,Withdrawal,Card,Web,Bangalore,662,14,0,4236.35,0,0.874,3,1,19634.046,16543.065443542502,-0.8742863315967658,5,0.2633522402871013,2.622
T2947,U8808,25717.03,Payment,Card,iOS,Hyderabad,1862,11,0,6610.1,0,0.582,7,0,20015.25333333333,10073.020260102396,0.5660443957658344,3,1.284871571281636,4.074
T2948,U2284,25469.08,Withdrawal,Wallet,Web,Delhi,516,21,0,9917.06,0,0.332,3,0,25469.08,,,1,1.0,0.996
T2949,U4076,18495.57,Withdrawal,Wallet,iOS,Bangalore,992,10,3,22216.06,0,0.852,6,0,18495.57,,,1,1.0,5.112
T2950,U8631,46649.6,Payment,Wallet,iOS,Chennai,585,7,1,1921.68,0,0.597,4,0,46649.6,,,1,1.0,2.388
T2951,U4790,41383.94,Payment,Card,Android,Hyderabad,342,4,0,24631.3,0,0.358,6,0,30653.415,15175.253986383555,0.7071067811865476,2,1.3500596915547582,2.148
T2952,U8777,34875.61,Transfer,Wallet,Web,Bangalore,221,7,0,7947.63,0,0.323,9,0,21525.26,18880.24603242765,0.7071067811865474,2,1.6202178277985957,2.907
T2953,U4296,35730.62,Withdrawal,NetBanking,Android,Mumbai,298,4,0,18441.37,0,0.321,7,0,28075.070000000003,9413.500773617645,0.813252177283026,3,1.2726814216313618,2.247
T2954,U6412,23112.72,Transfer,Card,iOS,Hyderabad,619,9,1,16627.77,0,0.056,1,0,23112.72,,,1,1.0,0.056
T2955,U7439,46053.68,Payment,UPI,Android,Chennai,175,14,3,4705.26,0,0.101,8,0,46053.68,,,1,1.0,0.808
T2956,U2613,34745.04,Payment,Card,iOS,Mumbai,135,5,3,8690.19,0,0.09,4,0,34745.04,,,1,1.0,0.36
T2957,U5280,36462.6,Withdrawal,Wallet,iOS,Hyderabad,1190,23,1,8948.04,0,0.312,8,0,27167.3825,16741.53858142151,0.5552188321756236,4,1.3421462299505666,2.496
T2958,U1191,43091.46,Transfer,Card,Web,Hyderabad,1795,17,4,18752.53,0,0.474,3,0,33861.335,13053.367957398965,0.7071067811865475,2,1.2725859745340815,1.422
T2959,U7432,13739.88,Transfer,Wallet,Web,Bangalore,1606,22,2,23676.16,1,0.148,5,0,28588.205,20998.702593523485,-0.7071067811865476,2,0.4806135957119378,0.74
T2960,U8346,40363.19,Withdrawal,Wallet,Web,Mumbai,1065,2,1,29889.03,0,0.828,3,0,40363.19,,,1,1.0,2.484
T2961,U8755,9802.27,Withdrawal,UPI,Web,Hyderabad,1940,8,2,2967.33,0,0.066,3,0,16971.656666666666,6209.743776858536,-1.1545382425252988,3,0.577567069174351,0.198
T2962,U6867,17299.83,Transfer,UPI,Android,Chennai,283,9,3,28166.14,0,0.945,3,0,36614.41333333334,16957.69701406513,-1.138986226567991,3,0.4724868822150548,2.835
T2963,U9231,16813.74,Payment,NetBanking,Web,Mumbai,1334,6,2,16889.63,0,0.074,4,0,20961.805,5866.249780605151,-0.7071067811865476,2,0.8021131767994217,0.296
T2964,U5846,48927.35,Payment,Wallet,Web,Bangalore,1054,18,0,10767.36,0,0.895,3,0,45738.725,4509.39672032191,0.7071067811865476,2,1.0697139021693325,2.685
T2965,U8024,42834.03,Withdrawal,Card,Web,Delhi,1557,23,2,8608.79,0,0.261,2,0,42834.03,,,1,1.0,0.522
T2966,U3113,35073.43,Transfer,UPI,iOS,Hyderabad,1789,1,2,6350.31,0,0.987,6,0,29072.65,8486.384460817224,0.7071067811865471,2,1.206406364744872,5.922
T2967,U3101,36366.49,Transfer,UPI,iOS,Delhi,624,7,3,16756.53,0,0.521,1,0,23875.7975,10737.603262871327,1.1632663448453653,4,1.5231528915421568,0.521
T2968,U9815,28125.54,Transfer,Wallet,Web,Hyderabad,285,6,4,28385.91,0,0.018,5,0,28125.54,,,1,1.0,0.09
T2969,U1033,47357.18,Payment,Card,iOS,Bangalore,1040,4,2,5546.46,0,0.283,6,0,22386.5,22072.820065585187,1.1312863479068092,3,2.1154347486208205,1.698
T2970,U8983,24838.12,Payment,UPI,iOS,Bangalore,1892,3,3,13141.39,0,0.94,1,0,25395.14,787.7452385130621,-0.7071067811865475,2,0.9780658818970874,0.94
T2971,U3553,19056.86,Transfer,UPI,Android,Bangalore,1025,10,0,6195.06,0,0.3,1,0,11631.925,10500.443776738675,0.7071067811865476,2,1.6383238371980564,0.3
T2972,U7691,8193.62,Transfer,Card,iOS,Bangalore,1488,9,2,5351.35,0,0.36,7,0,16418.675,11631.984332264636,-0.7071067811865475,2,0.4990427059430801,2.52
T2973,U2697,39320.97,Withdrawal,UPI,Android,Mumbai,1163,0,2,26015.58,0,0.044,6,0,33289.6075,6564.653661808188,0.9187632449049424,4,1.1811785404799382,0.264
T2974,U1712,36735.47,Withdrawal,Card,iOS,Mumbai,1332,3,0,7932.68,0,0.253,9,0,24707.865,17009.60211386645,0.7071067811865475,2,1.4867925658489716,2.277
T2975,U1328,19248.53,Transfer,Wallet,Web,Hyderabad,106,21,1,7514.36,0,0.259,4,0,19248.53,,,1,1.0,1.036
T2976,U7107,1308.41,Transfer,UPI,iOS,Mumbai,286,5,4,27302.79,0,0.716,3,0,1308.41,,,1,1.0,2.148
T2977,U4128,41957.92,Payment,Wallet,iOS,Hyderabad,1318,17,0,11642.6,0,0.506,6,0,24901.416666666668,20258.823921744155,0.8419295907412613,3,1.6849611635214865,3.036
T2978,U5111,620.33,Transfer,Card,Android,Mumbai,809,12,0,360.63,1,0.161,8,0,5296.315,6612.841404453156,-0.7071067811865476,2,0.1171248311325893,1.288
T2979,U5717,35199.8,Withdrawal,Wallet,Web,Mumbai,1206,12,0,21663.45,0,0.796,5,0,29554.35666666667,10777.833691796945,0.5238013031904644,3,1.191018989078542,3.98
T2980,U1209,48514.34,Payment,Wallet,Android,Mumbai,341,0,1,15558.66,0,0.612,3,0,34508.22333333333,16123.035747068025,0.8687022026366024,3,1.4058776521576934,1.836
T2981,U7688,21911.18,Withdrawal,Wallet,Web,Chennai,214,3,0,23246.53,0,0.268,3,0,21911.18,,,1,1.0,0.804
T2982,U6692,11786.92,Withdrawal,NetBanking,Web,Bangalore,112,3,1,17151.81,0,0.224,1,0,24075.75,17379.030051697362,-0.7071067811865475,2,0.4895764410246825,0.224
T2983,U7419,35258.31,Payment,Card,Android,Chennai,1013,17,4,10602.89,0,0.925,6,0,21431.545,19553.998586745627,0.7071067811865475,2,1.6451595066991205,5.550000000000001
T2984,U1197,40865.55,Withdrawal,Card,iOS,Mumbai,1658,23,1,2090.27,1,0.637,7,0,34116.990000000005,9543.90507848858,0.707106781186547,2,1.1978064301686635,4.459
T2985,U3282,27344.19,Transfer,Card,Web,Mumbai,964,17,4,25991.51,0,0.807,9,0,25135.83333333333,14185.31929754961,0.1556790242323372,3,1.0878569107847362,7.263000000000001
T2986,U9350,48353.41,Withdrawal,Card,iOS,Chennai,369,17,4,6291.83,0,0.226,6,0,48353.41,,,1,1.0,1.356
T2987,U2584,2630.85,Payment,Card,Android,Hyderabad,1164,14,4,29143.3,0,0.589,8,0,2630.85,,,1,1.0,4.712
T2988,U7952,25264.54,Payment,UPI,Android,Bangalore,48,17,3,7450.47,0,0.053,6,0,25264.54,,,1,1.0,0.318
T2989,U1322,35936.77,Payment,UPI,Android,Hyderabad,316,14,4,24828.36,0,0.595,2,1,38431.94,3528.703254426476,-0.707106781186549,2,0.935075616791658,1.19
T2990,U7776,43138.89,Withdrawal,UPI,Android,Bangalore,893,16,1,23683.57,0,0.204,3,0,28018.64333333333,13156.03283699662,1.1493013778550631,3,1.5396494929031184,0.612
T2991,U7967,9003.82,Transfer,Wallet,Web,Delhi,529,4,3,13936.14,0,0.669,1,0,10363.87,1923.401155505528,-0.7071067811865472,2,0.8687700636924238,0.669
T2992,U9729,40010.17,Payment,Wallet,Android,Bangalore,887,10,0,12110.95,0,0.932,5,0,37441.75,3632.2943978703024,0.7071067811865475,2,1.0685977551797123,4.66
T2993,U5911,27657.72,Transfer,Card,iOS,Hyderabad,55,15,0,21127.46,0,0.459,6,0,13868.795,19500.48474554543,0.7071067811865476,2,1.994241028149886,2.754
T2994,U5268,19857.86,Payment,NetBanking,iOS,Bangalore,203,19,2,15903.72,0,0.305,6,0,22807.976666666666,21276.44674952172,-0.1386564543129355,3,0.8706541702588554,1.83
T2995,U1149,6629.17,Transfer,Card,Web,Delhi,1551,1,4,18995.55,0,0.123,2,0,6629.17,,,1,1.0,0.246
T2996,U4295,43271.52,Transfer,UPI,Android,Delhi,1913,16,2,14159.44,1,0.671,1,0,43271.52,,,1,1.0,0.671
T2997,U9027,7905.8,Transfer,Card,Web,Mumbai,1603,0,4,16758.92,0,0.584,7,0,20092.71,17234.893405420295,-0.7071067811865476,2,0.393466087949311,4.088
T2998,U1338,15523.9,Payment,Wallet,Web,Delhi,1202,17,4,5755.59,0,0.545,4,0,12811.873333333337,2538.5705497648337,1.0683282632889204,3,1.211680727408586,2.18
T2999,U8787,14537.77,Withdrawal,Card,Web,Chennai,1155,16,1,1756.35,0,0.936,9,0,18024.975,4931.65260577527,-0.707106781186547,2,0.8065348218236087,8.424000000000001
T3000,U9431,43577.13,Withdrawal,UPI,Android,Hyderabad,258,17,1,10742.12,0,0.978,8,0,40590.4,4223.874073146591,0.7071067811865489,2,1.0735821770664986,7.824
T3001,U2517,33651.51,Withdrawal,Card,iOS,Chennai,1022,18,0,14029.27,0,0.717,6,0,33651.51,,,1,1.0,4.302
T3002,U5056,39844.24,Transfer,Wallet,iOS,Chennai,216,4,3,27190.29,0,0.196,3,0,39844.24,,,1,1.0,0.5880000000000001
T3003,U9908,12560.87,Payment,NetBanking,Web,Hyderabad,124,12,0,12476.79,0,0.947,8,0,12560.87,,,1,1.0,7.576
T3004,U6997,31262.46,Transfer,UPI,Web,Chennai,248,23,4,13074.17,0,0.345,1,0,28656.81,3684.945568797453,0.7071067811865482,2,1.0909260311946791,0.345
T3005,U1976,28608.71,Payment,Card,iOS,Chennai,575,22,3,20277.46,0,0.079,9,0,32702.54,5789.54990804985,-0.7071067811865475,2,0.8748161457795021,0.711
T3006,U7982,41649.88,Transfer,Wallet,iOS,Chennai,1109,5,2,6282.91,0,0.241,9,0,41649.88,,,1,1.0,2.169
T3007,U7112,45309.05,Payment,UPI,Android,Delhi,1202,12,4,26162.02,0,0.83,8,0,45309.05,,,1,1.0,6.64
T3008,U3222,657.23,Payment,UPI,Web,Hyderabad,1081,17,1,12886.47,0,0.204,4,0,17649.61,24030.85425299733,-0.7071067811865476,2,0.0372376500103968,0.816
T3009,U2855,33717.29,Payment,Wallet,Android,Hyderabad,745,3,0,27930.53,0,0.395,9,0,37666.195,5584.595007522925,-0.7071067811865476,2,0.8951605013461009,3.555
T3010,U1526,2639.2,Transfer,Card,iOS,Hyderabad,1103,8,0,8210.92,0,0.274,9,0,18690.33333333333,19540.77157996156,-0.8214175815756047,3,0.141206684382301,2.466
T3011,U4915,27465.49,Withdrawal,Card,iOS,Chennai,517,22,2,14021.21,0,0.048,5,1,27465.49,,,1,1.0,0.24
T3012,U7145,14417.25,Transfer,Card,iOS,Delhi,164,2,0,23367.02,0,0.562,6,0,12316.91,2970.329313594707,0.7071067811865475,2,1.170524912498346,3.3720000000000003
T3013,U6023,15373.49,Transfer,UPI,iOS,Hyderabad,1592,21,0,16722.21,0,0.629,7,0,17829.185,3472.877174051799,-0.7071067811865477,2,0.8622654372591904,4.4030000000000005
T3014,U9698,17680.28,Payment,NetBanking,Android,Bangalore,470,23,3,19871.24,1,0.791,9,0,17680.28,,,1,1.0,7.119000000000001
T3015,U2837,31083.56,Payment,UPI,iOS,Hyderabad,1406,23,4,8492.82,0,0.415,7,0,31083.56,,,1,1.0,2.905
T3016,U7245,16735.8,Withdrawal,Card,Web,Mumbai,800,7,3,9920.93,0,0.141,1,0,27374.77,15045.775663680488,-0.7071067811865474,2,0.6113585611860849,0.141
T3017,U9775,36648.32,Withdrawal,UPI,iOS,Bangalore,1235,12,3,15277.64,0,0.652,9,0,37162.43333333333,11503.48950130061,-0.0446919461503579,3,0.9861657785236524,5.868
T3018,U7793,20256.14,Payment,NetBanking,Web,Hyderabad,663,23,0,6154.15,0,0.89,6,0,20256.14,,,1,1.0,5.34
T3019,U4126,3464.24,Withdrawal,UPI,iOS,Chennai,326,21,4,3876.55,0,0.12,2,0,12132.81,12259.20926038054,-0.7071067811865476,2,0.2855266010099885,0.24
T3020,U3091,39198.8,Withdrawal,Wallet,Android,Hyderabad,460,10,0,25329.69,0,0.183,9,0,24368.02,20973.890216571654,0.7071067811865476,2,1.608616539218205,1.647
T3021,U1033,14323.63,Payment,Card,Web,Delhi,1671,9,0,23268.14,0,0.329,1,0,22386.5,22072.820065585187,-0.3652849964817688,3,0.6398333817255936,0.329
T3022,U4559,21666.71,Transfer,Card,Android,Delhi,1877,10,3,27968.5,0,0.65,5,0,10861.72,15280.563399305667,0.7071067811865476,2,1.9947770702982583,3.25
T3023,U9302,34287.92,Withdrawal,Card,iOS,Hyderabad,1698,2,1,17637.9,0,0.524,9,0,22694.395,16395.720290711535,0.7071067811865475,2,1.510854111775176,4.716
T3024,U9787,16656.19,Payment,UPI,Android,Chennai,586,13,1,12665.93,0,0.712,1,0,22840.815,8746.380553191702,-0.7071067811865476,2,0.7292292328448,0.712
T3025,U6512,2876.45,Withdrawal,UPI,iOS,Chennai,1129,13,3,3180.33,0,0.031,2,0,24910.0925,15568.93247307251,-1.4152314256683065,4,0.1154732765444367,0.062
T3026,U6062,18727.36,Withdrawal,UPI,Android,Chennai,1953,18,3,25528.98,0,0.81,7,0,12844.51,8319.606255406563,0.7071067811865475,2,1.4580050153723263,5.67
T3027,U4607,47225.21,Payment,Card,Android,Hyderabad,1726,3,0,13742.15,0,0.987,2,0,33787.64666666667,17021.932981663198,0.7894264034413064,3,1.3977064003865711,1.974
T3028,U5671,32104.63,Withdrawal,UPI,Web,Hyderabad,505,0,4,16877.9,0,0.047,9,0,32104.63,,,1,1.0,0.423
T3029,U7332,33590.38,Withdrawal,Card,iOS,Mumbai,371,1,0,9474.35,0,0.495,9,1,30859.726666666666,18028.173298482943,0.15146589108743,3,1.0884859857259483,4.455
T3030,U4176,31632.49,Withdrawal,UPI,Android,Delhi,466,5,0,15763.8,1,0.74,8,0,31632.49,,,1,1.0,5.92
T3031,U2321,9989.66,Transfer,Card,iOS,Bangalore,1211,12,2,23474.39,1,0.476,2,0,9989.66,,,1,1.0,0.952
T3032,U6466,20945.78,Transfer,Wallet,Web,Bangalore,138,13,0,21396.57,0,0.593,3,0,20945.78,,,1,1.0,1.779
T3033,U6625,37559.44,Withdrawal,UPI,Android,Delhi,1523,0,4,29668.79,0,0.921,3,0,28842.945,12326.985445357272,0.7071067811865476,2,1.3022054440002573,2.763
T3034,U5916,5113.58,Payment,Card,iOS,Mumbai,1072,7,0,14919.9,0,0.54,8,0,17212.355,17110.25169310054,-0.7071067811865476,2,0.2970877605069149,4.32
T3035,U7079,13928.75,Withdrawal,Wallet,Android,Delhi,1491,17,3,15938.02,0,0.237,8,0,13928.75,,,1,1.0,1.896
T3036,U5830,13852.14,Withdrawal,Wallet,Android,Mumbai,821,13,4,1676.51,0,0.739,6,0,27983.36,12242.365861401136,-1.1542883262910983,3,0.4950134651450005,4.434
T3037,U9413,21629.35,Transfer,NetBanking,Android,Mumbai,882,1,3,11742.55,0,0.375,7,0,10999.16,15033.35886860285,0.7071067811865475,2,1.9664547110870283,2.625
T3038,U5623,49019.42,Transfer,UPI,Android,Chennai,359,23,2,27670.92,0,0.285,1,0,28082.02333333333,18680.2338890238,1.1208316122299269,3,1.745580060885926,0.285
T3039,U1400,3421.75,Transfer,Card,Web,Delhi,654,11,2,10579.24,0,0.248,8,0,3421.75,,,1,1.0,1.984
T3040,U7558,25959.11,Withdrawal,NetBanking,Web,Bangalore,1924,23,4,23006.74,0,0.079,7,0,25959.11,,,1,1.0,0.553
T3041,U7066,9009.27,Withdrawal,UPI,iOS,Hyderabad,461,0,1,29330.22,0,0.933,5,1,9009.27,,,1,1.0,4.665
T3042,U4131,48535.29,Payment,Wallet,iOS,Hyderabad,1413,20,1,3892.77,0,0.563,5,1,48535.29,,,1,1.0,2.8149999999999995
T3043,U4610,5709.51,Withdrawal,UPI,Android,Delhi,118,14,4,10086.39,0,0.955,2,0,5709.51,,,1,1.0,1.91
T3044,U8767,20209.87,Withdrawal,Card,Android,Hyderabad,1617,10,4,14283.79,0,0.862,1,0,27058.32,9685.170871234022,-0.7071067811865477,2,0.7469003988422045,0.862
T3045,U9607,36907.35,Transfer,Wallet,Android,Mumbai,1241,17,3,7197.51,0,0.03,9,0,32429.853333333333,13600.320427498513,0.329219939378311,3,1.138067126626947,0.27
T3046,U5507,35242.49,Transfer,NetBanking,Web,Hyderabad,586,16,2,471.85,0,0.247,3,0,35242.49,,,1,1.0,0.741
T3047,U6558,21165.3,Transfer,UPI,Android,Mumbai,250,2,4,14111.26,0,0.315,5,0,15752.205,7655.2723634139875,0.7071067811865476,2,1.3436404617639244,1.575
T3048,U4499,17358.88,Transfer,UPI,iOS,Mumbai,600,14,0,16144.82,0,0.49,8,0,19750.216666666664,20301.75922108804,-0.1177896280132566,3,0.8789209907401861,3.92
T3049,U3192,19910.74,Transfer,NetBanking,Android,Bangalore,1121,12,3,18800.49,0,0.716,7,0,19910.74,,,1,1.0,5.012
T3050,U1937,13250.6,Payment,UPI,Web,Hyderabad,1432,2,2,24833.73,0,0.681,7,0,13250.6,,,1,1.0,4.767
T3051,U4011,10306.38,Payment,UPI,Android,Bangalore,1723,12,3,7665.97,0,0.987,4,0,13684.78,4777.779099121264,-0.7071067811865475,2,0.75312719678358,3.948
T3052,U6258,24177.83,Payment,UPI,Web,Hyderabad,1295,8,2,1924.98,0,0.923,4,0,24177.83,,,1,1.0,3.692
T3053,U7305,13463.26,Transfer,Wallet,Web,Mumbai,587,9,0,2786.06,0,0.186,6,0,13463.26,,,1,1.0,1.116
T3054,U2423,14408.71,Transfer,Wallet,Web,Hyderabad,334,0,2,14972.54,0,0.86,4,0,11691.893333333332,2542.395744811049,1.0686049456350784,3,1.2323675549554562,3.44
T3055,U6221,32854.97,Transfer,Card,Web,Bangalore,380,1,3,27674.87,0,0.843,7,0,32854.97,,,1,1.0,5.901
T3056,U3319,48428.44,Payment,UPI,iOS,Chennai,1968,13,2,29468.1,1,0.575,2,0,48428.44,,,1,1.0,1.15
T3057,U5212,30201.68,Transfer,Card,Web,Bangalore,114,4,3,6231.03,0,0.338,7,0,30201.68,,,1,1.0,2.366
T3058,U8947,3895.12,Payment,Wallet,iOS,Chennai,107,21,4,4643.82,0,0.209,3,0,9334.136666666667,4913.210558100816,-1.107018842841757,3,0.4172983682475901,0.627
T3059,U3433,3825.4,Transfer,UPI,iOS,Delhi,1520,9,0,10668.81,1,0.212,8,0,3825.4,,,1,1.0,1.696
T3060,U3461,47573.59,Withdrawal,Card,Android,Bangalore,105,18,3,13970.3,0,0.338,5,0,47573.59,,,1,1.0,1.6900000000000002
T3061,U6862,14899.67,Payment,UPI,Android,Hyderabad,1958,7,1,24261.15,0,0.504,9,0,31339.36,16316.11675622297,-1.0075736920508307,3,0.4754299385820259,4.536
T3062,U6350,4648.75,Withdrawal,UPI,Web,Chennai,1505,12,1,23260.74,0,0.584,4,1,2877.59,2504.798493132731,0.7071067811865475,2,1.6155011659061922,2.336
T3063,U5921,29972.28,Payment,NetBanking,Android,Hyderabad,55,8,2,27687.72,0,0.325,5,0,37620.985,10816.902345590906,-0.7071067811865476,2,0.7966904641119843,1.625
T3064,U3819,31201.26,Transfer,Card,Web,Chennai,899,17,4,25757.21,1,0.357,1,0,28000.525,4526.522846562245,0.7071067811865474,2,1.114309820976571,0.357
T3065,U8659,32442.82,Transfer,Wallet,Android,Bangalore,40,3,4,13219.9,0,0.014,3,0,32442.82,,,1,1.0,0.042
T3066,U9963,13406.73,Withdrawal,Card,Web,Bangalore,417,7,1,668.78,0,0.002,4,0,13406.73,,,1,1.0,0.008
T3067,U2881,804.78,Transfer,Card,Android,Hyderabad,1408,4,2,7174.03,0,0.907,9,0,10861.115,14221.80534476724,-0.7071067811865475,2,0.074097364773322,8.163
T3068,U3739,48252.52,Payment,Card,Android,Bangalore,1415,5,4,18340.63,0,0.014,8,0,48252.52,,,1,1.0,0.112
T3069,U4017,12582.11,Transfer,NetBanking,iOS,Hyderabad,1944,19,4,15094.68,0,0.033,2,0,16996.539999999997,4427.905964527702,-0.996956582945604,3,0.7402747853386632,0.066
T3070,U6233,33817.51,Transfer,UPI,Android,Mumbai,725,4,2,7280.79,0,0.206,6,1,39567.465,8131.664344034984,-0.7071067811865474,2,0.8546797223425864,1.236
T3071,U4091,35346.16,Payment,Wallet,Android,Chennai,1693,0,3,4034.82,0,0.743,4,0,14117.055,14181.243849654613,1.4969846950708097,4,2.5037913360824904,2.972
T3072,U8959,30519.87,Withdrawal,NetBanking,Web,Hyderabad,653,18,1,6558.76,0,0.679,5,0,30419.71,141.647630407289,0.7071067811865475,2,1.003292602066226,3.3950000000000005
T3073,U6156,15679.72,Withdrawal,Wallet,iOS,Chennai,707,3,4,7866.37,0,0.647,9,0,15679.72,,,1,1.0,5.823
T3074,U8494,13591.26,Transfer,NetBanking,Web,Mumbai,982,0,3,26031.99,0,0.575,4,0,22370.83,12416.186965803954,-0.7071067811865477,2,0.6075438416902725,2.3
T3075,U5794,29903.53,Payment,UPI,Android,Chennai,710,18,3,21336.83,0,0.202,5,0,28421.605,2095.758433419748,0.7071067811865476,2,1.0521407921896035,1.01
T3076,U3740,43311.48,Withdrawal,Wallet,Web,Hyderabad,1522,3,3,16614.74,0,0.398,7,0,43311.48,,,1,1.0,2.786
T3077,U2894,47339.35,Withdrawal,Card,iOS,Bangalore,1672,13,3,726.14,0,0.478,7,0,40852.98,9173.112424569974,0.7071067811865477,2,1.1587734848228943,3.346
T3078,U7441,5339.99,Transfer,NetBanking,Web,Chennai,885,13,0,24653.77,0,0.582,6,0,5339.99,,,1,1.0,3.492
T3079,U7239,7783.69,Payment,Wallet,Android,Chennai,915,8,0,16618.66,0,0.198,3,1,18969.185,12451.550533901393,-0.8983214555926713,4,0.4103333907070862,0.5940000000000001
T3080,U7655,47239.58,Withdrawal,UPI,Web,Mumbai,818,18,2,18857.48,1,0.729,1,0,47239.58,,,1,1.0,0.729
T3081,U4321,36839.93,Transfer,Wallet,Android,Delhi,1342,10,1,2062.84,0,0.309,9,0,24538.75,17396.49558919267,0.7071067811865476,2,1.5012961132902043,2.781
T3082,U7373,44155.54,Transfer,NetBanking,iOS,Bangalore,608,15,2,24464.02,0,0.66,6,0,44155.54,,,1,1.0,3.96
T3083,U9481,10171.5,Transfer,UPI,iOS,Hyderabad,976,18,0,24977.64,1,0.514,3,0,10552.615,538.9780018238218,-0.7071067811865475,2,0.9638843073494106,1.542
T3084,U3579,29399.91,Transfer,Card,Web,Mumbai,642,3,2,26511.93,0,0.592,1,1,29399.91,,,1,1.0,0.592
T3085,U5839,35071.92,Withdrawal,NetBanking,iOS,Hyderabad,1877,8,2,15889.88,0,0.413,6,0,38653.58,5065.232147809222,-0.7071067811865479,2,0.9073395012829342,2.478
T3086,U8489,34021.59,Payment,NetBanking,Web,Hyderabad,1849,16,3,11881.93,0,0.445,3,0,34021.59,,,1,1.0,1.335
T3087,U5969,20437.18,Transfer,UPI,Android,Chennai,1944,14,4,2284.09,0,0.868,1,1,20437.18,,,1,1.0,0.868
T3088,U3517,818.97,Transfer,NetBanking,Web,Mumbai,144,7,0,5897.16,0,0.476,5,0,11758.580000000002,12049.92862572638,-0.9078568296781554,3,0.0696487160864662,2.38
T3089,U8818,29167.16,Withdrawal,Wallet,Android,Mumbai,337,12,0,6844.51,0,0.794,1,0,29167.16,,,1,1.0,0.794
T3090,U5936,12692.42,Transfer,Card,iOS,Bangalore,208,0,2,1974.43,0,0.395,3,0,24468.05,16653.25565148749,-0.7071067811865475,2,0.5187344312276622,1.185
T3091,U4968,22540.2,Transfer,Wallet,Android,Delhi,692,1,4,4715.82,0,0.701,3,0,22540.2,,,1,1.0,2.103
T3092,U5411,47881.17,Payment,UPI,Android,Hyderabad,1293,9,2,26615.43,1,0.233,6,0,47881.17,,,1,1.0,1.398
T3093,U8352,19981.81,Transfer,NetBanking,Android,Bangalore,133,20,1,16407.54,0,0.917,4,0,19981.81,,,1,1.0,3.668
T3094,U3811,41998.09,Withdrawal,Card,Android,Bangalore,763,12,0,22958.29,0,0.967,8,1,41924.71,103.77499120693402,0.7071067811865475,2,1.001750280443204,7.736
T3095,U8174,9467.6,Payment,UPI,Android,Hyderabad,1980,10,3,8323.21,0,0.901,3,0,29131.035,27808.2964598418,-0.7071067811865475,2,0.3250004677142436,2.7030000000000003
T3096,U3092,33639.4,Withdrawal,Wallet,Web,Chennai,1616,13,3,4124.48,0,0.346,8,0,33639.4,,,1,1.0,2.768
T3097,U9210,48851.5,Payment,NetBanking,Android,Chennai,391,15,3,11260.29,0,0.276,7,0,27715.24,29891.185549843955,0.7071067811865476,2,1.762622297335329,1.932
T3098,U3027,5139.56,Payment,NetBanking,Android,Hyderabad,1540,5,0,23810.26,1,0.182,2,0,5139.56,,,1,1.0,0.364
T3099,U2756,465.58,Transfer,UPI,Android,Mumbai,580,1,0,8990.21,0,0.873,8,0,25173.555,34942.35334377537,-0.7071067811865475,2,0.0184948053622144,6.984
T3100,U2007,21707.46,Transfer,Wallet,Android,Delhi,1142,4,3,6215.59,0,0.119,1,0,21707.46,,,1,1.0,0.119
T3101,U5070,4676.64,Transfer,NetBanking,Android,Chennai,1074,18,0,769.67,0,0.642,9,1,4676.64,,,1,1.0,5.7780000000000005
T3102,U4456,37431.8,Withdrawal,Wallet,Android,Delhi,1478,6,3,18757.93,0,0.331,7,0,37431.8,,,1,1.0,2.317
T3103,U3795,45731.71,Transfer,Card,iOS,Bangalore,807,16,1,13131.07,0,0.188,6,0,38002.51,10930.739466294126,0.7071067811865472,2,1.203386565782102,1.128
T3104,U2850,21729.35,Transfer,NetBanking,Web,Bangalore,900,4,1,7836.83,0,0.184,8,0,15701.77,8524.28538428882,0.7071067811865474,2,1.383879014913605,1.472
T3105,U5293,12972.65,Payment,Card,Android,Hyderabad,1179,11,1,15640.65,0,0.871,9,0,14237.805,1789.199359504132,-0.7071067811865483,2,0.9111411485127096,7.839
T3106,U7206,21748.45,Transfer,NetBanking,Web,Hyderabad,1831,18,2,21048.66,0,0.86,8,0,30038.745000000003,11724.247625073856,-0.7071067811865478,2,0.7240132701948766,6.88
T3107,U9408,36186.22,Transfer,UPI,iOS,Hyderabad,1936,17,2,7499.26,0,0.272,6,0,21222.435,21161.98769143509,0.7071067811865475,2,1.7050927473685276,1.632
T3108,U7336,502.26,Transfer,NetBanking,iOS,Chennai,1597,11,4,18302.24,0,0.034,4,0,8978.199999999999,9940.80259309076,-0.8526414160855686,3,0.0559421710365106,0.136
T3109,U9541,29493.23,Transfer,NetBanking,Android,Delhi,185,2,4,7878.57,1,0.869,9,0,29493.23,,,1,1.0,7.821
T3110,U9944,30683.92,Payment,Wallet,Web,Bangalore,1312,3,4,29601.16,0,0.057,8,0,16462.89,20111.57349691465,0.7071067811865476,2,1.863823423469391,0.456
T3111,U4975,31902.53,Transfer,Wallet,Android,Delhi,389,14,1,21998.47,0,0.085,8,0,31902.53,,,1,1.0,0.68
T3112,U4882,12139.0,Payment,Card,iOS,Chennai,174,14,1,18119.48,0,0.822,3,0,7930.08,5952.311746943367,0.7071067811865476,2,1.5307537881080644,2.466
T3113,U7906,35716.93,Withdrawal,Card,iOS,Delhi,1872,10,1,5252.69,0,0.817,9,0,35716.93,,,1,1.0,7.353
T3114,U6476,4615.0,Transfer,Card,Web,Delhi,1519,1,0,17633.18,0,0.202,7,0,21098.17,20050.695323197648,-0.8220747327864385,3,0.2187393503796775,1.414
T3115,U9394,10003.55,Transfer,NetBanking,Android,Hyderabad,773,17,0,24033.64,0,0.038,1,0,11810.815,2555.8586738022127,-0.707106781186547,2,0.8469821938621509,0.038
T3116,U1625,43879.63,Transfer,NetBanking,Web,Delhi,624,2,1,22139.51,0,0.063,2,0,32072.345,16698.02258180441,0.7071067811865474,2,1.3681453601225604,0.126
T3117,U2875,36949.22,Payment,Card,Web,Delhi,1598,17,3,23362.95,0,0.453,2,0,36949.22,,,1,1.0,0.906
T3118,U8405,736.59,Transfer,UPI,iOS,Delhi,1800,13,4,9602.21,0,0.418,1,0,736.59,,,1,1.0,0.418
T3119,U4489,12456.39,Transfer,UPI,Web,Mumbai,1394,5,2,9915.08,0,0.182,1,0,28052.86,22056.739399145103,-0.7071067811865476,2,0.4440328009336659,0.182
T3120,U9138,10759.6,Withdrawal,NetBanking,iOS,Bangalore,182,1,4,16212.63,1,0.909,4,0,10759.6,,,1,1.0,3.636
T3121,U6145,13576.78,Payment,UPI,Android,Bangalore,772,0,3,8431.88,0,0.552,7,0,13576.78,,,1,1.0,3.864
T3122,U8941,12415.61,Payment,UPI,Web,Delhi,1210,7,0,3479.09,0,0.807,6,0,12415.61,,,1,1.0,4.8420000000000005
T3123,U6315,3173.19,Withdrawal,Card,Web,Hyderabad,1082,9,1,13887.54,0,0.104,7,0,3173.19,,,1,1.0,0.728
T3124,U7829,22974.08,Payment,UPI,Android,Hyderabad,1144,19,0,157.53,0,0.973,8,0,22974.08,,,1,1.0,7.784
T3125,U5997,36650.04,Transfer,UPI,Web,Hyderabad,1243,17,0,22846.67,0,0.81,8,0,21636.858,13216.719392153258,1.1359234886164944,5,1.6938707089541374,6.48
T3126,U8775,30356.25,Transfer,NetBanking,Android,Bangalore,1793,19,3,22515.64,0,0.288,3,0,30356.25,,,1,1.0,0.8639999999999999
T3127,U9728,33659.94,Withdrawal,NetBanking,iOS,Chennai,1720,10,0,16602.28,0,0.021,7,0,33659.94,,,1,1.0,0.147
T3128,U1891,4103.4,Payment,NetBanking,iOS,Delhi,628,17,0,22453.81,0,0.165,6,0,4103.4,,,1,1.0,0.99
T3129,U1367,47576.96,Payment,UPI,Web,Bangalore,674,15,4,18773.39,0,0.419,8,0,37931.7775,8795.69360653032,1.0965800915164876,4,1.2542771031492,3.352
T3130,U9774,41932.67,Payment,Card,iOS,Hyderabad,868,4,4,20953.91,0,0.003,3,0,36986.87666666667,6441.096067940092,0.7678496456450193,3,1.1337175176456729,0.009
T3131,U1861,40264.26,Withdrawal,Wallet,iOS,Bangalore,1188,6,3,2033.21,0,0.041,9,0,40264.26,,,1,1.0,0.369
T3132,U6435,41158.04,Transfer,NetBanking,Android,Bangalore,1685,21,1,26449.84,1,0.099,5,0,28555.623333333333,15618.817957977271,0.8068739068842283,3,1.4413287190252195,0.495
T3133,U2873,46638.89,Withdrawal,NetBanking,iOS,Bangalore,1696,1,4,19353.54,0,0.81,2,0,46638.89,,,1,1.0,1.62
T3134,U5787,27235.49,Transfer,NetBanking,iOS,Hyderabad,1306,10,0,18357.86,0,0.547,4,0,22519.84,6668.936185404687,0.7071067811865476,2,1.209399800353821,2.188
T3135,U7671,10054.09,Withdrawal,Card,iOS,Chennai,565,12,2,11678.5,0,0.191,7,0,29273.27,27180.025013689738,-0.7071067811865475,2,0.3434563340549245,1.337
T3136,U8670,30858.34,Transfer,Wallet,Android,Mumbai,1616,19,4,941.25,0,0.264,1,0,30858.34,,,1,1.0,0.264
T3137,U5803,37156.93,Payment,Wallet,Web,Delhi,646,23,2,27053.71,0,0.642,1,0,27254.876666666667,8624.594050651505,1.1481181925989117,3,1.3633130853768922,0.642
T3138,U6752,36908.97,Payment,NetBanking,Android,Delhi,1697,15,1,29571.39,1,0.319,9,0,36908.97,,,1,1.0,2.871
T3139,U9680,26096.38,Payment,UPI,Web,Bangalore,1488,13,0,24252.82,0,0.682,3,0,26096.38,,,1,1.0,2.0460000000000003
T3140,U5630,3469.51,Withdrawal,NetBanking,Web,Chennai,1894,6,4,27459.67,1,0.778,1,0,24754.025,30100.849781533576,-0.7071067811865476,2,0.1401594286181742,0.778
T3141,U3991,18587.09,Withdrawal,NetBanking,iOS,Hyderabad,1349,6,1,3716.63,0,0.307,7,0,19848.06,5416.52980686897,-0.232800343570694,3,0.9364688538829488,2.149
T3142,U1401,46042.29,Withdrawal,UPI,iOS,Mumbai,1854,11,3,3947.39,0,0.367,7,0,33938.405,17117.47832440427,0.7071067811865476,2,1.3566427178884808,2.569
T3143,U7518,29243.22,Payment,UPI,Android,Mumbai,1765,11,1,26400.23,1,0.05,2,0,23532.753333333338,15025.985914705674,0.3800393996827807,3,1.2426603715162383,0.1
T3144,U5794,26939.68,Transfer,NetBanking,Android,Bangalore,224,19,3,1819.43,0,0.82,8,1,28421.605,2095.758433419748,-0.7071067811865476,2,0.9478592078103965,6.56
T3145,U8475,13479.23,Payment,Card,Android,Bangalore,1363,0,3,2886.79,0,0.606,3,0,13479.23,,,1,1.0,1.818
T3146,U9384,18454.02,Payment,Card,iOS,Hyderabad,153,22,4,24523.74,1,0.888,3,0,10945.18,8327.5646386984,0.9016849854405492,3,1.6860407960399006,2.664
T3147,U7477,44772.54,Transfer,UPI,Web,Hyderabad,628,5,2,16753.54,0,0.189,5,0,44772.54,,,1,1.0,0.945
T3148,U5262,33339.83,Transfer,NetBanking,Android,Hyderabad,1017,7,3,11812.64,0,0.961,2,0,33339.83,,,1,1.0,1.922
T3149,U7918,39379.98,Transfer,Card,Web,Bangalore,363,12,0,16648.11,0,0.707,4,0,39379.98,,,1,1.0,2.828
T3150,U3890,22744.55,Transfer,NetBanking,iOS,Chennai,290,4,4,26374.56,0,0.197,2,0,35056.265,17411.394329072275,-0.7071067811865474,2,0.6488012912955787,0.394
T3151,U4242,31530.85,Payment,NetBanking,iOS,Bangalore,1355,23,3,22738.26,0,0.463,9,1,31530.85,,,1,1.0,4.167
T3152,U6687,12456.76,Withdrawal,NetBanking,iOS,Bangalore,1339,9,4,20779.06,1,0.699,6,0,12057.18,565.0914552530412,0.7071067811865476,2,1.0331404192356752,4.194
T3153,U2405,35287.77,Payment,Card,iOS,Mumbai,846,13,0,29308.88,0,0.017,1,1,27559.01,10930.11721232668,0.7071067811865475,2,1.280444036269808,0.017
T3154,U3729,21408.69,Transfer,Wallet,Web,Hyderabad,1879,23,4,15687.07,0,0.78,9,0,21408.69,,,1,1.0,7.0200000000000005
T3155,U4813,22155.15,Withdrawal,NetBanking,Web,Delhi,1512,8,4,289.09,1,0.948,8,0,33412.855,15920.799092195404,-0.7071067811865471,2,0.6630726407545839,7.584
T3156,U2794,32483.65,Withdrawal,Card,Android,Hyderabad,1969,16,3,12928.08,0,0.081,2,0,27605.515,6898.724676086879,0.7071067811865477,2,1.1767087120091766,0.162
T3157,U3299,46817.22,Payment,Wallet,Web,Chennai,399,2,1,2987.5,0,0.898,3,0,46817.22,,,1,1.0,2.694
T3158,U7938,3247.12,Payment,UPI,Web,Chennai,1097,11,4,3581.97,0,0.464,7,0,26060.54,32263.047968113613,-0.7071067811865476,2,0.1245991065419212,3.248
T3159,U1499,41245.92,Payment,Card,Web,Hyderabad,1829,11,3,7721.54,0,0.516,4,0,26385.125,21016.33783664628,0.7071067811865475,2,1.563226249638764,2.064
T3160,U5951,14654.54,Withdrawal,Wallet,Android,Hyderabad,274,10,0,11502.88,0,0.84,8,0,24328.546666666665,8571.67538331529,-1.1286016133435308,3,0.6023598614741202,6.72
T3161,U1457,22223.78,Withdrawal,Card,Web,Bangalore,15,21,0,14499.83,0,0.59,1,0,15891.675,8954.948769370487,0.7071067811865475,2,1.3984542221005651,0.59
T3162,U2355,1144.57,Withdrawal,Wallet,Web,Delhi,922,3,1,5177.62,0,0.351,4,0,1144.57,,,1,1.0,1.404
T3163,U1586,15087.25,Transfer,Wallet,Web,Bangalore,177,7,0,9420.44,0,0.733,1,0,30794.9775,13229.758230331534,-1.1873026873603243,4,0.4899256705090952,0.733
T3164,U2358,25156.43,Transfer,Card,iOS,Mumbai,364,9,3,8368.53,0,0.138,7,0,25156.43,,,1,1.0,0.966
T3165,U2539,2856.0,Payment,UPI,Web,Mumbai,182,13,1,11020.9,0,0.666,9,0,2856.0,,,1,1.0,5.994000000000001
T3166,U4553,24580.23,Withdrawal,NetBanking,Android,Chennai,859,0,3,3328.92,0,0.775,1,0,23258.625,1869.0317151000936,0.7071067811865476,2,1.056822146623027,0.775
T3167,U7338,46359.18,Payment,Wallet,Android,Chennai,128,11,1,11980.49,0,0.335,8,0,46359.18,,,1,1.0,2.68
T3168,U5775,5314.39,Withdrawal,NetBanking,Android,Delhi,1972,4,1,16675.08,0,0.97,6,0,19108.165,17178.826547781624,-0.8029521086107742,4,0.2781214208690369,5.82
T3169,U6660,38233.81,Payment,UPI,Android,Chennai,1259,13,3,2998.75,0,0.641,6,0,34154.75,5768.661973733595,0.7071067811865474,2,1.1194287763781026,3.846
T3170,U9951,20513.07,Transfer,NetBanking,iOS,Mumbai,183,3,1,15671.03,0,0.096,8,0,20513.07,,,1,1.0,0.768
T3171,U2707,32775.93,Withdrawal,NetBanking,Android,Delhi,968,16,3,22701.79,0,0.966,1,0,32775.93,,,1,1.0,0.966
T3172,U7646,13048.82,Transfer,Card,iOS,Mumbai,138,21,0,346.37,0,0.744,9,0,13048.82,,,1,1.0,6.696
T3173,U7934,8016.64,Withdrawal,Card,iOS,Hyderabad,196,12,0,1521.09,0,0.696,6,0,7711.525,431.4977710834669,0.707106781186549,2,1.0395661039807302,4.176
T3174,U2437,8065.11,Payment,UPI,iOS,Hyderabad,1096,2,4,14047.58,0,0.253,3,0,21198.575,18573.52432395236,-0.7071067811865476,2,0.3804552900371841,0.759
T3175,U6551,3571.07,Withdrawal,Card,Android,Delhi,902,10,2,26196.05,0,0.473,1,0,3571.07,,,1,1.0,0.473
T3176,U1636,9323.05,Transfer,Wallet,Android,Bangalore,1307,10,2,29933.88,0,0.901,4,0,9323.05,,,1,1.0,3.604
T3177,U3097,33227.76,Withdrawal,UPI,iOS,Chennai,607,4,0,2892.48,0,0.308,5,0,39378.88,9169.180741004073,-0.6708472843699682,3,0.8437964716111784,1.54
T3178,U6648,44090.45,Payment,Card,iOS,Delhi,219,5,4,648.42,0,0.423,4,0,33406.68333333333,11973.767356535423,0.8922644267708563,3,1.3198092597239774,1.692
T3179,U9238,40715.58,Withdrawal,Card,Android,Chennai,1018,3,2,6940.22,0,0.257,7,0,28196.085,17705.239623062153,0.7071067811865477,2,1.4440153659630408,1.799
T3180,U8728,34272.46,Transfer,UPI,Web,Mumbai,1226,9,3,14077.36,0,0.216,6,0,34272.46,,,1,1.0,1.296
T3181,U2892,5566.07,Payment,Wallet,Web,Bangalore,759,9,3,17196.7,1,0.044,5,0,5566.07,,,1,1.0,0.2199999999999999
T3182,U7681,14494.91,Transfer,UPI,Web,Chennai,541,11,1,29207.2,0,0.737,3,0,14494.91,,,1,1.0,2.211
T3183,U3479,15524.85,Withdrawal,Card,Android,Hyderabad,961,21,2,26665.06,0,0.091,9,0,15524.85,,,1,1.0,0.819
T3184,U3307,12535.35,Transfer,Card,Android,Hyderabad,1215,22,3,16906.75,0,0.531,3,0,12535.35,,,1,1.0,1.593
T3185,U9479,25774.53,Withdrawal,UPI,iOS,Mumbai,569,17,2,10915.24,0,0.05,3,0,17920.37,11107.459593048268,0.7071067811865475,2,1.438281129240077,0.15
T3186,U8793,26800.91,Payment,Wallet,Android,Delhi,237,14,1,9706.78,0,0.984,3,0,26800.91,,,1,1.0,2.952
T3187,U9998,17876.45,Transfer,Wallet,Android,Chennai,575,22,0,17221.48,0,0.709,8,0,23076.6,16679.649644135214,-0.3117661408330865,3,0.7746570118648327,5.672
T3188,U3523,17721.77,Transfer,NetBanking,Android,Mumbai,623,22,4,21668.45,0,0.63,2,0,14432.23,4652.112081968792,0.7071067811865476,2,1.2279301258364093,1.26
T3189,U8196,41436.35,Withdrawal,Wallet,iOS,Hyderabad,98,17,1,14501.81,0,0.186,4,0,35649.55,8183.771042740628,0.7071067811865468,2,1.1623246296236558,0.744
T3190,U3384,39475.18,Transfer,UPI,iOS,Hyderabad,1177,2,1,9201.52,0,0.528,8,0,39475.18,,,1,1.0,4.224
T3191,U2635,15424.4,Transfer,Wallet,Web,Hyderabad,1693,2,1,18433.64,0,0.504,1,0,15424.4,,,1,1.0,0.504
T3192,U4015,45693.73,Payment,Wallet,Web,Bangalore,1775,0,4,16782.47,0,0.359,3,0,45693.73,,,1,1.0,1.077
T3193,U9732,47643.11,Withdrawal,NetBanking,Android,Bangalore,824,16,3,12878.31,0,0.156,4,0,47643.11,,,1,1.0,0.624
T3194,U3947,16370.79,Withdrawal,Wallet,Android,Hyderabad,259,9,2,22475.84,0,0.367,6,0,29096.77,17997.25351048876,-0.7071067811865475,2,0.5626325533727627,2.202
T3195,U3248,17753.53,Payment,NetBanking,iOS,Delhi,234,5,0,8538.41,1,0.609,2,0,27062.655,13165.090828826438,-0.7071067811865476,2,0.6560158269763259,1.218
T3196,U1716,25306.43,Payment,NetBanking,Web,Bangalore,912,10,0,14599.26,0,0.487,7,0,21050.035,6019.45153581703,0.7071067811865476,2,1.2022037017990708,3.409
T3197,U7337,47058.98,Withdrawal,Wallet,Web,Chennai,1952,13,4,28216.15,0,0.57,3,0,47058.98,,,1,1.0,1.71
T3198,U7308,43822.16,Payment,Card,Web,Bangalore,980,16,0,21712.58,0,0.572,8,0,43822.16,,,1,1.0,4.576
T3199,U3146,5173.27,Payment,UPI,Android,Chennai,682,6,4,11700.36,0,0.245,2,0,5173.27,,,1,1.0,0.49
T3200,U5752,19666.9,Payment,UPI,Android,Bangalore,177,21,4,16430.71,1,0.111,9,0,18598.15,1511.4407447862454,0.7071067811865475,2,1.0574653930632885,0.999
T3201,U9012,27690.89,Withdrawal,Wallet,Android,Hyderabad,119,3,2,12223.91,0,0.522,4,0,27690.89,,,1,1.0,2.088
T3202,U8354,25181.47,Payment,UPI,iOS,Chennai,1806,10,2,3465.19,0,0.892,8,0,25181.47,,,1,1.0,7.136
T3203,U8091,9733.46,Transfer,UPI,Web,Delhi,1206,18,4,10114.62,0,0.995,4,0,9733.46,,,1,1.0,3.98
T3204,U3874,42947.9,Transfer,NetBanking,iOS,Bangalore,1544,8,2,25827.25,0,0.786,6,0,42526.240000000005,596.3172907102364,0.7071067811865446,2,1.0099152899480417,4.716
T3205,U5424,33863.19,Withdrawal,Card,Web,Bangalore,1912,20,3,13889.94,0,0.221,8,0,31364.77,3533.299448504191,0.7071067811865475,2,1.079656888923464,1.768
T3206,U7722,41903.52,Payment,UPI,Android,Hyderabad,306,7,1,17580.66,0,0.63,5,0,41903.52,,,1,1.0,3.15
T3207,U3263,42945.28,Transfer,Card,iOS,Chennai,1937,19,0,5525.26,0,0.239,6,1,42945.28,,,1,1.0,1.434
T3208,U5400,37430.37,Withdrawal,UPI,iOS,Hyderabad,252,3,0,10751.32,0,0.576,2,0,29560.625,11129.500111417852,0.7071067811865478,2,1.2662239042645411,1.152
T3209,U7114,21988.57,Transfer,Card,Android,Chennai,218,15,0,27883.23,0,0.481,4,0,26564.99333333333,4901.117725033071,-0.9337509503105136,3,0.8277272922334632,1.924
T3210,U4991,30546.81,Payment,Card,Web,Bangalore,1276,5,0,9495.94,0,0.382,5,0,30953.373333333333,18156.28929802655,-0.022392424281184,3,0.986865298041829,1.91
T3211,U4615,8060.25,Withdrawal,UPI,Web,Bangalore,1287,5,3,7591.78,0,0.642,1,0,7913.57,207.43684532888503,0.7071067811865508,2,1.0185352502094505,0.642
T3212,U8870,33698.59,Transfer,NetBanking,Web,Bangalore,1115,18,3,1771.4,0,0.858,7,0,28959.13,6702.608610324788,0.7071067811865475,2,1.1636603033309356,6.006
T3213,U2970,9003.7,Withdrawal,Card,Web,Bangalore,1467,1,1,3007.2,0,0.337,6,0,21400.783333333333,15995.38767382127,-0.7750411297391013,3,0.4207182447371475,2.022
T3214,U5979,34712.78,Transfer,Card,Android,Mumbai,1508,10,4,17585.2,0,0.486,4,0,38934.735,5970.746020728903,-0.7071067811865475,2,0.8915632789076386,1.944
T3215,U9846,11518.43,Transfer,UPI,Android,Bangalore,1576,17,2,19834.98,0,0.456,4,0,30550.035,26914.753904727608,-0.7071067811865475,2,0.3770349199272603,1.824
T3216,U5280,5921.69,Payment,Card,Android,Bangalore,1037,8,1,19283.26,0,0.249,3,0,27167.3825,16741.53858142151,-1.2690406199330364,4,0.217970575560601,0.747
T3217,U4150,8305.96,Payment,Card,Android,Chennai,1227,15,0,16240.9,0,0.421,1,0,8305.96,,,1,1.0,0.421
T3218,U2912,149.51,Transfer,NetBanking,iOS,Bangalore,1089,10,2,14780.04,0,0.022,6,0,2675.275,3571.9711183672803,-0.7071067811865477,2,0.0558858435114147,0.132
T3219,U7937,35951.04,Withdrawal,Card,iOS,Bangalore,270,13,1,2257.01,0,0.517,5,0,29369.01,8536.484324761572,0.7710469262981797,3,1.2241148067299512,2.585
T3220,U4415,36633.43,Withdrawal,NetBanking,iOS,Chennai,1626,7,0,25236.79,1,0.721,6,0,19103.46,24791.121321993483,0.7071067811865476,2,1.9176332454958425,4.326
T3221,U1737,25770.92,Payment,Card,Android,Bangalore,1599,12,1,15441.11,0,0.368,1,0,24561.75,13909.997585991883,0.0869281243598271,3,1.0492297983653445,0.368
T3222,U9423,8110.07,Transfer,Card,Web,Bangalore,389,9,0,4044.25,0,0.747,2,0,8110.07,,,1,1.0,1.494
T3223,U2759,4223.54,Payment,NetBanking,iOS,Hyderabad,1520,22,0,4161.9,0,0.751,7,0,23166.55,26789.46165416916,-0.7071067811865476,2,0.1823119972546624,5.257
T3224,U2145,1005.49,Transfer,NetBanking,iOS,Mumbai,105,11,3,15437.4,0,0.984,9,0,1005.49,,,1,1.0,8.856
T3225,U8536,8329.12,Transfer,Wallet,Android,Chennai,1894,20,0,7412.84,0,0.546,6,0,28073.8575,18542.66475929745,-1.0648273997457571,4,0.2966859826797938,3.276
T3226,U7860,44548.23,Payment,Card,Web,Hyderabad,1369,2,1,27666.75,0,0.404,6,0,40174.58,5066.072600042367,0.8633216191894735,3,1.108866103889574,2.4240000000000004
T3227,U4807,12114.77,Withdrawal,NetBanking,Web,Delhi,778,1,2,15018.57,0,0.64,5,0,18584.86333333333,7281.7395625312865,-0.888536767591313,3,0.6518622054255983,3.2
T3228,U8869,17745.85,Payment,Card,Web,Delhi,1749,10,3,29354.71,0,0.627,5,0,23838.6,8616.449682148675,-0.7071067811865475,2,0.7444166184255787,3.135
T3229,U9129,5312.01,Transfer,Card,Android,Mumbai,1756,23,2,22051.35,0,0.987,6,0,9122.13,5388.323378268978,-0.7071067811865476,2,0.5823212341854369,5.922
T3230,U4971,11156.95,Payment,Card,Web,Delhi,1362,17,4,24339.9,0,0.708,2,0,10074.986,6066.160396567173,0.1783605986765996,5,1.1073911169702866,1.416
T3231,U2384,25985.27,Withdrawal,UPI,iOS,Mumbai,1529,23,2,11727.47,0,0.307,6,1,29140.800000000003,4462.5933224751725,-0.7071067811865481,2,0.8917143661121176,1.842
T3232,U5687,30407.25,Withdrawal,Wallet,iOS,Delhi,838,20,4,4107.22,1,0.188,4,0,30407.25,,,1,1.0,0.752
T3233,U9108,12305.35,Transfer,UPI,iOS,Delhi,1671,3,4,20721.92,0,0.793,3,0,9911.505,3675.0037544697375,0.6513857290862564,4,1.24152184759025,2.379
T3234,U5064,2933.72,Payment,Wallet,Android,Hyderabad,1552,7,3,12271.43,0,0.18,7,0,16800.025,19609.91659100186,-0.7071067811865476,2,0.1746259306161746,1.26
T3235,U6671,19582.09,Withdrawal,Card,Web,Delhi,935,10,2,28471.57,0,0.627,5,0,10672.635,12599.872094352784,0.7071067811865475,2,1.834794312744697,3.135
T3236,U2205,11748.46,Payment,Card,Android,Mumbai,1158,14,0,5889.6,0,0.132,3,1,14778.57,3783.0687556929233,-0.8009661456562643,3,0.7949659540808075,0.396
T3237,U5493,11016.72,Withdrawal,NetBanking,Web,Bangalore,1816,22,3,18832.45,0,0.719,8,0,11016.72,,,1,1.0,5.752
T3238,U8165,47995.15,Transfer,Wallet,Android,Bangalore,629,23,3,25995.23,0,0.783,5,0,47995.15,,,1,1.0,3.915
T3239,U7529,30834.21,Transfer,Wallet,iOS,Bangalore,269,20,0,12144.59,0,0.991,3,0,30834.21,,,1,1.0,2.973
T3240,U6714,27866.08,Payment,UPI,Android,Mumbai,840,1,2,28614.66,0,0.954,9,0,27866.08,,,1,1.0,8.586
T3241,U4936,20817.97,Transfer,Wallet,Android,Mumbai,1615,22,3,2390.84,0,0.714,2,0,20817.97,,,1,1.0,1.428
T3242,U9520,21475.77,Withdrawal,Card,Android,Bangalore,559,18,4,17649.08,0,0.278,3,0,17457.775,5682.303022547283,0.7071067811865475,2,1.230155045531289,0.8340000000000001
T3243,U4598,27068.2,Transfer,NetBanking,iOS,Delhi,1720,14,0,23343.86,0,0.044,3,0,16862.510000000002,14433.025211375474,0.7071067811865474,2,1.6052295891892725,0.132
T3244,U7664,34836.67,Withdrawal,UPI,Android,Bangalore,709,12,1,6134.03,0,0.555,1,0,30053.5,6764.423885136115,0.7071067811865475,2,1.1591551732743277,0.555
T3245,U4357,35122.2,Withdrawal,NetBanking,Android,Chennai,1772,1,3,1829.94,0,0.766,7,0,19745.375,21746.114461237667,0.7071067811865475,2,1.7787557845824653,5.362
T3246,U7594,8626.11,Transfer,Wallet,iOS,Mumbai,1803,2,4,2488.94,1,0.011,6,0,22647.555,19829.31768306842,-0.7071067811865476,2,0.3808848239909341,0.066
T3247,U2509,25030.63,Withdrawal,Wallet,Web,Chennai,718,13,2,9644.95,0,0.525,6,0,25030.63,,,1,1.0,3.1500000000000004
T3248,U9054,20627.31,Withdrawal,UPI,Android,Chennai,1041,19,2,6772.83,0,0.883,6,0,28434.49,11041.01983988798,-0.7071067811865472,2,0.725432740309392,5.298
T3249,U9949,43532.82,Payment,Wallet,iOS,Mumbai,572,12,0,6794.32,0,0.637,7,1,43532.82,,,1,1.0,4.459
T3250,U6862,31589.38,Payment,NetBanking,Android,Bangalore,382,22,4,13809.78,0,0.684,6,0,31339.36,16316.11675622297,0.0153234990736777,3,1.0079778272434408,4.104
T3251,U7056,26648.58,Payment,Card,iOS,Hyderabad,231,15,0,2639.52,0,0.474,9,0,29781.59,4430.745233050528,-0.7071067811865475,2,0.8948004455101289,4.266
T3252,U4148,5813.96,Transfer,UPI,Web,Chennai,1913,11,3,29865.47,0,0.943,5,0,25780.165,28236.477900121507,-0.7071067811865475,2,0.2255206667606665,4.715
T3253,U7818,30301.61,Payment,Wallet,Web,Bangalore,540,0,0,20904.65,0,0.375,1,0,30301.61,,,1,1.0,0.375
T3254,U4408,5904.34,Withdrawal,NetBanking,Android,Hyderabad,359,5,1,1005.77,0,0.379,1,0,5904.34,,,1,1.0,0.379
T3255,U5795,16893.47,Transfer,Card,iOS,Chennai,1792,12,0,20787.93,0,0.518,1,1,36560.365,14047.694298772542,-1.400008754583907,4,0.4620706056955395,0.518
T3256,U1907,7184.96,Transfer,Wallet,Web,Bangalore,40,21,0,23775.65,0,0.586,2,0,21156.395,19758.592862814145,-0.7071067811865476,2,0.3396117344188364,1.172
T3257,U9960,34619.08,Transfer,UPI,Web,Chennai,1625,23,3,5803.79,0,0.537,4,0,18593.7,22663.30973818255,0.7071067811865476,2,1.8618714941082195,2.148
T3258,U6418,10352.29,Transfer,Wallet,iOS,Bangalore,1391,1,4,25224.28,0,0.819,6,0,19308.050000000003,12665.357253358472,-0.7071067811865476,2,0.5361644495430662,4.914
T3259,U7998,19623.38,Withdrawal,Wallet,Android,Delhi,31,17,1,18391.77,0,0.835,7,0,19623.38,,,1,1.0,5.845
T3260,U4474,44788.96,Withdrawal,Wallet,Web,Delhi,1322,16,0,24643.59,0,0.132,5,0,44788.96,,,1,1.0,0.66
T3261,U4084,10255.6,Payment,Card,Web,Mumbai,763,18,3,21529.14,0,0.596,7,0,19859.10666666667,12744.010625585392,-0.7535702024122831,3,0.5164179926186676,4.172
T3262,U7845,25414.86,Transfer,Card,Web,Hyderabad,223,22,3,21168.4,0,0.984,2,0,25468.298000000003,11456.654571142051,-0.0046643633766008,5,0.9979017836213476,1.968
T3263,U6190,20992.62,Payment,Wallet,Android,Chennai,721,14,3,4831.41,0,0.6,6,0,18962.83,2870.5565467692845,0.7071067811865466,2,1.1070404575688333,3.6
T3264,U3943,955.3,Withdrawal,Wallet,Web,Chennai,1198,7,4,9542.33,0,0.688,3,0,955.3,,,1,1.0,2.064
T3265,U4248,39648.27,Transfer,UPI,iOS,Bangalore,149,22,0,15745.04,1,0.861,9,0,25362.855,20202.627637128047,0.7071067811865474,2,1.5632415987868873,7.749
T3266,U9165,3498.84,Withdrawal,Wallet,Android,Hyderabad,1403,8,2,3465.14,0,0.867,4,0,3498.84,,,1,1.0,3.468
T3267,U9256,23739.04,Payment,NetBanking,Web,Chennai,974,7,1,14406.94,0,0.017,5,0,23739.04,,,1,1.0,0.085
T3268,U8456,28055.88,Withdrawal,NetBanking,iOS,Hyderabad,1353,7,2,13415.07,0,0.239,5,0,27057.540000000005,22239.762111344626,0.0448898686506515,3,1.0368969241106174,1.1949999999999998
T3269,U6926,31439.9,Transfer,UPI,iOS,Hyderabad,418,10,4,7034.51,0,0.863,2,0,31439.9,,,1,1.0,1.726
T3270,U7045,34447.15,Transfer,Card,Android,Delhi,447,17,0,6071.56,0,0.667,4,0,31441.085,4251.217892375077,0.7071067811865482,2,1.0956094549536062,2.668
T3271,U3928,12700.96,Payment,Wallet,iOS,Chennai,806,16,2,7496.49,1,0.632,7,0,12700.96,,,1,1.0,4.424
T3272,U7912,548.44,Transfer,UPI,Android,Chennai,22,21,2,18192.69,0,0.86,2,0,24690.245000000003,34141.668051166605,-0.7071067811865475,2,0.022212821298452,1.72
T3273,U8495,36186.01,Withdrawal,Card,Android,Mumbai,510,22,2,12507.08,0,0.807,5,0,36186.01,,,1,1.0,4.035
T3274,U1292,26806.05,Withdrawal,UPI,Android,Hyderabad,1059,5,1,12477.38,0,0.751,5,0,18611.36,11589.041737443178,0.7071067811865475,2,1.4403058132237514,3.755
T3275,U4117,41814.08,Withdrawal,Card,iOS,Bangalore,543,22,0,5533.82,0,0.047,5,0,41814.08,,,1,1.0,0.235
T3276,U5267,41078.35,Withdrawal,Wallet,Android,Delhi,870,23,3,23642.25,0,0.782,7,0,41078.35,,,1,1.0,5.474
T3277,U9527,42174.14,Payment,UPI,Android,Mumbai,85,1,0,21041.34,0,0.201,7,0,42558.055,542.9377997984681,-0.7071067811865475,2,0.9909790285293818,1.407
T3278,U1696,24280.48,Withdrawal,Wallet,iOS,Delhi,375,0,2,12929.34,0,0.026,8,0,31775.35,10599.34680222324,-0.7071067811865475,2,0.7641294273705876,0.208
T3279,U9100,16714.74,Payment,UPI,Android,Bangalore,1524,9,0,4351.84,0,0.492,1,0,13636.415,4353.408964392159,0.7071067811865476,2,1.225742983034764,0.492
T3280,U7898,39588.33,Withdrawal,Card,Web,Mumbai,1125,7,3,21469.56,0,0.942,3,0,29581.64,25764.08298562749,0.3883969014376424,3,1.3382736724535895,2.826
T3281,U2963,22592.14,Payment,UPI,iOS,Delhi,850,15,1,26975.45,0,0.886,1,0,33799.035,15848.94290109123,-0.7071067811865477,2,0.668425592624168,0.886
T3282,U1073,9212.94,Withdrawal,NetBanking,iOS,Bangalore,896,23,0,5430.03,0,0.982,7,0,23162.365,19727.46602230631,-0.7071067811865476,2,0.3977547197792626,6.874
T3283,U9171,42755.95,Withdrawal,NetBanking,iOS,Mumbai,1299,13,0,18119.55,0,0.247,5,0,30578.56,17221.430092306506,0.7071067811865475,2,1.398232944913037,1.235
T3284,U9212,44133.87,Payment,UPI,Web,Bangalore,1593,23,1,12786.83,0,0.695,2,0,44133.87,,,1,1.0,1.39
T3285,U6992,23342.17,Transfer,NetBanking,Android,Mumbai,508,15,1,2720.75,0,0.056,2,0,32779.926666666666,8227.42312888023,-1.147109674417726,3,0.7120873160383315,0.112
T3286,U4038,3831.2,Transfer,Wallet,iOS,Chennai,1203,13,2,21802.23,0,0.803,7,0,27594.23,22178.827169990294,-1.071428611525196,3,0.1388406199411978,5.621
T3287,U3887,19421.91,Transfer,NetBanking,iOS,Chennai,1379,6,2,2227.3,0,0.524,5,0,17099.015,3285.0696129686494,0.7071067811865479,2,1.13584963812243,2.62
T3288,U8567,40186.71,Payment,NetBanking,iOS,Delhi,1790,17,1,21096.72,1,0.996,4,0,31279.04,12597.34772314395,0.7071067811865472,2,1.2847807988991988,3.984
T3289,U2480,45093.61,Transfer,Wallet,Web,Hyderabad,1261,19,3,8506.47,0,0.24,8,0,36099.12,12720.12974462918,0.7071067811865474,2,1.2491609213742605,1.92
T3290,U8267,10213.46,Transfer,Wallet,Web,Hyderabad,708,8,2,17013.23,0,0.785,3,0,19930.025,6664.1354492662185,-1.4580383418031944,4,0.5124659903838554,2.355
T3291,U8621,3395.33,Payment,Card,Web,Bangalore,1982,23,3,4897.57,0,0.171,3,0,3395.33,,,1,1.0,0.513
T3292,U7407,43873.66,Transfer,Wallet,Android,Mumbai,689,3,1,11189.82,0,0.287,8,0,41938.215,2737.1325682272022,0.7071067811865482,2,1.0461499136288943,2.296
T3293,U6170,19500.78,Transfer,UPI,Android,Chennai,212,23,0,3212.28,0,0.296,2,0,27606.355,11463.0140958323,-0.7071067811865476,2,0.7063873517528844,0.592
T3294,U4098,27110.96,Transfer,NetBanking,Web,Hyderabad,455,15,1,14072.38,0,0.578,3,0,28588.255,2089.2106246259627,-0.7071067811865462,2,0.9483251076359857,1.734
T3295,U7185,48404.89,Payment,Card,Android,Chennai,527,21,1,6477.39,1,0.365,4,0,43557.97,6854.579999737399,0.7071067811865476,2,1.1112751581398306,1.46
T3296,U1723,3374.91,Payment,Wallet,Web,Bangalore,141,10,4,5719.12,0,0.439,3,0,3374.91,,,1,1.0,1.317
T3297,U5607,32433.48,Transfer,NetBanking,Android,Bangalore,1278,8,1,3303.86,0,0.522,8,0,33385.784,5435.124588915143,-0.175212910839654,5,0.9714757634566856,4.176
T3298,U3764,3751.57,Transfer,UPI,Android,Mumbai,100,16,2,22986.48,0,0.056,6,0,3751.57,,,1,1.0,0.336
T3299,U8736,18804.67,Payment,UPI,Web,Hyderabad,1856,21,0,19221.64,0,0.665,3,0,8244.027499999998,9067.349407838268,1.1646890425189589,4,2.281005248951438,1.995
T3300,U2800,40200.54,Transfer,Card,iOS,Bangalore,1159,10,3,4791.43,0,0.649,7,0,40200.54,,,1,1.0,4.543
T3301,U4836,21701.94,Payment,UPI,iOS,Bangalore,481,19,4,14225.64,0,0.965,4,0,11439.52,14513.253546768898,0.7071067811865476,2,1.8971023259717192,3.86
T3302,U4516,49859.26,Transfer,NetBanking,Android,Chennai,1998,2,2,19860.45,0,0.133,3,0,49859.26,,,1,1.0,0.399
T3303,U8416,27975.01,Payment,Wallet,Android,Delhi,1275,20,0,26354.25,0,0.031,2,0,18815.59,12953.375987471372,0.7071067811865475,2,1.4867995104059983,0.062
T3304,U4770,16092.05,Withdrawal,UPI,Android,Hyderabad,511,10,3,1881.21,0,0.133,8,0,16092.05,,,1,1.0,1.064
T3305,U8918,11044.56,Withdrawal,Wallet,Android,Mumbai,770,7,0,10934.41,0,0.422,8,0,14021.43,4209.929927421595,-0.7071067811865479,2,0.7876914123595097,3.376
T3306,U4894,17558.5,Payment,NetBanking,Android,Mumbai,396,9,2,18517.0,0,0.214,2,0,17558.5,,,1,1.0,0.428
T3307,U7097,18658.04,Withdrawal,NetBanking,Android,Chennai,1040,5,0,566.96,1,0.216,9,0,18743.9,121.4243764653509,-0.70710678118657,2,0.9954193097487716,1.944
T3308,U1077,3482.25,Transfer,Wallet,Web,Mumbai,1121,16,1,7381.44,0,0.869,7,0,25542.416666666668,21453.590639408903,-1.0282738697429754,3,0.1363320489773546,6.083
T3309,U8280,18510.23,Payment,NetBanking,iOS,Bangalore,607,5,0,22372.53,0,0.324,6,0,18510.23,,,1,1.0,1.944
T3310,U7222,23238.71,Payment,Card,iOS,Hyderabad,917,6,1,10736.52,0,0.417,3,0,26716.46,4918.281216543031,-0.7071067811865475,2,0.8698274397131955,1.251
T3311,U3538,36150.75,Transfer,UPI,Web,Mumbai,876,12,2,2626.39,0,0.684,3,0,34324.955,2582.064051112984,0.7071067811865471,2,1.0531914754148983,2.052
T3312,U5858,32853.64,Transfer,Card,Web,Hyderabad,1178,5,4,18835.2,1,0.34,4,0,32853.64,,,1,1.0,1.36
T3313,U2598,35452.84,Payment,Card,iOS,Mumbai,1484,2,1,7576.58,0,0.554,9,1,26805.586666666662,12328.413185898393,0.7014084621388516,3,1.3225914597902226,4.986000000000001
T3314,U4816,467.77,Transfer,Card,iOS,Delhi,1364,12,0,21079.46,1,0.523,8,0,10739.816666666668,8954.738667551015,-1.147107363823931,3,0.0435547472101479,4.184
T3315,U4638,10922.49,Payment,Wallet,Android,Delhi,1743,9,0,27015.23,0,0.262,2,0,10922.49,,,1,1.0,0.524
T3316,U3990,33101.13,Transfer,Wallet,iOS,Hyderabad,1908,3,0,15882.99,0,0.717,5,0,34642.98,2180.505181144957,-0.7071067811865467,2,0.9554931475294562,3.585
T3317,U7964,24225.27,Payment,NetBanking,Android,Delhi,1197,4,2,18014.4,0,0.834,6,1,24634.11,578.1870728406163,-0.7071067811865476,2,0.98340350026853,5.004
T3318,U7898,315.41,Transfer,Wallet,Android,Delhi,666,20,3,15480.74,1,0.783,5,0,29581.64,25764.08298562749,-1.1359313667917534,3,0.0106623567861687,3.915
T3319,U8215,40234.51,Transfer,NetBanking,iOS,Bangalore,351,18,0,24541.52,0,0.395,1,0,40234.51,,,1,1.0,0.395
T3320,U2253,38651.84,Withdrawal,Wallet,Android,Mumbai,1034,17,0,7327.27,0,0.933,9,0,38651.84,,,1,1.0,8.397
T3321,U5368,27443.54,Withdrawal,NetBanking,Android,Delhi,1153,23,1,12106.16,0,0.899,6,0,27443.54,,,1,1.0,5.394
T3322,U4983,3369.84,Withdrawal,UPI,Web,Hyderabad,1612,6,4,26861.44,0,0.267,5,0,28452.84333333333,22574.88782663678,-1.1111020141476475,3,0.1184359665050464,1.335
T3323,U7815,38337.43,Transfer,NetBanking,iOS,Bangalore,473,20,0,21737.02,0,0.124,6,0,38337.43,,,1,1.0,0.744
T3324,U1083,29206.49,Payment,UPI,Web,Delhi,1900,0,2,9670.57,0,0.894,3,0,29206.49,,,1,1.0,2.682
T3325,U7707,39108.9,Transfer,NetBanking,Android,Hyderabad,471,16,3,24995.7,0,0.745,9,0,39108.9,,,1,1.0,6.705
T3326,U7604,37599.76,Withdrawal,Wallet,Android,Mumbai,1082,23,3,7240.84,0,0.311,4,1,24766.596666666668,12072.991849091648,1.0629646316127417,3,1.518164183236588,1.244
T3327,U3646,40159.95,Transfer,Wallet,Web,Delhi,828,19,3,19061.96,0,0.305,6,0,42546.525,3375.126732620568,-0.7071067811865469,2,0.9439066997833548,1.83
T3328,U7423,25924.5,Withdrawal,UPI,Web,Hyderabad,1360,19,2,28698.06,0,0.322,6,0,19796.035,8666.95831952883,0.7071067811865475,2,1.3095804286060315,1.932
T3329,U7955,7059.21,Withdrawal,Card,Web,Hyderabad,483,17,3,17283.86,0,0.861,2,0,16038.166666666666,7776.246781515703,-1.1546645726328837,3,0.4401506822267715,1.722
T3330,U6955,33574.32,Payment,Card,Android,Chennai,897,4,3,24004.06,0,0.24,9,0,24909.823333333334,10636.221565745673,0.8146216786768512,3,1.3478345290017446,2.16
T3331,U4312,31042.67,Payment,NetBanking,iOS,Hyderabad,948,21,1,22089.38,0,0.651,2,0,31042.67,,,1,1.0,1.302
T3332,U1801,37125.55,Withdrawal,Wallet,Android,Chennai,377,5,3,25985.06,0,0.834,5,0,35547.465,2231.749209577547,0.70710678118655,2,1.0443937422823262,4.17
T3333,U7093,8535.56,Withdrawal,Card,Web,Mumbai,1320,9,1,29066.05,0,0.387,2,0,20722.465,17234.886334352486,-0.7071067811865475,2,0.4118988739997871,0.774
T3334,U5652,9789.01,Transfer,Wallet,iOS,Mumbai,1057,18,1,767.27,0,0.061,9,1,12620.6,4004.4729810800327,-0.7071067811865475,2,0.7756374498835238,0.5489999999999999
T3335,U4467,44525.96,Withdrawal,Wallet,Web,Bangalore,732,9,1,933.31,0,0.759,2,0,44525.96,,,1,1.0,1.518
T3336,U1362,37511.39,Transfer,Wallet,Android,Chennai,302,5,2,17873.23,1,0.02,8,0,37511.39,,,1,1.0,0.16
T3337,U6192,45416.01,Withdrawal,NetBanking,iOS,Hyderabad,1482,9,0,28631.94,0,0.831,1,0,45416.01,,,1,1.0,0.831
T3338,U7714,37947.83,Payment,UPI,iOS,Bangalore,1096,9,4,14621.92,0,0.361,3,0,43622.62,8025.364981619217,-0.7071067811865476,2,0.8699117567903991,1.083
T3339,U4786,29877.91,Payment,NetBanking,Android,Bangalore,577,20,3,25209.41,0,0.801,7,0,33178.465,4667.68964435833,-0.7071067811865469,2,0.9005211663649901,5.607
T3340,U2320,32723.93,Withdrawal,Card,Web,Mumbai,1491,11,4,23060.44,0,0.545,6,0,20501.12,17285.663672309493,0.7071067811865475,2,1.5962020611556833,3.2700000000000005
T3341,U7060,44461.94,Transfer,UPI,Web,Hyderabad,1563,23,0,14997.74,0,0.359,2,0,28110.75,23124.07465893933,0.7071067811865476,2,1.5816703574255402,0.718
T3342,U6587,28961.4,Transfer,Card,Web,Chennai,883,3,1,15443.85,0,0.899,9,0,11491.983333333335,15206.811890637478,1.1487888975217893,3,2.52013940152483,8.091000000000001
T3343,U3022,31637.95,Transfer,UPI,Android,Mumbai,970,12,1,13137.4,0,0.767,2,0,31637.95,,,1,1.0,1.534
T3344,U1370,7866.01,Withdrawal,UPI,Web,Bangalore,1446,9,1,7640.74,0,0.081,6,0,7866.01,,,1,1.0,0.486
T3345,U8487,23722.36,Withdrawal,NetBanking,iOS,Delhi,598,15,1,25775.5,0,0.931,1,0,13388.235,14614.659730258862,0.7071067811865475,2,1.7718810582574924,0.931
T3346,U4955,35834.04,Payment,Wallet,Web,Bangalore,269,18,3,6366.15,0,0.467,3,0,35834.04,,,1,1.0,1.401
T3347,U5515,13583.59,Payment,Wallet,Web,Delhi,1666,5,0,27216.92,0,0.149,5,0,14591.705,1425.6899054317523,-0.7071067811865476,2,0.9309117748748348,0.745
T3348,U5173,10152.6,Withdrawal,UPI,iOS,Mumbai,917,8,0,10855.86,0,0.771,7,0,10152.6,,,1,1.0,5.397
T3349,U6792,15725.65,Payment,NetBanking,iOS,Chennai,193,13,0,892.27,0,0.518,3,0,15725.65,,,1,1.0,1.554
T3350,U1146,12112.96,Transfer,Card,Web,Hyderabad,1081,23,4,5134.5,0,0.673,9,0,23216.605,15702.925350776206,-0.7071067811865475,2,0.5217369206221151,6.057
T3351,U7089,10784.89,Transfer,Card,iOS,Delhi,156,9,1,26645.96,0,0.694,4,0,10784.89,,,1,1.0,2.776
T3352,U9573,21271.3,Withdrawal,Wallet,Android,Hyderabad,1827,7,2,3940.49,0,0.197,9,0,19543.575,2443.3721270510573,0.7071067811865479,2,1.0884037337078811,1.773
T3353,U1773,45396.53,Transfer,Wallet,iOS,Mumbai,1909,2,0,22189.33,0,0.971,3,0,45396.53,,,1,1.0,2.913
T3354,U2254,25377.63,Withdrawal,Card,Android,Mumbai,1839,16,4,5566.13,0,0.106,3,0,24647.556666666667,8271.918792059878,0.0882592481485822,3,1.0296205154615057,0.318
T3355,U9235,9436.62,Transfer,Card,iOS,Mumbai,601,18,3,15018.09,1,0.606,4,0,9436.62,,,1,1.0,2.424
T3356,U2620,3894.73,Withdrawal,NetBanking,Android,Chennai,1781,2,1,6235.69,0,0.146,2,0,17215.45,18838.342884574533,-0.7071067811865477,2,0.2262345741761034,0.292
T3357,U5470,34823.0,Transfer,Card,Android,Delhi,1442,13,4,10061.65,0,0.877,5,0,34787.884000000005,11339.09510776896,0.003096896151434,5,1.00100943190451,4.385
T3358,U8864,19170.8,Transfer,NetBanking,Web,Hyderabad,1027,5,2,3832.18,0,0.173,9,0,19170.8,,,1,1.0,1.557
T3359,U5619,41100.46,Payment,Wallet,iOS,Bangalore,449,18,2,16724.47,1,0.441,8,0,41100.46,,,1,1.0,3.528
T3360,U6417,32992.56,Payment,Card,iOS,Mumbai,1491,17,3,11038.17,0,0.087,8,0,25161.005,11075.491295470823,0.7071067811865476,2,1.3112576385561705,0.696
T3361,U4337,39822.26,Payment,Wallet,iOS,Hyderabad,238,11,0,11027.98,0,0.448,8,1,42784.87,4189.763242022156,-0.7071067811865475,2,0.9307556619898576,3.584
T3362,U7355,13633.7,Payment,UPI,Android,Hyderabad,1317,14,0,1253.37,1,0.004,8,0,24426.24,15262.95644045412,-0.7071067811865475,2,0.5581579481737673,0.032
T3363,U7777,34633.33,Payment,UPI,Web,Chennai,1606,5,4,4170.24,0,0.443,6,0,34633.33,,,1,1.0,2.658
T3364,U2296,13239.9,Payment,UPI,iOS,Delhi,741,20,4,21255.16,0,0.688,7,0,13239.9,,,1,1.0,4.816
T3365,U3619,46956.47,Withdrawal,Card,Web,Chennai,1378,11,0,8840.38,1,0.183,5,0,46956.47,,,1,1.0,0.915
T3366,U8663,31836.9,Withdrawal,Wallet,Web,Chennai,1634,18,0,13317.87,0,0.553,6,0,31836.9,,,1,1.0,3.3180000000000005
T3367,U8264,16259.36,Payment,Card,Android,Hyderabad,956,6,4,22915.73,0,0.474,3,0,21784.78,7814.1239018075485,-0.7071067811865471,2,0.7463632866616051,1.422
T3368,U7868,13512.12,Withdrawal,Wallet,iOS,Delhi,1941,22,1,13398.25,0,0.335,5,0,22458.07,12651.48381831159,-0.7071067811865475,2,0.6016598933033872,1.675
T3369,U8194,9586.78,Payment,NetBanking,Web,Delhi,1297,19,2,6845.71,0,0.671,3,0,8804.403333333334,742.1876000266603,1.0541494719644509,3,1.0888619747467272,2.013
T3370,U9802,34747.32,Withdrawal,Card,iOS,Delhi,749,9,2,16539.74,0,0.995,5,0,27652.7575,9496.795985599125,0.7470480055334604,4,1.2565589525746212,4.975
T3371,U6895,10974.84,Transfer,UPI,iOS,Mumbai,387,17,3,24056.06,0,0.938,1,0,20163.35,12994.51546000081,-0.7071067811865472,2,0.544296458673782,0.938
T3372,U5294,29785.4,Withdrawal,NetBanking,iOS,Delhi,1136,1,2,18029.29,0,0.97,1,0,19275.800000000003,14862.818855116282,0.7071067811865474,2,1.545222506977661,0.97
T3373,U2953,13268.52,Withdrawal,Wallet,Web,Hyderabad,963,12,4,12663.42,0,0.02,6,0,20081.93333333333,8664.258618516262,-0.7863815743879674,3,0.6607192534583324,0.12
T3374,U8219,33115.35,Withdrawal,Card,Android,Mumbai,609,14,1,3856.17,0,0.256,8,0,29407.785,5243.2887063798025,0.7071067811865475,2,1.126074269109353,2.048
T3375,U1009,40756.24,Transfer,Wallet,Android,Bangalore,32,23,4,7536.52,0,0.923,4,1,34331.9,9085.388757295968,0.7071067811865474,2,1.1871245110232755,3.692
T3376,U5869,38912.36,Payment,Wallet,Web,Chennai,302,3,0,28388.95,1,0.048,7,1,38912.36,,,1,1.0,0.336
T3377,U1078,38054.52,Withdrawal,Card,iOS,Delhi,1300,6,0,23177.06,0,0.365,5,0,26449.275,16412.294873662548,0.7071067811865476,2,1.4387736525859405,1.825
T3378,U7616,9426.73,Withdrawal,Card,iOS,Bangalore,1562,2,2,2718.4,0,0.652,2,0,18331.19,12592.80809760873,-0.7071067811865478,2,0.514245392688636,1.304
T3379,U5483,4464.83,Transfer,Wallet,Android,Delhi,485,15,1,264.89,0,0.983,5,0,10366.195,8345.7904195139,-0.7071067811865475,2,0.4307105934241059,4.915
T3380,U4876,34962.49,Payment,Wallet,Web,Chennai,961,8,3,5345.04,0,0.276,2,0,34962.49,,,1,1.0,0.552
T3381,U9106,18448.94,Withdrawal,NetBanking,Web,Hyderabad,1982,22,4,28322.33,0,0.764,9,0,20123.495,2368.1783919396785,-0.7071067811865476,2,0.9167860751822684,6.876
T3382,U7335,21645.69,Transfer,UPI,Android,Hyderabad,460,22,3,17443.16,0,0.66,1,0,21645.69,,,1,1.0,0.66
T3383,U4667,1605.9,Payment,Wallet,Web,Chennai,907,16,3,25175.93,0,0.613,3,0,1605.9,,,1,1.0,1.839
T3384,U7743,13015.84,Payment,UPI,Web,Bangalore,294,7,3,14010.23,0,0.743,1,0,17739.045,6679.620568868413,-0.7071067811865474,2,0.7337396122508287,0.743
T3385,U7925,1732.14,Withdrawal,NetBanking,Android,Mumbai,1346,17,3,24816.42,0,0.254,5,0,1732.14,,,1,1.0,1.27
T3386,U4538,43965.33,Withdrawal,UPI,Android,Mumbai,1195,23,4,1114.1,0,0.339,4,0,43965.33,,,1,1.0,1.356
T3387,U5888,12207.66,Withdrawal,UPI,Web,Delhi,599,12,0,12861.9,0,0.56,6,0,19441.225,10229.805727307335,-0.7071067811865474,2,0.6279264809702064,3.3600000000000003
T3388,U8017,27888.99,Withdrawal,NetBanking,Web,Chennai,131,1,4,11390.08,0,0.439,5,0,27888.99,,,1,1.0,2.195
T3389,U4310,1997.02,Transfer,Wallet,Android,Chennai,1514,0,0,29448.24,0,0.722,7,0,1997.02,,,1,1.0,5.054
T3390,U3671,33359.03,Transfer,UPI,Android,Mumbai,1145,15,0,9084.22,0,0.801,7,0,30814.205,3598.926028866111,0.7071067811865468,2,1.0825860994953462,5.607
T3391,U3413,16185.22,Withdrawal,Wallet,iOS,Bangalore,1272,15,4,12565.81,0,0.528,5,0,12026.925,5880.717185348229,0.7071067811865476,2,1.3457488094421477,2.64
T3392,U6396,44901.06,Payment,Wallet,Web,Chennai,1243,10,4,22788.15,0,0.394,1,0,39363.065,7831.907637354385,0.7071067811865472,2,1.140690136807182,0.394
T3393,U1081,44411.5,Withdrawal,Card,Web,Hyderabad,1382,23,4,26433.32,0,0.912,9,0,44411.5,,,1,1.0,8.208
T3394,U5757,16298.27,Payment,Wallet,Android,Hyderabad,520,3,0,26363.81,0,0.75,2,1,16298.27,,,1,1.0,1.5
T3395,U6775,45053.0,Payment,Wallet,Android,Chennai,11,10,4,11895.88,0,0.673,7,0,22697.08,19361.42038488912,1.1546632197216262,3,1.9849689916059683,4.711
T3396,U7578,49808.08,Payment,UPI,iOS,Bangalore,901,5,1,28461.79,0,0.057,3,0,26981.275,32281.977216645977,0.7071067811865476,2,1.8460239555024731,0.171
T3397,U8933,41279.51,Transfer,Wallet,iOS,Hyderabad,1748,10,2,19639.92,1,0.528,6,0,41279.51,,,1,1.0,3.168
T3398,U7549,42251.32,Payment,Wallet,Android,Bangalore,808,0,2,25548.95,0,0.122,5,0,42251.32,,,1,1.0,0.61
T3399,U5806,12487.99,Payment,Card,Web,Mumbai,638,8,1,27795.69,0,0.661,6,0,21394.53,8861.149239635908,-1.0051224462128523,3,0.5837001326974698,3.966
T3400,U4850,28856.28,Transfer,Card,iOS,Delhi,1914,6,2,7084.63,0,0.3,5,0,28856.28,,,1,1.0,1.5
T3401,U3024,3409.43,Payment,UPI,Android,Mumbai,470,20,0,15026.03,0,0.739,9,1,18648.73,21551.624741072308,-0.7071067811865475,2,0.1828237097110634,6.651
T3402,U4451,4791.15,Payment,UPI,Android,Delhi,1845,21,4,17675.14,0,0.778,8,0,14763.53,14103.075045138206,-0.7071067811865475,2,0.3245260449228606,6.224
T3403,U8391,49944.69,Withdrawal,Card,Android,Hyderabad,1928,2,4,24092.89,0,0.3,1,0,49944.69,,,1,1.0,0.3
T3404,U4396,16365.63,Payment,Card,Web,Delhi,1891,8,4,12094.85,0,0.976,9,0,26021.105,13654.903696154362,-0.7071067811865475,2,0.6289367803557919,8.783999999999999
T3405,U8394,37421.79,Payment,NetBanking,Android,Delhi,961,1,1,6392.43,0,0.517,2,0,22697.47,16141.176802628115,0.9122209724883614,3,1.6487207605076688,1.034
T3406,U8920,40342.92,Payment,Wallet,Android,Chennai,1515,9,1,22322.71,0,0.218,5,0,40342.92,,,1,1.0,1.09
T3407,U9888,42908.26,Payment,UPI,Web,Delhi,1983,16,0,17810.8,0,0.775,6,0,35033.675,11136.34490505974,0.7071067811865475,2,1.2247718801981236,4.65
T3408,U2756,49881.53,Payment,UPI,Android,Chennai,1982,0,1,26959.14,0,0.761,1,0,25173.555,34942.35334377537,0.7071067811865475,2,1.9815051946377853,0.761
T3409,U7120,12112.75,Transfer,Wallet,Android,Delhi,1659,17,4,19685.4,0,0.414,7,0,12112.75,,,1,1.0,2.898
T3410,U3901,2065.52,Payment,Wallet,iOS,Chennai,1619,5,0,603.13,0,0.659,8,0,2065.52,,,1,1.0,5.272
T3411,U7955,20589.02,Payment,UPI,Android,Hyderabad,981,5,0,29002.88,0,0.022,1,0,16038.166666666666,7776.246781515703,0.5852249113480819,3,1.2837514678527264,0.022
T3412,U5112,6547.53,Transfer,Card,Web,Hyderabad,1274,8,4,17834.01,0,0.291,4,0,6547.53,,,1,1.0,1.164
T3413,U9220,1170.17,Transfer,Card,iOS,Delhi,991,9,3,17916.73,0,0.881,2,0,1170.17,,,1,1.0,1.762
T3414,U4450,18053.32,Payment,Wallet,Android,Bangalore,823,14,4,27286.92,0,0.232,5,0,31673.04333333333,14874.664103200224,-0.9156323288270496,3,0.5699900641060384,1.16
T3415,U7595,39197.73,Payment,UPI,Web,Hyderabad,63,3,0,19947.88,0,0.906,2,0,39197.73,,,1,1.0,1.812
T3416,U7834,28330.73,Payment,Wallet,Android,Mumbai,1704,7,3,14431.7,0,0.58,9,0,28330.73,,,1,1.0,5.22
T3417,U7546,15673.26,Withdrawal,Card,iOS,Mumbai,1500,3,4,3307.83,0,0.903,9,0,22565.2,9746.67501906163,-0.7071067811865476,2,0.6945766046833176,8.127
T3418,U2436,32734.38,Withdrawal,NetBanking,Web,Chennai,118,2,4,28869.74,0,0.131,5,0,31472.17,1785.0345005629445,0.707106781186549,2,1.0401055917021294,0.655
T3419,U7349,11639.31,Payment,NetBanking,iOS,Bangalore,289,3,3,2446.77,0,0.464,5,0,23836.245,17249.070896383088,-0.7071067811865475,2,0.4883030024234102,2.3200000000000003
T3420,U8227,768.35,Transfer,Card,Web,Chennai,1698,0,3,5191.96,0,0.296,4,0,768.35,,,1,1.0,1.184
T3421,U1164,38229.45,Payment,Wallet,Web,Delhi,1708,8,2,24604.15,0,0.887,1,0,38229.45,,,1,1.0,0.887
T3422,U4038,31205.97,Transfer,NetBanking,Android,Hyderabad,1090,10,3,14763.12,0,0.342,3,0,27594.23,22178.827169990294,0.1628463025712636,3,1.1308875080043908,1.026
T3423,U1209,38127.02,Transfer,Card,Web,Bangalore,849,20,1,5430.23,0,0.588,4,0,34508.22333333333,16123.035747068025,0.2244488397493473,3,1.1048676610125876,2.352
T3424,U7665,1994.95,Transfer,UPI,Web,Chennai,846,22,3,8656.24,1,0.828,7,0,1994.95,,,1,1.0,5.795999999999999
T3425,U3140,41864.13,Payment,Wallet,Android,Chennai,1247,18,0,29821.03,0,0.229,7,0,42453.81,833.9334534601671,-0.7071067811865475,2,0.9861100805793402,1.603
T3426,U8840,30995.33,Payment,Wallet,Web,Mumbai,1541,20,3,17562.2,0,0.046,7,0,21491.63,13440.261432725183,0.7071067811865475,2,1.4422047094613113,0.322
T3427,U5867,28191.6,Transfer,NetBanking,Web,Delhi,1061,19,4,12108.24,0,0.494,7,0,14442.915,19443.57679179553,0.7071067811865476,2,1.951932833503486,3.458
T3428,U5942,31249.47,Withdrawal,Wallet,Web,Chennai,213,6,1,26298.9,0,0.684,4,0,32926.880000000005,2372.2159716602505,-0.7071067811865499,2,0.949056515527739,2.736
T3429,U8717,43228.44,Withdrawal,NetBanking,Web,Mumbai,554,4,3,14442.94,1,0.719,9,0,22546.83,29248.213353711028,0.7071067811865475,2,1.9172735147246864,6.471
T3430,U6026,29367.48,Withdrawal,NetBanking,Android,Bangalore,318,1,1,9307.27,0,0.417,4,0,15191.45,20047.933886607865,0.7071067811865476,2,1.9331584542621012,1.668
T3431,U4198,29068.47,Transfer,Card,Android,Chennai,1667,18,2,5010.25,0,0.079,6,0,29776.45,14515.79466739248,-0.0487730789958312,3,0.976223492054963,0.474
T3432,U1496,49534.42,Payment,NetBanking,iOS,Mumbai,537,23,1,22359.63,0,0.403,1,0,37927.725,16414.34548332799,0.7071067811865475,2,1.3060213867296284,0.403
T3433,U4080,37848.67,Transfer,UPI,Web,Delhi,1699,2,4,17927.07,0,0.122,1,0,37848.67,,,1,1.0,0.122
T3434,U9314,22142.58,Withdrawal,Wallet,Android,Hyderabad,1941,14,2,2861.38,0,0.072,6,0,28744.685,9336.78643121122,-0.7071067811865476,2,0.7703191042100479,0.4319999999999999
T3435,U3956,35384.48,Payment,NetBanking,Web,Bangalore,1376,6,3,17790.03,0,0.303,1,0,41642.775,8850.565666331726,-0.7071067811865476,2,0.8497147464356062,0.303
T3436,U3424,19492.06,Transfer,Wallet,Android,Chennai,1018,4,1,4867.58,0,0.777,1,0,19492.06,,,1,1.0,0.777
T3437,U9295,11482.33,Transfer,NetBanking,iOS,Mumbai,1251,22,2,29453.42,0,0.768,6,0,11482.33,,,1,1.0,4.6080000000000005
T3438,U8196,29862.75,Withdrawal,Card,Web,Chennai,626,9,3,7865.3,0,0.608,8,0,35649.55,8183.771042740628,-0.7071067811865477,2,0.8376753703763441,4.864
T3439,U9388,46412.7,Transfer,UPI,iOS,Hyderabad,1622,8,3,20910.88,0,0.826,9,0,46412.7,,,1,1.0,7.433999999999999
T3440,U4019,46460.52,Payment,Wallet,iOS,Chennai,1120,22,1,19715.75,1,0.501,6,0,46460.52,,,1,1.0,3.006
T3441,U6242,17128.17,Withdrawal,Card,iOS,Chennai,40,13,1,20771.41,0,0.243,1,0,10545.579999999998,9309.18805354151,0.7071067811865477,2,1.6242036948181136,0.243
T3442,U4169,26407.49,Withdrawal,Wallet,Android,Mumbai,109,21,2,12956.85,0,0.57,7,0,26407.49,,,1,1.0,3.99
T3443,U2512,10621.21,Payment,Card,Web,Hyderabad,676,12,1,2322.52,0,0.923,2,0,21357.18,15182.954379230678,-0.7071067811865476,2,0.4973133157092836,1.846
T3444,U1622,49781.77,Withdrawal,UPI,Android,Bangalore,813,0,3,29402.22,0,0.036,7,0,49683.245,139.33539123280354,0.7071067811865867,2,1.0019830629017892,0.252
T3445,U9143,49056.84,Transfer,NetBanking,Android,Mumbai,1348,15,4,5826.62,0,0.965,4,0,36201.125,18180.726507003237,0.7071067811865474,2,1.355119212455414,3.86
T3446,U7224,32492.97,Transfer,Card,Web,Hyderabad,504,19,2,23114.64,0,0.744,1,0,32492.97,,,1,1.0,0.744
T3447,U9421,40230.48,Withdrawal,Wallet,Web,Hyderabad,1651,7,4,4213.45,0,0.686,9,0,40230.48,,,1,1.0,6.174
T3448,U4629,35769.25,Payment,Wallet,Web,Chennai,480,16,4,8507.79,0,0.614,1,0,32804.325000000004,10640.339460075196,0.2786494745891352,4,1.0903821371114937,0.614
T3449,U8462,29678.25,Transfer,Card,Web,Delhi,751,5,3,16840.61,0,0.258,7,0,29678.25,,,1,1.0,1.806
T3450,U9194,2714.73,Payment,UPI,Android,Delhi,1548,1,4,12462.73,0,0.886,6,0,2621.275,132.16532847157748,0.7071067811865476,2,1.0356524973533872,5.316
T3451,U5729,22765.48,Transfer,UPI,Web,Bangalore,743,12,0,28752.17,0,0.971,7,0,22765.48,,,1,1.0,6.797
T3452,U5134,33755.58,Transfer,NetBanking,Web,Chennai,1666,7,2,25445.79,0,0.924,1,1,33755.58,,,1,1.0,0.924
T3453,U3290,33892.7,Withdrawal,NetBanking,Web,Delhi,1705,8,3,27661.53,0,0.109,1,1,27162.16,9518.420950094607,0.7071067811865478,2,1.2477910446002822,0.109
T3454,U4710,18687.47,Withdrawal,Wallet,iOS,Mumbai,1816,12,1,19256.83,0,0.737,6,0,18687.47,,,1,1.0,4.422
T3455,U3144,47087.51,Payment,Wallet,Web,Bangalore,1007,17,3,6645.58,0,0.557,8,0,47087.51,,,1,1.0,4.456
T3456,U8075,8409.48,Withdrawal,NetBanking,Web,Chennai,340,17,1,15603.13,0,0.788,3,0,19889.07,18278.961764525902,-0.6280219931461595,4,0.4228191665070312,2.364
T3457,U7964,25042.95,Transfer,NetBanking,Android,Mumbai,1227,8,3,22989.45,0,0.352,2,0,24634.11,578.1870728406163,0.7071067811865476,2,1.0165964997314698,0.704
T3458,U8328,34559.65,Transfer,NetBanking,iOS,Delhi,1763,1,0,2035.07,0,0.957,4,0,34559.65,,,1,1.0,3.828
T3459,U1584,34871.93,Payment,Card,Android,Delhi,1224,3,2,25907.2,0,0.313,8,0,34871.93,,,1,1.0,2.504
T3460,U3916,32449.52,Payment,NetBanking,iOS,Delhi,261,17,4,18977.39,0,0.738,9,0,32449.52,,,1,1.0,6.642
T3461,U8292,13800.65,Transfer,Card,Android,Delhi,1771,16,3,21734.79,0,0.504,6,0,13800.65,,,1,1.0,3.024
T3462,U1844,7852.52,Withdrawal,Card,Android,Hyderabad,1034,11,2,20859.43,0,0.617,7,0,7852.52,,,1,1.0,4.319
T3463,U1169,31815.22,Withdrawal,NetBanking,Web,Bangalore,1492,15,2,25448.1,0,0.116,1,0,34349.96,3584.663685089576,-0.7071067811865475,2,0.9262083565745056,0.116
T3464,U9875,29985.14,Payment,UPI,Web,Bangalore,1678,12,2,2716.88,0,0.611,5,0,29985.14,,,1,1.0,3.055
T3465,U8942,9008.83,Payment,UPI,iOS,Delhi,1123,10,2,11373.61,0,0.564,6,0,9008.83,,,1,1.0,3.3839999999999995
T3466,U4350,35271.7,Transfer,Wallet,iOS,Bangalore,527,13,2,15128.24,0,0.719,6,0,21232.065,19855.042227767983,0.7071067811865475,2,1.6612467981800167,4.314
T3467,U4171,22785.84,Transfer,NetBanking,iOS,Mumbai,1516,9,4,16443.26,0,0.288,6,0,22785.84,,,1,1.0,1.7279999999999998
T3468,U5576,33404.64,Payment,Wallet,Web,Mumbai,1789,22,4,28282.4,0,0.832,7,0,33404.64,,,1,1.0,5.824
T3469,U8037,41876.49,Transfer,NetBanking,Android,Bangalore,1678,20,3,1369.67,0,0.945,4,0,32336.13,12084.741189198052,0.789455053330199,5,1.295037161218736,3.78
T3470,U6324,8527.94,Payment,Wallet,iOS,Delhi,1149,18,1,26005.16,0,0.882,5,0,19512.84,15534.994561312213,-0.7071067811865475,2,0.4370424807460114,4.41
T3471,U3457,1006.29,Payment,Card,Web,Chennai,82,23,3,16601.84,0,0.391,6,0,1006.29,,,1,1.0,2.346
T3472,U1560,38966.17,Withdrawal,NetBanking,Web,Delhi,165,20,2,16683.38,0,0.762,9,0,30179.59,14712.885576346562,0.5972030404508757,4,1.2911431202345691,6.8580000000000005
T3473,U8360,30504.39,Payment,UPI,Android,Hyderabad,732,16,1,9677.88,0,0.365,4,0,30504.39,,,1,1.0,1.46
T3474,U4289,34997.0,Transfer,NetBanking,Android,Chennai,78,8,3,19344.24,0,0.863,4,0,27403.98,18731.55137462725,0.4053599111008549,3,1.2770772712576786,3.452
T3475,U7963,41915.84,Withdrawal,Wallet,Web,Hyderabad,480,13,1,19427.75,0,0.375,7,0,32870.39666666667,15566.53136346159,0.5810827808798285,3,1.2751850981617805,2.625
T3476,U6456,40150.41,Withdrawal,Wallet,Android,Bangalore,501,4,4,5759.89,0,0.186,1,0,40150.41,,,1,1.0,0.186
T3477,U6081,48047.96,Transfer,Wallet,Android,Hyderabad,309,2,2,20342.48,0,0.489,7,0,44138.23,5529.1931912169575,0.7071067811865486,2,1.0885792203266873,3.423
T3478,U2696,26819.96,Transfer,Wallet,Web,Bangalore,1177,21,1,8074.52,1,0.135,8,0,26819.96,,,1,1.0,1.08
T3479,U8168,24450.36,Transfer,Wallet,iOS,Hyderabad,1744,7,0,20694.72,0,0.587,2,0,24450.36,,,1,1.0,1.174
T3480,U7293,20124.27,Payment,Wallet,iOS,Chennai,1239,17,2,18397.1,0,0.577,4,0,20124.27,,,1,1.0,2.308
T3481,U6499,7726.87,Withdrawal,UPI,Web,Hyderabad,927,2,4,21506.96,0,0.491,4,0,7726.87,,,1,1.0,1.964
T3482,U9551,28651.73,Payment,Wallet,iOS,Delhi,722,22,4,689.02,0,0.604,6,0,28651.73,,,1,1.0,3.624
T3483,U9493,13886.78,Payment,UPI,Web,Bangalore,760,1,3,3848.43,0,0.975,7,0,19960.243333333336,7475.538587756292,-0.8124449177856794,3,0.6957219793412671,6.825
T3484,U2465,46069.31,Payment,NetBanking,Web,Mumbai,416,10,0,25222.0,0,0.383,7,0,46069.31,,,1,1.0,2.681
T3485,U7551,29180.38,Payment,Card,Android,Hyderabad,948,4,1,11483.63,0,0.423,4,0,29180.38,,,1,1.0,1.692
T3486,U5753,29662.37,Withdrawal,UPI,iOS,Bangalore,589,6,3,25117.88,0,0.274,3,0,29662.37,,,1,1.0,0.8220000000000001
T3487,U8499,17778.49,Withdrawal,NetBanking,Web,Mumbai,1716,13,4,1973.96,0,0.184,4,0,17778.49,,,1,1.0,0.736
T3488,U3063,2646.87,Payment,Card,iOS,Bangalore,1955,18,1,23104.2,0,0.289,9,0,13316.0,15088.42834472166,-0.7071067811865476,2,0.1987736557524782,2.601
T3489,U7319,1635.6,Transfer,UPI,iOS,Bangalore,1330,1,4,2604.63,0,0.213,7,0,3269.785,2311.0865904266766,-0.7071067811865475,2,0.5002163750827654,1.491
T3490,U7306,21195.59,Withdrawal,UPI,iOS,Mumbai,591,8,4,14102.97,0,0.432,3,0,11762.87,13339.880554067942,0.7071067811865475,2,1.8019063374839643,1.296
T3491,U9955,4274.04,Payment,NetBanking,Web,Mumbai,808,9,0,28133.45,0,0.233,3,0,15810.265,16314.68585358756,-0.7071067811865476,2,0.2703332297086734,0.6990000000000001
T3492,U3980,30362.01,Transfer,Wallet,Android,Chennai,538,18,2,2422.57,0,0.517,5,0,30643.76,398.4546711986195,-0.7071067811865476,2,0.9908056322070138,2.585
T3493,U3683,44054.6,Transfer,UPI,iOS,Hyderabad,146,16,1,10584.8,0,0.286,8,0,27984.965,22725.89575938537,0.7071067811865475,2,1.57422387342632,2.288
T3494,U7914,44151.6,Payment,UPI,Web,Hyderabad,228,6,0,15598.62,0,0.425,5,0,24971.25,27125.11110106279,0.7071067811865476,2,1.768097311908695,2.125
T3495,U3930,32969.32,Withdrawal,NetBanking,iOS,Bangalore,1856,17,4,26993.77,1,0.129,6,0,19182.715,19497.203770080723,0.7071067811865476,2,1.7186993603355938,0.774
T3496,U4971,10601.03,Transfer,Wallet,Android,Delhi,527,5,4,10044.96,0,0.164,9,0,10074.986,6066.160396567173,0.0867177861465198,5,1.0522128765240963,1.476
T3497,U5979,43156.69,Withdrawal,Card,iOS,Delhi,1743,8,0,24230.54,0,0.614,9,0,38934.735,5970.746020728903,0.7071067811865475,2,1.1084367210923614,5.526
T3498,U6101,44310.37,Withdrawal,Wallet,Web,Bangalore,1481,7,1,21573.37,1,0.565,6,0,44310.37,,,1,1.0,3.39
T3499,U6626,9872.85,Transfer,Wallet,iOS,Chennai,141,21,4,9281.31,0,0.171,5,0,7027.775,4023.543650968633,0.7071067811865477,2,1.404832966337141,0.8550000000000001
T3500,U3598,36884.43,Payment,NetBanking,iOS,Mumbai,1396,21,1,10290.32,1,0.295,8,1,36884.43,,,1,1.0,2.36
T3501,U5277,14361.65,Transfer,Wallet,iOS,Bangalore,1996,23,0,5811.26,0,0.221,1,0,23957.24,13570.21351697165,-0.7071067811865476,2,0.5994701392981828,0.221
T3502,U7191,40141.88,Transfer,NetBanking,Android,Hyderabad,1377,8,4,20819.57,0,0.797,3,0,39357.28,1109.5919610379285,0.7071067811865476,2,1.0199353207335466,2.391
T3503,U2977,49862.03,Withdrawal,Card,iOS,Delhi,1729,23,3,16936.76,1,0.365,6,0,49862.03,,,1,1.0,2.19
T3504,U4322,1549.8,Payment,UPI,Web,Delhi,1051,0,3,4733.07,0,0.406,8,0,1549.8,,,1,1.0,3.248
T3505,U1820,44873.42,Withdrawal,UPI,iOS,Delhi,1449,1,4,18640.1,0,0.665,6,0,44873.42,,,1,1.0,3.99
T3506,U8494,31150.4,Transfer,NetBanking,iOS,Chennai,1758,21,2,15009.62,1,0.326,6,0,22370.83,12416.186965803954,0.7071067811865475,2,1.3924561583097277,1.956
T3507,U2755,48670.46,Payment,NetBanking,iOS,Hyderabad,569,23,4,2868.44,0,0.378,4,0,37785.295,15393.947971668927,0.7071067811865478,2,1.288079397024689,1.512
T3508,U8871,23277.23,Payment,Wallet,Android,Chennai,1574,3,4,28615.73,0,0.798,7,0,23277.23,,,1,1.0,5.586
T3509,U1435,42377.03,Payment,Wallet,Web,Mumbai,937,19,4,25059.2,0,0.795,7,0,28691.61,19354.106570772,0.7071067811865475,2,1.4769833411230668,5.565
T3510,U7700,3166.58,Payment,UPI,iOS,Bangalore,1186,17,0,2223.62,0,0.605,1,0,3166.58,,,1,1.0,0.605
T3511,U8984,16797.19,Payment,UPI,Web,Bangalore,341,9,4,27944.91,0,0.559,3,1,30043.08,18732.51728370216,-0.7071067811865477,2,0.5591034607636766,1.677
T3512,U3086,3397.48,Transfer,UPI,Web,Delhi,1783,0,4,27508.67,0,0.181,9,0,8365.305,7025.56549049612,-0.7071067811865477,2,0.4061394055566413,1.629
T3513,U3126,48768.39,Transfer,NetBanking,Android,Delhi,328,9,0,1361.27,0,0.473,6,0,40567.70333333333,8592.032421449152,0.9544524816031272,3,1.2021481620313563,2.838
T3514,U5546,40857.85,Transfer,Card,Web,Mumbai,1810,8,4,6124.22,0,0.274,4,0,34672.315,8747.667487533465,0.7071067811865469,2,1.1783998270666378,1.096
T3515,U8012,42634.74,Withdrawal,Card,iOS,Chennai,1232,22,3,21102.01,0,0.73,8,0,45485.855,4032.085500885372,-0.7071067811865461,2,0.937318645543763,5.84
T3516,U7685,46901.36,Payment,NetBanking,Android,Hyderabad,1559,12,3,28043.75,0,0.628,7,0,37088.21333333333,10452.552028621209,0.9388278230805532,3,1.2645893610045384,4.396
T3517,U8432,4300.92,Payment,Wallet,Android,Mumbai,1821,14,4,24711.13,0,0.378,6,0,4300.92,,,1,1.0,2.268
T3518,U6849,19310.6,Transfer,Card,Web,Bangalore,989,17,0,8528.75,0,0.535,4,1,19310.6,,,1,1.0,2.14
T3519,U9149,3598.19,Payment,Wallet,Android,Bangalore,1043,12,4,1099.81,0,0.421,4,0,25789.91,31383.83139638626,-0.7071067811865476,2,0.1395192926225799,1.684
T3520,U1384,10579.12,Withdrawal,UPI,Web,Chennai,1172,4,4,14239.33,0,0.146,8,0,10579.12,,,1,1.0,1.168
T3521,U6848,11506.82,Payment,UPI,Web,Mumbai,176,1,1,2849.66,0,0.781,3,0,22682.02,15804.119402231812,-0.7071067811865476,2,0.507310195476417,2.343
T3522,U3625,23481.91,Payment,Wallet,Android,Hyderabad,156,6,2,7434.36,0,0.898,9,0,9697.23,12101.432429084583,1.1390949030851834,3,2.4215069664223696,8.082
T3523,U3177,13464.68,Withdrawal,UPI,iOS,Mumbai,1436,8,0,19238.9,0,0.93,8,0,16405.27666666667,2724.611502771236,-1.079271912225193,3,0.8207529975619632,7.44
T3524,U3106,5093.86,Transfer,NetBanking,Web,Mumbai,1790,18,2,14901.07,0,0.789,4,0,12887.81,14000.153873007966,-0.556704595584952,3,0.3952463607082972,3.156
T3525,U9332,8416.18,Transfer,Wallet,Android,Chennai,948,13,1,11363.91,0,0.822,3,0,8416.18,,,1,1.0,2.466
T3526,U7934,7406.41,Payment,Wallet,Android,Hyderabad,454,16,2,27905.87,0,0.056,4,0,7711.525,431.4977710834669,-0.7071067811865469,2,0.96043389601927,0.224
T3527,U7733,48655.19,Withdrawal,Wallet,Web,Bangalore,79,19,4,5869.69,0,0.782,2,1,41655.75666666667,6942.088748045025,1.0082604223843232,3,1.1680303970791712,1.564
T3528,U1320,37976.66,Transfer,Card,Web,Delhi,1361,19,3,14675.6,0,0.303,6,0,28110.97,13952.192600168622,0.7071067811865476,2,1.3509551609211636,1.818
T3529,U4784,48389.69,Transfer,Wallet,Web,Hyderabad,842,10,0,17247.51,0,0.138,3,0,48389.69,,,1,1.0,0.414
T3530,U8107,22015.04,Transfer,Wallet,Web,Bangalore,928,21,0,9726.07,0,0.522,3,0,22015.04,,,1,1.0,1.566
T3531,U1642,13954.51,Payment,Wallet,iOS,Chennai,625,4,4,21188.39,0,0.57,1,0,8808.36,7277.755124006303,0.7071067811865475,2,1.5842347497150433,0.57
T3532,U9414,39924.75,Withdrawal,Card,iOS,Hyderabad,1262,11,2,26031.63,0,0.485,8,0,44572.82,6573.363632859511,-0.7071067811865476,2,0.895719633624258,3.88
T3533,U8007,16346.38,Payment,UPI,iOS,Hyderabad,1861,20,0,16290.22,0,0.653,8,0,22311.195,8435.522270046473,-0.7071067811865476,2,0.7326537193547903,5.224
T3534,U1990,15004.2,Transfer,Card,iOS,Bangalore,1683,8,1,23461.97,0,0.714,9,0,24401.78,13290.18508948615,-0.7071067811865474,2,0.6148813734080055,6.426
T3535,U7556,11663.67,Withdrawal,NetBanking,Android,Bangalore,328,16,1,1922.75,0,0.137,5,0,11663.67,,,1,1.0,0.685
T3536,U3876,6527.46,Payment,Wallet,Web,Mumbai,1931,7,2,4698.1,0,0.617,4,0,11789.9,7442.21401917467,-0.7071067811865475,2,0.5536484618190146,2.468
T3537,U5589,12860.33,Transfer,NetBanking,Android,Mumbai,45,23,1,13914.56,0,0.054,9,0,12860.33,,,1,1.0,0.486
T3538,U1707,17798.22,Transfer,Card,Android,Hyderabad,1663,7,3,27638.49,0,0.449,3,0,17798.22,,,1,1.0,1.347
T3539,U2255,33716.01,Payment,UPI,iOS,Delhi,264,11,4,15994.58,0,0.1,4,0,33716.01,,,1,1.0,0.4
T3540,U2501,3175.11,Transfer,UPI,Android,Chennai,1346,18,0,13025.83,0,0.45,8,0,3175.11,,,1,1.0,3.6
T3541,U4345,10564.82,Transfer,Wallet,iOS,Bangalore,971,9,4,18043.22,0,0.175,2,0,10564.82,,,1,1.0,0.35
T3542,U5484,40460.73,Withdrawal,UPI,Web,Mumbai,344,23,2,3821.53,0,0.734,3,0,21842.735,26329.82103319448,0.7071067811865476,2,1.8523655577014508,2.202
T3543,U1206,7388.75,Transfer,Card,iOS,Chennai,1053,1,4,19645.05,0,0.9,3,1,7388.75,,,1,1.0,2.7
T3544,U3235,17165.13,Payment,Card,Web,Hyderabad,307,23,0,2911.23,0,0.17,8,0,17165.13,,,1,1.0,1.36
T3545,U9021,43239.71,Withdrawal,UPI,iOS,Bangalore,1054,7,0,17346.12,0,0.737,2,0,31541.88,16543.22983633486,0.7071067811865477,2,1.370866606556109,1.474
T3546,U9613,7788.52,Payment,Wallet,Android,Bangalore,487,13,2,21460.26,0,0.146,8,0,7788.52,,,1,1.0,1.168
T3547,U6626,4182.7,Transfer,Wallet,Android,Mumbai,1801,18,0,12404.07,0,0.434,7,0,7027.775,4023.543650968633,-0.7071067811865475,2,0.5951670336628592,3.038
T3548,U5856,24252.67,Withdrawal,Card,iOS,Delhi,1793,3,1,27335.99,0,0.626,1,0,28814.965,6452.059464546963,-0.7071067811865475,2,0.8416692506827614,0.626
T3549,U3620,15155.85,Withdrawal,UPI,Web,Bangalore,481,8,4,4645.76,0,0.538,8,0,15155.85,,,1,1.0,4.304
T3550,U4365,28192.25,Withdrawal,Card,Web,Delhi,971,12,3,5211.66,0,0.057,1,0,22892.83,7494.511636711229,0.7071067811865471,2,1.2314881995803926,0.057
T3551,U1572,40200.05,Withdrawal,Card,iOS,Chennai,1711,8,3,15555.74,0,0.363,9,0,40200.05,,,1,1.0,3.267
T3552,U6516,6900.57,Payment,NetBanking,Android,Bangalore,479,12,3,27956.5,0,0.47,1,0,21548.79,15872.755663552878,-0.9228529885100756,5,0.3202300453993008,0.47
T3553,U3170,29055.92,Transfer,Card,Web,Bangalore,1382,15,2,11781.89,0,0.391,5,0,29055.92,,,1,1.0,1.955
T3554,U4403,25300.16,Transfer,Wallet,iOS,Delhi,776,21,3,27799.36,0,0.665,8,0,25300.16,,,1,1.0,5.32
T3555,U7243,7246.74,Withdrawal,UPI,Web,Mumbai,599,0,4,20834.9,0,0.888,4,0,5093.035,3045.7988203507466,0.7071067811865475,2,1.4228726093576816,3.552
T3556,U4554,31218.72,Transfer,UPI,Android,Hyderabad,1998,7,0,23498.4,0,0.668,6,0,31218.72,,,1,1.0,4.008
T3557,U2454,13718.34,Payment,NetBanking,Web,Chennai,801,8,1,28142.33,1,0.59,1,0,11715.515,2832.4222780598934,0.7071067811865479,2,1.1709549260105083,0.59
T3558,U7817,24417.32,Transfer,NetBanking,iOS,Bangalore,1827,23,3,17212.62,0,0.149,3,0,24417.32,,,1,1.0,0.4469999999999999
T3559,U2830,4159.5,Payment,Wallet,Web,Mumbai,395,12,3,19285.42,0,0.349,5,0,4159.5,,,1,1.0,1.745
T3560,U3507,23006.22,Payment,NetBanking,Web,Bangalore,951,16,3,17411.81,0,0.548,2,0,23006.22,,,1,1.0,1.096
T3561,U8518,15357.85,Transfer,Card,Android,Chennai,1910,21,1,23567.27,0,0.934,1,0,15357.85,,,1,1.0,0.934
T3562,U3923,41127.94,Payment,Card,Android,Hyderabad,1579,8,4,8274.85,0,0.305,9,0,41219.935,130.10057667051402,-0.7071067811865056,2,0.9977681915315976,2.745
T3563,U8962,2896.09,Payment,Wallet,Android,Bangalore,455,6,3,23662.63,0,0.338,8,0,2896.09,,,1,1.0,2.704
T3564,U2195,20959.43,Payment,UPI,Android,Delhi,1970,22,0,21435.01,0,0.59,3,0,30571.65,13593.731888513912,-0.7071067811865476,2,0.6855838660981661,1.77
T3565,U5250,22948.65,Payment,Wallet,iOS,Mumbai,108,19,2,18101.78,0,0.9,6,0,12030.53,15440.553379616937,0.7071067811865476,2,1.9075344145270408,5.4
T3566,U5153,36264.05,Withdrawal,NetBanking,Web,Hyderabad,664,22,1,1259.87,0,0.543,8,1,36264.05,,,1,1.0,4.344
T3567,U4059,28735.66,Transfer,UPI,Web,Bangalore,1088,9,4,23258.86,0,0.174,6,0,28735.66,,,1,1.0,1.044
T3568,U5856,33377.26,Withdrawal,UPI,Web,Hyderabad,1036,20,0,4059.54,0,0.075,8,0,28814.965,6452.059464546963,0.7071067811865475,2,1.1583307493172386,0.6
T3569,U7698,38863.61,Payment,UPI,Web,Delhi,1365,4,1,28862.96,0,0.889,3,0,38863.61,,,1,1.0,2.667
T3570,U7682,43117.04,Transfer,NetBanking,iOS,Bangalore,943,16,1,2536.64,0,0.67,4,0,43117.04,,,1,1.0,2.68
T3571,U8240,15728.08,Payment,Card,Android,Hyderabad,1468,1,2,21636.24,0,0.221,8,0,11380.866666666669,6124.40970087186,0.7098175245713022,3,1.381975596468927,1.768
T3572,U4458,26924.23,Transfer,Card,Web,Bangalore,1946,8,2,10876.73,1,0.725,8,0,26924.23,,,1,1.0,5.8
T3573,U7873,42013.4,Withdrawal,NetBanking,Web,Bangalore,1519,1,4,22097.14,0,0.72,6,0,28819.31,18659.26102117123,0.7071067811865475,2,1.4578211622693256,4.32
T3574,U6249,49473.08,Transfer,NetBanking,Android,Hyderabad,1252,9,3,15616.69,0,0.772,6,0,49473.08,,,1,1.0,4.632
T3575,U7600,44481.49,Payment,Wallet,Android,Bangalore,1244,11,2,18922.21,1,0.892,9,0,23964.3,29015.68835978564,0.7071067811865476,2,1.856156449385127,8.028
T3576,U5354,18604.79,Transfer,Wallet,Web,Delhi,826,1,4,2355.56,0,0.152,8,0,14527.985,5765.472922150446,0.7071067811865476,2,1.2806173739854494,1.216
T3577,U1736,9798.57,Transfer,Card,Android,Hyderabad,1529,14,1,28997.72,0,0.957,3,0,9798.57,,,1,1.0,2.871
T3578,U2057,24495.16,Withdrawal,NetBanking,Web,Hyderabad,670,2,3,215.01,0,0.999,7,0,29539.353333333333,12287.6016254163,-0.4105108130214498,3,0.8292381936593963,6.993
T3579,U9589,37094.99,Payment,Wallet,Web,Delhi,241,1,0,28240.67,0,0.014,9,0,37094.99,,,1,1.0,0.126
T3580,U7165,24653.83,Transfer,NetBanking,Web,Delhi,609,6,1,17090.68,0,0.091,3,0,23328.72,1873.9885336362129,0.7071067811865475,2,1.056801659070879,0.273
T3581,U3859,24184.88,Withdrawal,NetBanking,Web,Delhi,929,8,4,7822.28,0,0.434,9,1,24184.88,,,1,1.0,3.906
T3582,U3147,41919.61,Transfer,Card,Web,Bangalore,1756,10,0,19168.06,0,0.034,5,0,21982.505,28195.324285456445,0.7071067811865475,2,1.9069532794374435,0.17
T3583,U1730,18102.12,Payment,Card,Web,Bangalore,1768,21,1,20219.62,0,0.735,9,0,22071.892,12080.44824305249,-0.3286113164122888,5,0.8201435563385322,6.615
T3584,U3632,42996.74,Transfer,NetBanking,Android,Chennai,1841,15,2,21936.92,0,0.651,1,0,37694.05,7499.136115060182,0.7071067811865474,2,1.1406771095172843,0.651
T3585,U4960,20369.9,Transfer,UPI,iOS,Bangalore,1181,6,4,591.49,0,0.776,4,0,20369.9,,,1,1.0,3.104
T3586,U3727,16445.24,Transfer,UPI,iOS,Delhi,1240,12,0,29485.19,0,0.998,9,0,16445.24,,,1,1.0,8.982
T3587,U6173,22726.8,Transfer,NetBanking,Web,Chennai,369,2,2,18575.6,0,0.933,9,0,22726.8,,,1,1.0,8.397
T3588,U6772,38134.23,Payment,Card,Android,Delhi,1452,10,0,11388.33,0,0.3,6,0,22887.82,21561.67979950078,0.7071067811865477,2,1.6661363991852436,1.7999999999999998
T3589,U8780,6343.8,Withdrawal,UPI,Web,Mumbai,1977,2,3,17162.45,0,0.396,6,0,25449.595,16060.303201464369,-1.1896285369169086,4,0.2492691926924573,2.3760000000000003
T3590,U9274,9861.14,Withdrawal,Card,Android,Hyderabad,1772,14,3,5434.81,0,0.776,3,1,15478.96,7944.797234970821,-0.7071067811865475,2,0.6370673481939355,2.3280000000000003
T3591,U2920,47574.67,Transfer,UPI,Web,Mumbai,1450,7,4,7493.27,0,0.388,5,0,43984.7,5076.984262512534,0.7071067811865486,2,1.0816186082887913,1.94
T3592,U3536,8815.81,Payment,NetBanking,Web,Delhi,881,6,0,2664.81,0,0.699,8,0,9720.47,1279.382441336444,-0.7071067811865476,2,0.9069324837173512,5.592
T3593,U8532,28407.98,Payment,Wallet,iOS,Bangalore,1729,4,3,26389.09,0,0.919,2,0,28407.98,,,1,1.0,1.838
T3594,U8169,28986.76,Payment,Wallet,Android,Hyderabad,1586,5,1,7622.84,0,0.406,2,0,28986.76,,,1,1.0,0.812
T3595,U6704,24506.74,Payment,Card,Android,Bangalore,1215,18,1,22217.34,0,0.561,4,0,24506.74,,,1,1.0,2.244
T3596,U9380,32255.03,Payment,Card,iOS,Bangalore,565,2,3,8298.54,0,0.841,9,0,32255.03,,,1,1.0,7.569
T3597,U5326,11529.84,Payment,UPI,iOS,Hyderabad,1243,10,3,4465.06,0,0.478,5,0,11529.84,,,1,1.0,2.39
T3598,U5665,27655.48,Transfer,NetBanking,iOS,Hyderabad,1882,5,4,3333.22,0,0.289,3,0,27655.48,,,1,1.0,0.867
T3599,U7010,18640.05,Withdrawal,UPI,iOS,Mumbai,259,23,4,25821.31,0,0.258,8,0,15580.485,4326.878317962038,0.7071067811865474,2,1.1963716148759167,2.064
T3600,U3633,33100.28,Withdrawal,NetBanking,Android,Delhi,1545,20,1,3680.13,0,0.072,7,1,33100.28,,,1,1.0,0.504
T3601,U9539,7104.12,Transfer,NetBanking,Android,Bangalore,605,13,2,2705.76,0,0.33,9,0,17766.100000000002,9255.5532947739,-1.1519549032276908,3,0.3998694142214666,2.97
T3602,U6881,28565.33,Withdrawal,Card,iOS,Delhi,148,16,0,379.71,0,0.686,6,0,24575.57,5642.372702613679,0.707106781186548,2,1.1623465905368624,4.1160000000000005
T3603,U8279,9304.25,Payment,Wallet,Web,Delhi,999,2,2,11056.56,0,0.059,2,0,9304.25,,,1,1.0,0.118
T3604,U6303,13968.22,Payment,Wallet,Web,Chennai,1264,23,4,28286.35,0,0.274,1,0,25502.5,16311.935208208744,-0.7071067811865476,2,0.5477196353298696,0.274
T3605,U5279,10974.55,Withdrawal,Card,Web,Mumbai,919,3,2,27268.63,0,0.112,5,0,8514.494999999999,3479.0431451837444,0.7071067811865476,2,1.2889255322834767,0.56
T3606,U9063,9182.75,Payment,Wallet,Web,Bangalore,1971,8,4,3540.08,0,0.404,7,0,9182.75,,,1,1.0,2.8280000000000003
T3607,U9594,41294.26,Payment,Card,Android,Hyderabad,21,12,2,473.59,0,0.093,7,0,28398.715,18237.054633192554,0.7071067811865476,2,1.454089031845279,0.651
T3608,U9301,14321.09,Withdrawal,UPI,Android,Hyderabad,989,5,1,22555.12,0,0.746,2,0,17470.035,14169.40908589228,-0.2222354496868352,4,0.8197516490379098,1.492
T3609,U4041,46359.83,Transfer,NetBanking,Android,Delhi,282,9,4,9263.67,0,0.928,6,0,28639.175000000003,25060.7906351346,0.7071067811865475,2,1.6187557777065853,5.5680000000000005
T3610,U2251,48497.83,Withdrawal,Wallet,Web,Mumbai,497,19,1,25056.84,0,0.192,1,0,32243.38666666667,22666.521710435267,0.717112380143005,3,1.504117123346017,0.192
T3611,U2460,28584.46,Withdrawal,Wallet,iOS,Mumbai,1123,19,2,6541.34,0,0.251,1,0,28584.46,,,1,1.0,0.251
T3612,U6824,7192.91,Withdrawal,UPI,Web,Bangalore,1058,20,3,14817.04,0,0.16,2,0,27074.67,28117.054635846907,-0.7071067811865475,2,0.265669350725235,0.32
T3613,U3806,18758.68,Withdrawal,UPI,Android,Bangalore,547,12,3,1085.09,0,0.187,5,1,23033.095,6044.935664210991,-0.7071067811865479,2,0.8144228988765947,0.935
T3614,U5344,39896.73,Transfer,Wallet,Web,Delhi,1976,22,0,26851.97,0,0.312,2,0,39896.73,,,1,1.0,0.624
T3615,U9171,18401.17,Transfer,Wallet,iOS,Delhi,1698,13,3,5421.48,0,0.281,3,0,30578.56,17221.430092306506,-0.7071067811865475,2,0.6017670550869629,0.8430000000000001
T3616,U1961,4396.51,Payment,Card,iOS,Delhi,994,11,0,8911.62,0,0.385,9,0,4396.51,,,1,1.0,3.465
T3617,U1141,27861.41,Payment,Card,Web,Chennai,1605,22,2,14443.04,0,0.525,5,0,36311.27,11949.906612153918,-0.7071067811865475,2,0.767293735526188,2.625
T3618,U2117,42263.79,Withdrawal,Wallet,Android,Mumbai,1093,12,0,8210.94,0,0.728,3,0,26917.875,21702.401120024715,0.7071067811865476,2,1.5701012802830834,2.184
T3619,U3249,39806.52,Payment,Card,Android,Delhi,1828,9,0,1300.89,0,0.884,5,0,39806.52,,,1,1.0,4.42
T3620,U8547,8797.4,Transfer,UPI,Android,Mumbai,1204,6,0,969.68,0,0.459,3,0,8797.4,,,1,1.0,1.377
T3621,U1543,33654.59,Payment,NetBanking,Web,Hyderabad,597,4,1,28660.88,1,0.909,5,0,25419.385,11646.33859992272,0.7071067811865476,2,1.3239734163513397,4.545
T3622,U4286,11064.19,Payment,Card,Android,Hyderabad,797,11,0,9832.34,0,0.68,6,0,11064.19,,,1,1.0,4.08
T3623,U9144,10949.47,Payment,NetBanking,Web,Mumbai,1480,1,4,10098.31,0,0.729,9,0,10949.47,,,1,1.0,6.561
T3624,U8872,43709.89,Withdrawal,Card,Android,Hyderabad,1753,7,2,27694.71,0,0.522,2,0,34520.71666666667,12583.320403034855,0.7302661808656703,3,1.2661930058423854,1.044
T3625,U7013,12520.96,Payment,Wallet,iOS,Hyderabad,930,7,1,25101.0,0,0.523,3,0,7333.209999999999,7336.586408201023,0.7071067811865476,2,1.7074323522713792,1.569
T3626,U7265,13199.2,Transfer,Card,iOS,Hyderabad,1700,18,4,20639.55,0,0.532,6,0,24010.210000000003,20240.594293772603,-0.5341251271128048,3,0.5497328011708352,3.192
T3627,U1941,82.64,Transfer,NetBanking,Android,Bangalore,1725,4,2,19789.32,0,0.492,2,0,8548.063333333334,7382.827480717217,-1.146637024289635,3,0.0096676869107583,0.984
T3628,U3610,43539.92,Transfer,NetBanking,Web,Bangalore,1627,7,1,24052.46,0,0.459,8,0,43539.92,,,1,1.0,3.672
T3629,U8043,39640.11,Transfer,Wallet,Android,Mumbai,1043,9,2,5149.38,0,0.775,7,0,26332.405,18819.93689506025,0.7071067811865476,2,1.5053737020982323,5.425
T3630,U3668,31385.08,Payment,NetBanking,Web,Mumbai,252,12,3,19961.82,0,0.388,1,0,24937.23,17489.028460622583,0.3686797133710233,4,1.2585632004837748,0.388
T3631,U6132,37525.77,Withdrawal,Wallet,iOS,Chennai,1211,8,2,3042.12,0,0.207,5,0,19795.225,25074.777207266467,0.7071067811865475,2,1.895698078703324,1.035
T3632,U2408,7644.83,Transfer,Wallet,Web,Bangalore,807,6,3,3882.73,0,0.136,5,0,7644.83,,,1,1.0,0.68
T3633,U5393,22943.26,Transfer,NetBanking,Android,Mumbai,266,19,3,7358.41,0,0.88,1,0,22943.26,,,1,1.0,0.88
T3634,U4365,17593.41,Withdrawal,UPI,iOS,Bangalore,319,19,2,21323.13,0,0.863,6,0,22892.83,7494.511636711229,-0.7071067811865477,2,0.7685118004196073,5.178
T3635,U1863,4734.14,Withdrawal,NetBanking,Web,Chennai,525,18,3,26787.1,1,0.244,2,0,4734.14,,,1,1.0,0.488
T3636,U2877,24332.22,Transfer,NetBanking,Web,Mumbai,1248,10,1,20754.51,0,0.118,3,0,24332.22,,,1,1.0,0.354
T3637,U1617,46040.95,Transfer,Card,iOS,Mumbai,1936,7,3,12557.03,0,0.96,5,0,46040.95,,,1,1.0,4.8
T3638,U3857,2050.95,Withdrawal,NetBanking,Android,Mumbai,1063,21,0,15458.47,0,0.482,6,0,2050.95,,,1,1.0,2.892
T3639,U7515,14608.47,Transfer,Card,iOS,Mumbai,1379,15,1,21398.54,0,0.093,2,0,11500.91,4394.753497888134,0.7071067811865476,2,1.270201227555037,0.186
T3640,U1292,10416.67,Transfer,Card,Android,Delhi,1098,9,1,18437.13,0,0.215,4,0,18611.36,11589.041737443178,-0.7071067811865476,2,0.5596941867762485,0.86
T3641,U5391,11945.43,Payment,NetBanking,Android,Bangalore,645,5,1,15931.08,0,0.704,3,0,11945.43,,,1,1.0,2.112
T3642,U7252,45426.31,Withdrawal,Wallet,Web,Bangalore,806,9,0,7180.1,0,0.081,1,0,39185.205,8826.255335194532,0.7071067811865474,2,1.159271975226364,0.081
T3643,U9189,23430.05,Payment,UPI,Android,Bangalore,1186,9,0,18547.13,1,0.433,4,0,31720.245,8384.422191471118,-0.9887616356477172,4,0.7386465646781732,1.732
T3644,U1162,23341.66,Payment,NetBanking,Android,Chennai,49,18,0,658.18,1,0.428,6,0,37218.15,13356.678463791062,-1.0389177247635413,3,0.62715798609012,2.568
T3645,U5634,38040.75,Withdrawal,NetBanking,iOS,Delhi,1059,3,0,16845.61,0,0.686,7,0,17252.456666666665,18024.62556195366,1.1533273333129992,3,2.204946851047493,4.8020000000000005
T3646,U4615,7766.89,Payment,Wallet,iOS,Bangalore,1306,18,0,24640.28,0,0.199,6,0,7913.57,207.43684532888503,-0.7071067811865465,2,0.9814647497905498,1.194
T3647,U2657,24388.9,Transfer,Card,Android,Bangalore,1192,2,4,5474.54,0,0.984,1,0,24388.9,,,1,1.0,0.984
T3648,U5755,21527.76,Payment,Wallet,Web,Mumbai,1734,16,4,3514.89,0,0.155,5,0,33548.166666666664,12202.733437428413,-0.985058530394304,3,0.6416970624326217,0.775
T3649,U5578,29865.69,Withdrawal,Wallet,iOS,Mumbai,1809,13,0,29110.03,0,0.598,5,1,29865.69,,,1,1.0,2.99
T3650,U5885,49977.91,Transfer,Card,Web,Mumbai,590,9,1,25319.55,0,0.328,6,1,49977.91,,,1,1.0,1.968
T3651,U8588,38483.97,Transfer,NetBanking,iOS,Bangalore,10,5,3,9129.83,0,0.133,5,0,41080.73,3672.3732102279537,-0.707106781186547,2,0.9367888545310662,0.665
T3652,U5272,19923.39,Transfer,Wallet,iOS,Mumbai,88,15,3,6336.33,0,0.539,9,0,22593.41333333333,23093.927945805004,-0.1156158163998404,3,0.881822932465273,4.851
T3653,U1219,41386.27,Transfer,Wallet,Android,Bangalore,1261,8,4,10087.78,0,0.17,6,1,41386.27,,,1,1.0,1.02
T3654,U7825,8576.88,Payment,NetBanking,iOS,Chennai,1360,20,0,12993.63,0,0.68,9,0,8345.849999999999,326.72575931505514,0.7071067811865517,2,1.0276820216035516,6.12
T3655,U9686,1571.66,Payment,NetBanking,iOS,Chennai,1591,11,2,24650.38,0,0.032,4,0,1571.66,,,1,1.0,0.128
T3656,U1351,10262.2,Transfer,UPI,Web,Hyderabad,629,11,3,7252.19,0,0.51,3,0,10262.2,,,1,1.0,1.53
T3657,U4284,17053.56,Withdrawal,Wallet,iOS,Delhi,510,13,3,21653.27,0,0.219,6,0,17053.56,,,1,1.0,1.314
T3658,U7365,25553.51,Transfer,UPI,iOS,Mumbai,1508,1,1,27885.8,0,0.95,1,0,16960.18,12152.803831947587,0.7071067811865475,2,1.5066768159300197,0.95
T3659,U6009,30775.7,Payment,Card,Web,Mumbai,1388,9,3,11447.42,0,0.711,5,0,30775.7,,,1,1.0,3.555
T3660,U4832,45534.76,Transfer,NetBanking,Android,Delhi,1157,3,4,878.8,0,0.755,2,0,45534.76,,,1,1.0,1.51
T3661,U8025,25517.21,Payment,NetBanking,Android,Delhi,1693,5,0,24845.73,0,0.705,6,0,35068.86,13508.072973040977,-0.7071067811865476,2,0.7276315796977717,4.23
T3662,U5932,25088.72,Transfer,UPI,iOS,Hyderabad,987,22,0,21281.57,0,0.666,3,0,30067.13,7040.53494105384,-0.7071067811865475,2,0.8344235050036368,1.998
T3663,U9705,2559.64,Withdrawal,Wallet,iOS,Delhi,1457,12,3,4557.19,0,0.138,9,0,2559.64,,,1,1.0,1.242
T3664,U5533,1793.83,Transfer,Card,Web,Bangalore,1285,22,2,17947.48,0,0.997,2,0,21739.6,23066.416553723728,-0.8647103876557739,3,0.0825143976890099,1.994
T3665,U9206,27580.44,Withdrawal,Wallet,Android,Mumbai,1547,13,4,24762.01,0,0.657,1,0,28536.865,12036.451636448624,-0.0794607105888058,4,0.9664845805592168,0.657
T3666,U4553,21937.02,Withdrawal,Wallet,Android,Delhi,1767,3,3,5512.85,0,0.897,7,0,23258.625,1869.0317151000936,-0.7071067811865476,2,0.9431778533769732,6.279
T3667,U5629,41967.06,Transfer,UPI,Android,Bangalore,1734,9,4,6764.77,0,0.504,5,0,29173.046666666665,12977.224227103936,0.985882120046292,3,1.4385559547317306,2.52
T3668,U6783,8075.95,Withdrawal,Wallet,Web,Delhi,1540,9,2,6133.27,0,0.286,1,0,8075.95,,,1,1.0,0.286
T3669,U8856,1297.33,Withdrawal,UPI,Web,Bangalore,495,4,4,29925.3,1,0.437,5,0,1297.33,,,1,1.0,2.185
T3670,U3370,22479.49,Payment,NetBanking,Web,Chennai,487,3,4,6962.7,0,0.399,4,0,20555.895,2720.3741375130758,0.7071067811865476,2,1.093578751983312,1.596
T3671,U8326,11912.05,Payment,NetBanking,iOS,Bangalore,1616,11,4,8080.86,1,0.016,1,0,11912.05,,,1,1.0,0.016
T3672,U7621,2528.24,Withdrawal,NetBanking,Android,Hyderabad,1904,21,0,1532.98,0,0.675,8,0,2528.24,,,1,1.0,5.4
T3673,U5936,36243.68,Transfer,Card,iOS,Bangalore,342,13,2,29500.03,0,0.738,4,0,24468.05,16653.25565148749,0.7071067811865476,2,1.481265568772338,2.952
T3674,U4826,5624.07,Withdrawal,Card,iOS,Delhi,1642,6,0,7477.95,0,0.041,7,0,5624.07,,,1,1.0,0.287
T3675,U8132,30435.56,Transfer,Wallet,Web,Chennai,1265,1,1,21784.47,0,0.246,6,0,33756.965000000004,4697.17599713381,-0.707106781186548,2,0.9016083051305116,1.476
T3676,U6250,14088.44,Payment,UPI,Android,Chennai,1575,13,3,888.42,0,0.664,9,0,14088.44,,,1,1.0,5.976
T3677,U8194,8716.13,Transfer,Wallet,iOS,Bangalore,39,9,0,23523.75,0,0.322,1,0,8804.403333333334,742.1876000266603,-0.1189366857249616,3,0.9899739562135764,0.322
T3678,U2205,19018.59,Withdrawal,NetBanking,Android,Delhi,736,15,4,22543.25,0,0.934,9,0,14778.57,3783.0687556929233,1.1207885116069956,3,1.2869032660128823,8.406
T3679,U1329,40082.22,Withdrawal,Wallet,iOS,Chennai,182,2,1,2616.17,0,0.113,8,0,40082.22,,,1,1.0,0.904
T3680,U9861,19635.07,Withdrawal,Wallet,Web,Bangalore,801,7,2,3765.79,1,0.928,5,0,33812.185,20049.468308323045,-0.7071067811865474,2,0.5807098831382829,4.640000000000001
T3681,U2012,37550.94,Withdrawal,Wallet,iOS,Bangalore,477,22,2,8923.77,0,0.914,3,1,26720.1,15498.296312614497,0.6988406842618229,3,1.405344291376155,2.742
T3682,U6010,6318.04,Withdrawal,NetBanking,Web,Bangalore,1509,16,0,10704.57,0,0.956,2,0,10608.77,6068.0085584811095,-0.7071067811865477,2,0.5955487770966851,1.912
T3683,U3020,38649.93,Transfer,UPI,Android,Chennai,1985,3,4,23526.64,0,0.077,9,0,38649.93,,,1,1.0,0.693
T3684,U6003,11884.82,Withdrawal,Wallet,iOS,Mumbai,732,20,4,1929.55,0,0.272,3,0,20738.353333333336,15819.273725055566,-0.5596674972069389,3,0.5730840732131416,0.8160000000000001
T3685,U5503,33885.79,Payment,NetBanking,iOS,Delhi,1350,18,2,19542.16,0,0.251,4,0,36710.875,3995.273521856794,-0.7071067811865475,2,0.9230450105043806,1.004
T3686,U9402,28310.79,Withdrawal,Card,Web,Hyderabad,406,14,4,6933.16,0,0.885,6,0,16821.84,12100.0419066671,0.949496711550198,3,1.682978199768872,5.3100000000000005
T3687,U2447,46460.78,Transfer,UPI,Web,Hyderabad,134,19,3,11535.83,0,0.807,5,0,27847.54333333333,16215.592351043895,1.14786042123638,3,1.6683977988243843,4.035
T3688,U8604,19396.76,Withdrawal,NetBanking,Android,Delhi,1113,9,0,165.9,0,0.159,6,0,22428.31,4287.25912501216,-0.7071067811865468,2,0.8648337748140631,0.954
T3689,U3735,3354.95,Withdrawal,Wallet,Web,Mumbai,705,9,0,8804.6,1,0.141,2,0,3354.95,,,1,1.0,0.282
T3690,U6496,1006.82,Transfer,NetBanking,Android,Delhi,536,22,4,5223.0,0,0.474,5,0,1006.82,,,1,1.0,2.37
T3691,U2263,41351.59,Withdrawal,UPI,iOS,Bangalore,1556,23,2,15168.77,1,0.173,4,0,29125.073333333334,22983.971163605154,0.5319584061272756,3,1.419793506671571,0.692
T3692,U3197,26260.55,Transfer,Wallet,Android,Delhi,1429,11,3,4829.95,1,0.476,1,0,13679.98,17791.612716384087,0.7071067811865476,2,1.9196336544351675,0.476
T3693,U5976,38773.44,Withdrawal,Card,Android,Delhi,1887,8,3,25090.95,0,0.845,4,0,38773.44,,,1,1.0,3.38
T3694,U7060,11759.56,Payment,Card,Android,Chennai,1122,14,3,26498.88,0,0.5,2,1,28110.75,23124.07465893933,-0.7071067811865475,2,0.4183296425744599,1.0
T3695,U9013,17286.93,Withdrawal,Card,iOS,Hyderabad,1036,17,1,25374.16,0,0.724,7,1,31168.63333333333,14904.077618364492,-0.9314030488024692,3,0.5546258578335699,5.068
T3696,U1355,1553.69,Transfer,NetBanking,iOS,Hyderabad,545,19,4,29455.9,0,0.25,7,0,22563.4,29712.21682352564,-0.7071067811865476,2,0.068858859923593,1.75
T3697,U7370,48076.54,Payment,UPI,Web,Bangalore,610,0,3,27447.93,0,0.266,5,0,48076.54,,,1,1.0,1.33
T3698,U2722,33410.0,Transfer,Card,Android,Bangalore,1554,2,4,8465.66,0,0.594,1,0,33410.0,,,1,1.0,0.594
T3699,U6797,46663.59,Withdrawal,Wallet,iOS,Chennai,997,7,2,9502.38,0,0.852,1,0,32963.083333333336,12630.394209082577,1.0847251827511892,6,1.415631830557922,0.852
T3700,U2934,13311.55,Payment,Wallet,Android,Bangalore,1591,6,2,16026.52,0,0.531,7,0,13311.55,,,1,1.0,3.717
T3701,U9400,30592.61,Transfer,Wallet,Android,Mumbai,615,14,2,11610.23,0,0.198,1,0,17352.99,18723.65016466608,0.7071067811865475,2,1.762959005911949,0.198
T3702,U9912,33941.07,Payment,NetBanking,Android,Chennai,1104,7,1,29100.34,0,0.218,2,1,33941.07,,,1,1.0,0.436
T3703,U6197,15911.61,Payment,UPI,iOS,Chennai,709,14,2,10251.98,0,0.617,4,0,22872.645,9844.390105153798,-0.7071067811865475,2,0.6956611270799683,2.468
T3704,U3548,42413.06,Transfer,UPI,Android,Delhi,148,21,4,22228.46,0,0.103,5,0,42413.06,,,1,1.0,0.515
T3705,U7265,47360.72,Payment,Card,Android,Delhi,19,4,0,17303.31,0,0.065,1,0,24010.210000000003,20240.594293772603,1.1536474503213685,3,1.9725241886680709,0.065
T3706,U5189,44248.51,Transfer,UPI,Web,Mumbai,1548,11,0,28698.77,1,0.103,1,0,44248.51,,,1,1.0,0.103
T3707,U6341,36966.4,Payment,Wallet,Android,Chennai,1564,11,4,22361.08,0,0.392,3,1,36966.4,,,1,1.0,1.1760000000000002
T3708,U6354,13909.36,Payment,Wallet,Web,Chennai,139,8,0,9179.01,0,0.354,1,0,13909.36,,,1,1.0,0.354
T3709,U2099,14116.72,Payment,NetBanking,Android,Delhi,410,20,3,5992.34,0,0.002,3,0,14713.83,844.4410602285997,-0.7071067811865475,2,0.9594184518918596,0.006
T3710,U8923,48169.85,Withdrawal,Wallet,Web,Hyderabad,1254,8,0,25653.09,0,0.162,5,0,42927.98,7413.123646196652,0.7071067811865482,2,1.122108470978602,0.81
T3711,U4685,563.71,Withdrawal,UPI,iOS,Hyderabad,651,14,1,27339.33,0,0.348,3,0,563.71,,,1,1.0,1.044
T3712,U9725,35816.7,Transfer,Wallet,iOS,Delhi,446,14,2,24949.72,0,0.43,8,0,35596.634999999995,311.2189076036359,0.7071067811865533,2,1.006182185479049,3.44
T3713,U1438,35327.0,Payment,Card,Android,Bangalore,1433,19,0,22149.74,0,0.402,5,1,19005.78,23081.690678475006,0.7071067811865476,2,1.858750338055055,2.01
T3714,U9590,31153.34,Transfer,NetBanking,Web,Chennai,1146,11,0,9719.73,0,0.32,5,0,22446.2,12313.755477481272,0.7071067811865474,2,1.3879115395924475,1.6
T3715,U6941,49505.94,Withdrawal,NetBanking,iOS,Mumbai,1683,4,1,15210.66,0,0.812,6,0,27389.550000000003,31277.2986887327,0.7071067811865475,2,1.8074754787866172,4.872
T3716,U7597,15628.38,Withdrawal,UPI,Android,Hyderabad,1485,0,1,27479.52,0,0.416,4,0,15628.38,,,1,1.0,1.664
T3717,U1527,17031.59,Withdrawal,Wallet,Android,Bangalore,1588,21,0,4133.43,0,0.644,5,0,17031.59,,,1,1.0,3.22
T3718,U2626,3993.02,Withdrawal,Wallet,Web,Chennai,1251,18,3,14898.08,0,0.832,6,0,3993.02,,,1,1.0,4.992
T3719,U6007,22167.77,Transfer,UPI,Web,Bangalore,67,10,0,10729.73,0,0.854,6,0,22167.77,,,1,1.0,5.124
T3720,U5197,13089.37,Payment,UPI,Android,Chennai,1146,17,3,20356.94,0,0.857,5,0,13089.37,,,1,1.0,4.285
T3721,U3718,17202.17,Transfer,Card,Web,Chennai,709,5,2,19058.69,0,0.495,6,0,13515.64,5213.5407240952845,0.7071067811865475,2,1.2727602984394375,2.97
T3722,U9998,41736.86,Payment,UPI,Web,Delhi,1155,16,4,16845.71,0,0.661,9,0,23076.6,16679.649644135214,1.118744122216092,3,1.8086225873828896,5.949
T3723,U1843,46777.45,Withdrawal,Wallet,iOS,Delhi,417,13,2,8460.51,0,0.315,8,0,46777.45,,,1,1.0,2.52
T3724,U7409,9327.37,Payment,Card,Web,Mumbai,1493,11,0,4870.55,0,0.862,4,0,17873.903333333332,15452.91114690799,-0.5530694671109545,3,0.521842925188324,3.448
T3725,U1988,18656.82,Withdrawal,NetBanking,Android,Mumbai,1118,4,0,23551.72,0,0.213,2,0,18656.82,,,1,1.0,0.426
T3726,U4118,46435.1,Transfer,Wallet,Web,Bangalore,1651,6,3,29753.3,0,0.788,4,0,46435.1,,,1,1.0,3.152
T3727,U7072,3137.33,Payment,NetBanking,Android,Delhi,409,15,1,5155.91,0,0.47,6,0,3137.33,,,1,1.0,2.82
T3728,U8029,4663.41,Transfer,NetBanking,Android,Chennai,365,8,3,2366.19,0,0.299,7,0,27225.175000000003,31907.154054074614,-0.7071067811865476,2,0.1712903590151394,2.093
T3729,U5584,8181.41,Withdrawal,NetBanking,Web,Delhi,108,22,1,22397.35,0,0.38,4,1,8181.41,,,1,1.0,1.52
T3730,U5997,29780.88,Transfer,Wallet,Web,Chennai,1554,14,1,10381.29,0,0.588,3,0,21636.858,13216.719392153258,0.6161908835588271,5,1.376395777982182,1.7639999999999998
T3731,U9642,7566.09,Withdrawal,NetBanking,Web,Delhi,527,3,1,6468.81,0,0.93,1,0,7566.09,,,1,1.0,0.93
T3732,U6967,48405.42,Withdrawal,Wallet,iOS,Chennai,117,19,1,15801.26,0,0.098,7,0,48405.42,,,1,1.0,0.686
T3733,U8521,22363.39,Withdrawal,NetBanking,iOS,Bangalore,1994,22,0,20288.91,0,0.919,1,0,22363.39,,,1,1.0,0.919
T3734,U8410,25100.82,Transfer,UPI,Web,Delhi,161,23,4,6523.99,1,0.816,8,0,33663.23,12109.07634859901,-0.7071067811865474,2,0.7456450257447073,6.528
T3735,U5502,12370.6,Transfer,UPI,Android,Hyderabad,915,6,4,29835.66,0,0.587,5,0,12370.6,,,1,1.0,2.935
T3736,U1456,23574.46,Payment,Wallet,Web,Hyderabad,859,13,2,9913.9,0,0.13,8,0,33777.996666666666,9008.784535331795,-1.1326207910344774,3,0.6979235693768695,1.04
T3737,U7993,33112.59,Payment,NetBanking,iOS,Chennai,758,3,2,9517.1,0,0.812,2,0,33112.59,,,1,1.0,1.624
T3738,U4097,37571.3,Transfer,NetBanking,iOS,Bangalore,36,3,2,12747.73,1,0.691,3,0,37571.3,,,1,1.0,2.073
T3739,U9082,37705.71,Transfer,NetBanking,Web,Chennai,128,23,3,22376.38,0,0.497,4,0,22904.355,20932.27698249882,0.7071067811865476,2,1.6462244843829918,1.988
T3740,U4143,28915.66,Transfer,UPI,Android,Bangalore,732,13,2,26210.39,0,0.886,2,0,28915.66,,,1,1.0,1.772
T3741,U5191,45222.77,Transfer,NetBanking,Android,Mumbai,109,6,2,9787.18,1,0.664,4,0,25189.21,17259.91545879643,1.1606986168515672,4,1.795323076825355,2.656
T3742,U2947,40879.52,Withdrawal,NetBanking,iOS,Delhi,12,14,2,3650.55,0,0.289,6,0,35547.44333333333,13524.975512533594,0.3942392843318224,3,1.1499988794318354,1.734
T3743,U8630,37864.55,Withdrawal,Wallet,iOS,Bangalore,815,11,0,7758.31,1,0.044,7,0,37864.55,,,1,1.0,0.308
T3744,U4380,2827.5,Withdrawal,NetBanking,iOS,Chennai,1875,13,2,2619.96,0,0.759,6,0,6568.41,6846.415904639449,-0.5464041408096441,3,0.4304694743476732,4.554
T3745,U1688,393.55,Transfer,UPI,Android,Mumbai,1362,12,4,18947.3,0,0.255,7,0,7204.82,9632.59041098499,-0.7071067811865475,2,0.0546231550545329,1.785
T3746,U8888,10661.74,Withdrawal,NetBanking,iOS,Chennai,1562,18,0,22246.82,0,0.281,2,1,16069.995,7648.427569772102,-0.7071067811865475,2,0.6634563358607144,0.562
T3747,U8403,33193.0,Withdrawal,UPI,iOS,Hyderabad,1139,11,1,12935.07,0,0.45,1,0,31528.356666666663,19175.11386105525,0.0868126961537493,3,1.0527982904701558,0.45
T3748,U5155,20589.31,Payment,UPI,Android,Hyderabad,1263,15,3,28588.57,0,0.75,9,0,34522.995,19705.20630083456,-0.7071067811865477,2,0.5963940845804369,6.75
T3749,U2426,20150.19,Payment,Card,iOS,Delhi,313,15,0,21852.96,0,0.924,7,0,20150.19,,,1,1.0,6.468
T3750,U1399,44235.12,Withdrawal,UPI,iOS,Delhi,186,0,0,11451.8,0,0.216,2,0,44235.12,,,1,1.0,0.432
T3751,U5163,44783.36,Withdrawal,Card,Web,Mumbai,1972,14,4,3156.19,0,0.882,7,1,44783.36,,,1,1.0,6.174
T3752,U8939,45463.3,Withdrawal,Card,iOS,Hyderabad,93,4,2,14861.75,0,0.604,4,0,45463.3,,,1,1.0,2.416
T3753,U7155,15728.21,Transfer,NetBanking,Web,Bangalore,272,5,1,15164.68,1,0.856,3,1,15728.21,,,1,1.0,2.568
T3754,U5789,34568.24,Payment,Card,iOS,Hyderabad,1229,20,4,16562.55,0,0.848,4,0,23295.77,19160.611521913903,0.588314730305331,3,1.483884842613058,3.392
T3755,U9394,13618.08,Payment,Wallet,iOS,Delhi,1282,16,4,20505.24,0,0.392,5,0,11810.815,2555.8586738022127,0.7071067811865477,2,1.153017806137849,1.96
T3756,U1790,9570.96,Payment,UPI,Web,Chennai,1415,10,0,8005.04,0,0.678,9,0,7605.67,2779.339771996219,0.7071067811865475,2,1.2583980109576145,6.102
T3757,U5418,9272.39,Withdrawal,Wallet,iOS,Mumbai,467,3,1,174.29,0,0.947,4,0,9272.39,,,1,1.0,3.788
T3758,U5067,17138.28,Transfer,Card,Web,Hyderabad,1694,17,4,24404.06,0,0.672,9,0,24024.875,9739.116047570746,-0.7071067811865476,2,0.7133556366058096,6.048
T3759,U1933,21526.38,Payment,NetBanking,iOS,Bangalore,1751,19,3,24723.75,0,0.458,4,0,23120.97,9536.274011481984,-0.1672131063012726,4,0.9310327378133356,1.832
T3760,U8075,41555.91,Payment,UPI,Web,Bangalore,418,13,3,27357.49,0,0.372,1,0,19889.07,18278.961764525902,1.1853430342006062,4,2.0893842698527383,0.372
T3761,U1128,6038.56,Transfer,Wallet,Web,Bangalore,1114,22,4,29074.2,0,0.143,1,0,12933.645,9751.122720715292,-0.7071067811865476,2,0.4668877180408152,0.143
T3762,U1574,36759.55,Withdrawal,NetBanking,iOS,Mumbai,1734,8,0,4859.23,0,0.999,4,0,27123.303333333333,10881.589831386464,0.8855550352460655,3,1.3552755557920613,3.996
T3763,U3346,26596.17,Withdrawal,Card,iOS,Bangalore,1445,2,3,10680.76,0,0.658,4,0,26596.17,,,1,1.0,2.632
T3764,U4627,14432.87,Payment,NetBanking,Web,Bangalore,215,2,0,25555.64,0,0.277,7,0,20098.96666666667,20832.5466295658,-0.2719829105590613,3,0.7180901505715882,1.939
T3765,U6343,24666.34,Payment,Wallet,Android,Hyderabad,829,10,2,28026.58,0,0.074,1,0,24666.34,,,1,1.0,0.074
T3766,U3886,15032.11,Transfer,NetBanking,iOS,Mumbai,1024,19,2,534.43,0,0.754,5,1,13773.47,1779.9857581452725,0.7071067811865472,2,1.09138147467559,3.77
T3767,U5029,29824.29,Payment,Wallet,iOS,Chennai,1814,22,0,11687.27,1,0.855,8,0,29824.29,,,1,1.0,6.84
T3768,U1157,21720.5,Transfer,NetBanking,Android,Chennai,811,21,4,3490.24,1,0.428,8,0,21152.365,803.46422225884,0.7071067811865487,2,1.0268591715394473,3.424
T3769,U3244,8262.06,Payment,UPI,Android,Bangalore,904,4,2,23674.9,1,0.956,7,0,6657.4,2269.3319349976105,0.7071067811865476,2,1.2410340373118636,6.692
T3770,U6001,5873.32,Payment,NetBanking,Web,Delhi,882,3,2,22439.2,0,0.328,4,0,5873.32,,,1,1.0,1.312
T3771,U5791,27357.45,Payment,UPI,iOS,Mumbai,1996,11,3,22653.65,0,0.756,7,0,28774.855,2004.513374375435,-0.7071067811865476,2,0.9507415415299226,5.292
T3772,U6913,45125.53,Withdrawal,Wallet,Web,Delhi,397,23,4,11768.03,0,0.263,1,0,34608.1,17319.34612365317,0.607264842731924,3,1.3039008209060885,0.263
T3773,U6439,17230.69,Transfer,UPI,iOS,Mumbai,1845,11,0,12246.8,0,0.336,6,0,27324.825,12664.359844172935,-0.7970505516427238,4,0.6305873871104389,2.016
T3774,U8951,36663.36,Transfer,NetBanking,Android,Mumbai,903,3,2,7929.75,0,0.605,7,0,15514.083333333334,18524.15581205884,1.141713386631035,3,2.3632308279036787,4.234999999999999
T3775,U8173,32950.13,Withdrawal,UPI,Web,Hyderabad,776,2,4,10890.72,0,0.037,3,0,32950.13,,,1,1.0,0.1109999999999999
T3776,U2419,46581.17,Withdrawal,Wallet,iOS,Bangalore,1432,22,2,29494.14,0,0.211,8,0,46581.17,,,1,1.0,1.688
T3777,U8885,41058.0,Withdrawal,NetBanking,iOS,Hyderabad,1041,1,3,1492.41,0,0.176,8,0,41058.0,,,1,1.0,1.408
T3778,U9009,28351.93,Transfer,UPI,Android,Delhi,1659,3,4,9787.83,0,0.328,8,0,28351.93,,,1,1.0,2.624
T3779,U7312,32868.67,Payment,UPI,Android,Delhi,1550,23,1,23718.7,0,0.777,5,0,24389.126666666667,13240.30124371924,0.6404343207338841,3,1.3476772026003936,3.885
T3780,U1453,44924.4,Withdrawal,Card,iOS,Chennai,459,3,3,11532.14,0,0.908,7,0,46107.97,1673.8207460179235,-0.7071067811865475,2,0.974330468246596,6.356
T3781,U3306,20005.96,Withdrawal,UPI,Android,Hyderabad,1509,6,0,28504.53,0,0.013,5,0,20005.96,,,1,1.0,0.065
T3782,U2572,16373.4,Withdrawal,Card,Android,Hyderabad,351,1,4,10031.11,1,0.257,8,0,16894.920000000002,2876.6568605240345,-0.1812937813879539,3,0.969131549601892,2.056
T3783,U7683,590.01,Payment,Wallet,Web,Hyderabad,1106,10,2,25507.77,0,0.025,9,0,17903.190000000002,24484.533963806625,-0.7071067811865476,2,0.0329555794246723,0.225
T3784,U2536,41336.23,Payment,Card,iOS,Chennai,869,4,4,24471.34,0,0.861,4,0,24019.34,24489.780696123027,0.7071067811865476,2,1.7209561128657158,3.444
T3785,U8788,40058.99,Withdrawal,Wallet,Web,Hyderabad,130,12,0,375.31,0,0.199,4,0,30478.02,21492.94884307177,0.4457727075960735,3,1.3143567068989388,0.796
T3786,U9526,5267.5,Payment,UPI,Android,Hyderabad,311,3,4,12149.37,0,0.771,7,0,18605.935,18863.395677831973,-0.7071067811865475,2,0.2831085887379484,5.397
T3787,U9559,28864.03,Withdrawal,UPI,iOS,Hyderabad,970,8,2,8491.06,0,0.033,7,0,26592.01,3213.1214979829188,0.7071067811865467,2,1.0854399498195133,0.231
T3788,U8189,23225.89,Payment,Card,Android,Hyderabad,893,6,3,14440.3,1,0.398,8,0,16999.309999999998,8592.723333070837,0.7246340605469918,3,1.3662842785971905,3.184
T3789,U5634,5979.52,Transfer,Wallet,Android,Delhi,890,12,3,13936.85,0,0.359,7,0,17252.456666666665,18024.62556195366,-0.6254186322994445,3,0.3465894808797279,2.513
T3790,U3155,49029.38,Transfer,UPI,iOS,Bangalore,243,9,2,27175.33,0,0.329,7,0,36030.755,18382.83176720197,0.7071067811865477,2,1.3607647133677885,2.303
T3791,U1933,10774.06,Payment,Card,Android,Delhi,75,6,1,5589.08,0,0.57,6,0,23120.97,9536.274011481984,-1.2947310432915329,4,0.465986504891447,3.42
T3792,U6841,3408.35,Transfer,Card,Web,Hyderabad,239,17,1,5547.51,0,0.391,6,0,3408.35,,,1,1.0,2.346
T3793,U4961,29762.63,Transfer,Card,iOS,Mumbai,931,17,3,3331.2,0,0.403,3,0,23360.86666666667,7027.227390104388,0.9109941913005658,3,1.274037920967544,1.209
T3794,U4687,36956.39,Transfer,UPI,Android,Mumbai,1576,1,0,22185.67,0,0.189,4,0,36956.39,,,1,1.0,0.756
T3795,U1804,1670.55,Withdrawal,Wallet,Android,Chennai,1852,20,4,27544.02,1,0.415,4,0,11540.336666666664,12677.836281027348,-0.7785071874951573,3,0.144757475301847,1.66
T3796,U3284,32952.95,Payment,UPI,Android,Delhi,1842,0,2,11118.27,0,0.741,9,0,32952.95,,,1,1.0,6.669
T3797,U7221,26637.98,Payment,NetBanking,iOS,Chennai,60,12,0,1948.49,0,0.323,6,0,26637.98,,,1,1.0,1.938
T3798,U2553,5208.09,Payment,NetBanking,Web,Chennai,668,22,4,4765.04,0,0.857,3,0,19337.44,13564.37190628818,-1.041651622177206,3,0.2693267567992454,2.571
T3799,U7154,8667.57,Transfer,UPI,Android,Mumbai,1640,1,3,3161.29,0,0.166,4,1,8667.57,,,1,1.0,0.664
T3800,U9837,28420.32,Withdrawal,Wallet,Android,Delhi,1362,3,2,17810.97,0,0.847,6,0,28420.32,,,1,1.0,5.082
T3801,U1849,14853.06,Payment,Card,Android,Bangalore,396,8,0,8540.71,0,0.616,6,0,27408.605,17756.2220219857,-0.7071067811865476,2,0.5419122936026842,3.696
T3802,U9013,46918.87,Transfer,NetBanking,iOS,Delhi,1071,7,4,26933.68,0,0.424,5,0,31168.63333333333,14904.077618364492,1.0567736608711404,3,1.505323300454838,2.12
T3803,U5617,40946.07,Withdrawal,NetBanking,Android,Chennai,1743,17,3,4952.25,0,0.035,1,0,40946.07,,,1,1.0,0.035
T3804,U2966,49179.18,Withdrawal,UPI,Android,Hyderabad,762,15,3,27911.66,1,0.127,6,0,26958.675,31424.53953377917,0.7071067811865476,2,1.8242432167011176,0.762
T3805,U3604,13020.56,Payment,NetBanking,Android,Chennai,1206,3,4,10048.89,0,0.414,4,0,13020.56,,,1,1.0,1.656
T3806,U2026,48487.7,Payment,NetBanking,iOS,Delhi,502,3,1,26032.44,0,0.878,8,0,48487.7,,,1,1.0,7.024
T3807,U5745,21590.13,Transfer,Card,Web,Mumbai,1801,17,1,28474.98,0,0.957,1,0,21590.13,,,1,1.0,0.957
T3808,U1730,17408.56,Payment,Card,iOS,Delhi,1488,1,4,29592.27,0,0.93,5,0,22071.892,12080.44824305249,-0.3860230933634352,5,0.7887207856943121,4.65
T3809,U1264,2564.96,Transfer,Wallet,Web,Bangalore,50,20,4,24127.44,0,0.274,4,0,11770.33,13018.359100662416,-0.7071067811865475,2,0.2179174245751818,1.096
T3810,U4627,2685.62,Withdrawal,NetBanking,Web,Hyderabad,1954,10,4,3140.43,0,0.257,5,0,20098.96666666667,20832.5466295658,-0.8358722040229801,3,0.1336198046665748,1.285
T3811,U1778,34615.96,Withdrawal,Wallet,iOS,Hyderabad,955,19,3,1755.82,1,0.74,9,1,34615.96,,,1,1.0,6.66
T3812,U3149,22923.55,Withdrawal,Wallet,Android,Chennai,1162,23,2,22217.9,0,0.941,7,0,29922.09,9897.4301848106,-0.7071067811865472,2,0.7661079155901209,6.587
T3813,U4577,11364.76,Withdrawal,Card,Web,Delhi,1087,3,3,26921.49,0,0.133,3,0,14021.723333333332,2487.148163064141,-1.068277062376526,3,0.8105109286376354,0.399
T3814,U7756,30717.82,Payment,Card,Android,Mumbai,95,23,3,5065.1,0,0.378,3,0,30717.82,,,1,1.0,1.134
T3815,U1712,12680.26,Payment,UPI,Web,Bangalore,1757,13,1,28237.92,0,0.836,7,0,24707.865,17009.60211386645,-0.7071067811865476,2,0.5132074341510284,5.851999999999999
T3816,U8535,28902.71,Transfer,Card,Android,Chennai,1302,20,4,18345.81,0,0.492,1,0,36709.475,11040.432941259594,-0.7071067811865476,2,0.7873365118950898,0.492
T3817,U1680,17992.48,Transfer,Wallet,Android,Delhi,305,16,3,3807.88,0,0.842,8,0,30626.39,17867.046867801073,-0.7071067811865474,2,0.5874828864910294,6.736
T3818,U8843,41186.43,Transfer,NetBanking,iOS,Mumbai,1054,7,3,5094.31,0,0.117,3,0,41186.43,,,1,1.0,0.351
T3819,U6685,41043.77,Transfer,Wallet,Android,Delhi,1248,0,4,2072.07,0,0.777,8,0,41043.77,,,1,1.0,6.216
T3820,U5387,23893.65,Transfer,Wallet,Web,Mumbai,434,18,2,4382.14,1,0.39,8,0,23893.65,,,1,1.0,3.12
T3821,U9921,17573.41,Withdrawal,Wallet,Android,Delhi,198,18,1,21990.51,1,0.693,2,0,17573.41,,,1,1.0,1.386
T3822,U3467,18159.86,Withdrawal,Card,Android,Delhi,170,20,0,6641.11,0,0.293,3,0,18159.86,,,1,1.0,0.879
T3823,U1768,40295.44,Withdrawal,Wallet,Android,Chennai,722,6,3,16893.46,0,0.692,1,0,40295.44,,,1,1.0,0.692
T3824,U9334,16442.57,Transfer,UPI,Web,Delhi,1574,0,2,21660.33,0,0.702,6,0,16442.57,,,1,1.0,4.212
T3825,U1338,10492.52,Withdrawal,NetBanking,Web,Delhi,390,0,0,26868.8,0,0.419,3,0,12811.873333333337,2538.5705497648337,-0.91364541101613,3,0.8189684464566982,1.257
T3826,U5702,4280.18,Withdrawal,Card,Web,Chennai,253,9,4,17738.81,0,0.969,9,0,22601.83666666667,17156.168062694927,-1.0679340864295932,3,0.1893731055190057,8.721
T3827,U9721,23361.32,Withdrawal,Wallet,Android,Chennai,192,12,0,17134.55,0,0.0,1,1,23361.32,,,1,1.0,0.0
T3828,U4259,24132.5,Withdrawal,UPI,iOS,Hyderabad,553,21,4,27393.41,0,0.674,8,0,27010.74333333333,7175.814801472604,-0.4011033468621104,3,0.8934407951009123,5.392
T3829,U1817,42053.39,Payment,NetBanking,Web,Hyderabad,788,4,2,8917.66,0,0.909,7,0,42053.39,,,1,1.0,6.363
T3830,U9302,11100.87,Transfer,Wallet,Android,Chennai,957,11,0,6190.68,0,0.857,7,0,22694.395,16395.720290711535,-0.7071067811865476,2,0.4891458882248238,5.999
T3831,U6158,19080.51,Transfer,NetBanking,Web,Bangalore,1581,2,1,26196.6,0,0.565,8,0,26693.1275,6135.783408706532,-1.2406920181044656,4,0.7148098326057896,4.52
T3832,U2880,40429.87,Payment,Card,iOS,Mumbai,102,18,2,2328.24,0,0.896,9,0,40429.87,,,1,1.0,8.064
T3833,U1249,41190.0,Withdrawal,Card,Android,Chennai,377,3,0,5771.5,0,0.108,8,0,41190.0,,,1,1.0,0.864
T3834,U6948,19261.32,Withdrawal,UPI,Web,Hyderabad,168,14,3,12396.47,0,0.543,6,0,19261.32,,,1,1.0,3.258
T3835,U1014,22983.24,Withdrawal,Card,Web,Delhi,407,12,0,10901.39,0,0.981,1,0,22983.24,,,1,1.0,0.981
T3836,U9560,15199.13,Transfer,UPI,iOS,Chennai,1992,10,0,21212.15,0,0.992,1,0,13665.865,2168.364157711983,0.7071067811865475,2,1.1121967032456417,0.992
T3837,U5819,46631.12,Transfer,Wallet,Web,Chennai,1213,1,1,2845.03,0,0.679,7,0,46631.12,,,1,1.0,4.753
T3838,U1534,5976.26,Transfer,NetBanking,Android,Hyderabad,447,8,2,14367.02,0,0.168,3,0,25634.405,27800.81527009685,-0.7071067811865476,2,0.2331343364513434,0.504
T3839,U4535,46690.78,Transfer,Card,Android,Hyderabad,382,11,3,24275.79,1,0.113,3,0,24672.59,19131.861275440504,1.1508650247357095,3,1.8924150241219104,0.339
T3840,U6471,34209.13,Transfer,NetBanking,iOS,Bangalore,315,3,2,20531.97,0,0.922,9,0,34209.13,,,1,1.0,8.298
T3841,U1787,26602.03,Payment,NetBanking,iOS,Hyderabad,994,18,2,18986.31,0,0.881,4,0,17221.98,13265.39392573775,0.7071067811865475,2,1.5446557248353556,3.524
T3842,U4294,1681.32,Transfer,Wallet,iOS,Hyderabad,1412,9,3,7256.86,0,0.315,3,0,25525.19,33720.32433346097,-0.7071067811865475,2,0.0658690493586923,0.945
T3843,U2518,23806.03,Withdrawal,Wallet,Android,Hyderabad,1983,10,3,11869.62,0,0.932,2,0,23806.03,,,1,1.0,1.864
T3844,U3769,20417.02,Transfer,Card,iOS,Delhi,1251,6,1,5503.63,0,0.131,5,1,20417.02,,,1,1.0,0.655
T3845,U1226,8102.88,Payment,Wallet,Web,Chennai,991,12,4,15316.86,0,0.294,9,0,28707.055,29138.703726508666,-0.7071067811865475,2,0.2822609285417818,2.646
T3846,U7133,32837.66,Withdrawal,NetBanking,Web,Chennai,338,8,1,17566.63,0,0.644,8,0,17043.355000000003,22336.52033925719,0.7071067811865475,2,1.9267133730418688,5.152
T3847,U5572,48558.99,Payment,UPI,Android,Hyderabad,1898,11,3,18972.32,0,0.171,8,0,39489.19666666666,16394.758608226995,0.5532129841046914,3,1.2296778384704206,1.368
T3848,U3332,28131.33,Withdrawal,UPI,Web,Bangalore,352,1,0,26291.08,0,0.989,1,0,24715.94,4830.0908587934455,0.7071067811865474,2,1.1381857214413047,0.989
T3849,U7510,35751.93,Transfer,UPI,iOS,Hyderabad,1772,21,0,1948.71,0,0.223,9,0,32977.8625,11633.503272139986,0.238455041023056,4,1.0841190813989232,2.007
T3850,U5234,3469.1,Payment,Card,Web,Bangalore,733,20,2,11710.54,0,0.245,8,0,29435.323333333334,22897.100503964102,-1.1340398024997915,3,0.1178549989315558,1.96
T3851,U2177,20912.47,Withdrawal,Wallet,iOS,Chennai,1898,0,2,17770.02,0,0.475,3,0,34340.72,18990.413268936514,-0.7071067811865475,2,0.6089700507153024,1.4249999999999998
T3852,U4692,5862.11,Transfer,Wallet,Web,Bangalore,1196,6,4,17146.67,0,0.778,8,0,21224.3,21210.79097290575,-0.7242629480260006,3,0.2761980371555245,6.224
T3853,U4622,30659.15,Withdrawal,Wallet,Android,Bangalore,1911,0,4,748.95,0,0.12,9,0,28306.34333333333,13883.14967520459,0.1694721098389364,3,1.0831194138698947,1.08
T3854,U6055,46927.18,Payment,Wallet,iOS,Mumbai,167,15,4,5760.34,0,0.667,2,0,43534.93,4797.365956960131,0.7071067811865476,2,1.077920189604072,1.334
T3855,U4060,33105.8,Payment,NetBanking,Web,Bangalore,1143,3,4,25387.77,1,0.099,1,0,33105.8,,,1,1.0,0.099
T3856,U4465,3886.31,Payment,UPI,Android,Bangalore,1600,7,0,15510.22,0,0.095,1,0,3886.31,,,1,1.0,0.095
T3857,U2434,17765.58,Payment,NetBanking,Web,Delhi,359,16,3,12465.41,0,0.041,1,0,17765.58,,,1,1.0,0.041
T3858,U1119,27555.64,Transfer,Card,Android,Chennai,735,20,4,27015.24,1,0.545,5,0,17568.77,8881.62576915398,1.124441657369144,3,1.5684444613937116,2.725
T3859,U6829,20190.23,Withdrawal,UPI,Web,Hyderabad,374,18,1,2341.07,0,0.436,2,0,34049.615,19600.13023315024,-0.7071067811865475,2,0.5929650012195439,0.872
T3860,U5645,41690.52,Transfer,UPI,iOS,Mumbai,1930,3,4,27677.08,0,0.307,4,0,34299.119999999995,10453.018124924489,0.707106781186548,2,1.2154982401880865,1.228
T3861,U2429,40742.82,Payment,NetBanking,iOS,Bangalore,24,3,0,930.72,0,0.527,1,0,16804.78,20742.829674159697,1.1540392692816026,3,2.4244780354161137,0.527
T3862,U2085,30610.96,Withdrawal,Card,iOS,Delhi,162,7,2,16923.84,1,0.502,2,0,30610.96,,,1,1.0,1.004
T3863,U9327,18704.22,Payment,Card,iOS,Delhi,541,9,1,16697.22,0,0.474,7,0,18704.22,,,1,1.0,3.318
T3864,U7260,12804.05,Transfer,UPI,iOS,Hyderabad,976,15,4,19208.14,0,0.172,9,0,15851.305,4309.469349009227,-0.7071067811865476,2,0.8077599920006585,1.5479999999999998
T3865,U9646,5338.42,Transfer,Wallet,Web,Hyderabad,1433,18,0,985.83,0,0.897,6,0,5338.42,,,1,1.0,5.382
T3866,U6085,17777.14,Transfer,Card,Web,Chennai,1085,0,2,15962.52,0,0.62,5,0,32324.835,20573.547570267263,-0.7071067811865475,2,0.5499530005334907,3.1
T3867,U1000,20687.97,Withdrawal,NetBanking,Web,Bangalore,864,4,4,3497.06,0,0.127,7,0,20687.97,,,1,1.0,0.889
T3868,U7268,33807.36,Withdrawal,Card,Web,Delhi,478,1,0,4763.78,0,0.255,9,0,16178.7,16463.957740944308,1.070742544252236,3,2.0896215394314748,2.295
T3869,U1943,32925.08,Payment,UPI,iOS,Mumbai,1354,15,0,6539.11,0,0.765,2,0,32925.08,,,1,1.0,1.53
T3870,U6191,3551.9,Withdrawal,Wallet,Android,Chennai,888,12,3,18433.99,0,0.776,6,0,3551.9,,,1,1.0,4.656000000000001
T3871,U9922,19793.2,Withdrawal,Card,iOS,Bangalore,605,5,0,11763.65,0,0.726,3,0,19793.2,,,1,1.0,2.178
T3872,U9987,9129.85,Transfer,UPI,Web,Hyderabad,376,3,4,2651.59,0,0.79,4,0,9129.85,,,1,1.0,3.16
T3873,U4858,7882.79,Payment,Card,iOS,Bangalore,1871,6,0,8741.5,0,0.598,5,0,25627.07,25094.20143054566,-0.7071067811865476,2,0.3075962253975972,2.99
T3874,U4260,41373.74,Transfer,Wallet,iOS,Hyderabad,1519,1,1,2390.98,0,0.289,5,0,41373.74,,,1,1.0,1.4449999999999998
T3875,U4769,2143.67,Payment,NetBanking,iOS,Bangalore,1769,22,0,19957.41,0,0.358,8,0,2143.67,,,1,1.0,2.864
T3876,U9935,20988.18,Payment,UPI,Android,Mumbai,650,9,0,16768.21,0,0.51,5,0,12115.026666666668,9328.166850868038,0.9512215502993108,3,1.7324088982607826,2.55
T3877,U6709,8451.77,Withdrawal,UPI,iOS,Chennai,871,13,1,12289.82,0,0.246,2,0,10431.275,2799.442817785353,-0.707106781186548,2,0.8102336483315797,0.492
T3878,U4247,43972.54,Transfer,Wallet,iOS,Hyderabad,903,7,4,27837.54,0,0.853,2,0,43972.54,,,1,1.0,1.706
T3879,U6045,27874.17,Withdrawal,UPI,Android,Mumbai,1049,2,2,15609.88,0,0.747,1,0,27874.17,,,1,1.0,0.747
T3880,U5941,11607.46,Withdrawal,Wallet,iOS,Delhi,1444,2,3,26637.31,0,0.98,2,0,11607.46,,,1,1.0,1.96
T3881,U4328,25146.24,Withdrawal,UPI,iOS,Mumbai,1307,1,2,17414.64,0,0.415,1,0,25146.24,,,1,1.0,0.415
T3882,U8130,36587.74,Payment,Wallet,iOS,Mumbai,598,16,4,11366.11,0,0.871,3,0,36587.74,,,1,1.0,2.613
T3883,U2932,47907.99,Transfer,Card,iOS,Mumbai,1845,18,4,16216.01,0,0.779,5,1,47907.99,,,1,1.0,3.895
T3884,U7900,11061.28,Transfer,Card,iOS,Hyderabad,1339,9,1,4640.69,0,0.832,3,0,21495.295,14755.92552300431,-0.7071067811865476,2,0.5145907511387957,2.496
T3885,U5470,44314.78,Withdrawal,Card,Web,Delhi,101,11,2,20275.13,0,0.688,7,0,34787.884000000005,11339.09510776896,0.8401813292378735,5,1.2738567255197235,4.816
T3886,U5154,46718.49,Payment,UPI,iOS,Chennai,467,22,0,29465.78,0,0.349,2,0,40740.65,8453.942401696386,0.7071067811865477,2,1.1467291268057829,0.698
T3887,U7931,45825.21,Transfer,Wallet,Android,Mumbai,1303,10,1,7498.4,0,0.244,5,0,44352.92333333334,5852.938752330606,0.251546569845858,3,1.033194805573507,1.22
T3888,U3825,31788.95,Transfer,Wallet,iOS,Hyderabad,1085,8,1,9763.61,0,0.272,3,0,31788.95,,,1,1.0,0.8160000000000001
T3889,U2415,31509.54,Withdrawal,NetBanking,Web,Hyderabad,1894,12,3,12242.14,0,0.567,2,0,31509.54,,,1,1.0,1.134
T3890,U5570,20190.37,Payment,Card,Android,Chennai,1154,5,1,14556.13,0,0.88,4,0,20190.37,,,1,1.0,3.52
T3891,U7070,37632.27,Withdrawal,NetBanking,Android,Bangalore,1083,13,2,21601.18,0,0.449,9,0,37632.27,,,1,1.0,4.041
T3892,U3463,26588.14,Transfer,Card,iOS,Delhi,1924,21,4,4186.53,0,0.599,9,0,16553.705,14190.834067751266,0.7071067811865475,2,1.606174569378879,5.391
T3893,U3024,33888.03,Payment,NetBanking,Web,Delhi,1508,10,3,9143.72,0,0.734,6,0,18648.73,21551.624741072308,0.7071067811865475,2,1.8171762902889368,4.404
T3894,U8434,21451.47,Withdrawal,Card,iOS,Mumbai,1525,4,0,16206.25,0,0.855,7,0,21451.47,,,1,1.0,5.984999999999999
T3895,U5896,36588.25,Transfer,Wallet,Web,Bangalore,1818,1,2,17728.36,0,0.648,1,0,20258.415,23093.87412831485,0.7071067811865476,2,1.8060766353142632,0.648
T3896,U9673,41232.35,Withdrawal,Card,Web,Delhi,1413,6,0,16145.24,0,0.629,3,0,41232.35,,,1,1.0,1.887
T3897,U7214,7364.49,Withdrawal,UPI,iOS,Mumbai,1665,16,1,13121.12,0,0.988,2,0,22948.17,22038.651607682357,-0.7071067811865475,2,0.3209184000292834,1.976
T3898,U1860,41654.84,Withdrawal,Card,Web,Bangalore,396,5,2,21373.1,0,0.862,9,0,41654.84,,,1,1.0,7.758
T3899,U1815,27037.81,Payment,Card,iOS,Hyderabad,1991,13,3,6213.79,0,0.733,8,0,27447.72,579.7002813523552,-0.7071067811865475,2,0.9850657905283208,5.864
T3900,U3676,42241.06,Transfer,Wallet,Web,Mumbai,1640,3,3,8553.56,1,0.832,3,0,42241.06,,,1,1.0,2.496
T3901,U8019,21593.52,Transfer,UPI,Android,Bangalore,1694,2,0,13390.06,0,1.0,8,0,22036.48,626.440039588785,-0.7071067811865475,2,0.9798987860130112,8.0
T3902,U7896,18983.07,Transfer,Wallet,iOS,Chennai,1322,10,4,20895.54,0,0.506,8,0,10490.576666666666,7356.29252668308,1.1544529125954377,3,1.8095354147992504,4.048
T3903,U6988,45757.28,Transfer,NetBanking,Web,Delhi,1802,0,3,2562.29,0,0.706,8,0,45757.28,,,1,1.0,5.648
T3904,U1982,12595.9,Payment,NetBanking,Android,Mumbai,1487,13,0,3558.56,0,0.813,4,0,12595.9,,,1,1.0,3.252
T3905,U6595,42218.41,Withdrawal,UPI,Android,Hyderabad,380,5,4,23494.01,0,0.444,7,1,42218.41,,,1,1.0,3.108
T3906,U7983,24226.83,Transfer,NetBanking,Android,Mumbai,193,22,2,7902.55,0,0.955,8,0,24226.83,,,1,1.0,7.64
T3907,U8672,25729.07,Payment,UPI,Android,Delhi,781,16,3,28908.25,0,0.382,5,0,27198.55,11181.913358204847,-0.1314157919960766,3,0.9459721198372708,1.91
T3908,U6737,15457.99,Withdrawal,Card,iOS,Delhi,1695,16,3,28846.01,0,0.243,9,0,15457.99,,,1,1.0,2.187
T3909,U8109,28673.46,Payment,NetBanking,Web,Bangalore,214,22,0,20609.76,0,0.677,9,0,35876.335,10186.403513078109,-0.7071067811865476,2,0.799230467660646,6.093
T3910,U4577,16294.3,Payment,Card,Android,Hyderabad,963,10,3,21534.51,0,0.081,3,0,14021.723333333332,2487.148163064141,0.9137278994536758,3,1.1620754177387134,0.243
T3911,U1171,2011.51,Transfer,Wallet,Web,Bangalore,181,21,0,19564.91,1,0.127,3,0,19338.756666666664,24616.53988176513,-0.7038863605482565,3,0.1040144428450846,0.381
T3912,U4557,13636.33,Transfer,NetBanking,Web,Hyderabad,834,6,3,5402.2,0,0.97,8,1,13636.33,,,1,1.0,7.76
T3913,U3489,368.63,Withdrawal,Wallet,Web,Mumbai,231,12,0,15063.62,0,0.282,7,0,5953.41,7898.071618870013,-0.7071067811865476,2,0.0619191354198686,1.974
T3914,U4523,48918.82,Withdrawal,Wallet,iOS,Mumbai,1201,7,3,23811.18,0,0.033,9,0,48918.82,,,1,1.0,0.297
T3915,U9785,48289.07,Transfer,UPI,iOS,Bangalore,1277,7,2,23262.88,0,0.475,2,0,48289.07,,,1,1.0,0.95
T3916,U4972,19788.01,Payment,Wallet,Android,Chennai,1251,8,2,26973.24,0,0.867,2,1,19788.01,,,1,1.0,1.734
T3917,U5299,36432.12,Transfer,UPI,Web,Delhi,1089,6,0,27033.87,0,0.333,7,0,32594.680000000004,12213.716988177675,0.3141910037472185,3,1.1177320961580233,2.331
T3918,U9058,17323.01,Withdrawal,UPI,iOS,Bangalore,1608,21,2,7918.41,0,0.419,8,0,17323.01,,,1,1.0,3.352
T3919,U6911,33571.1,Payment,UPI,iOS,Bangalore,624,8,0,21679.44,0,0.157,3,0,32987.36,825.5330248996715,0.7071067811865441,2,1.017695868963142,0.471
T3920,U9121,40281.23,Payment,UPI,iOS,Mumbai,1918,10,0,19575.06,0,0.346,1,0,40281.23,,,1,1.0,0.346
T3921,U6791,47340.47,Payment,UPI,Android,Delhi,176,1,1,26586.32,0,0.965,7,0,47340.47,,,1,1.0,6.755
T3922,U8190,20040.6,Transfer,Card,iOS,Bangalore,1552,17,2,5585.88,0,0.877,6,0,20040.6,,,1,1.0,5.2620000000000005
T3923,U9353,39175.73,Transfer,UPI,Web,Mumbai,151,21,1,22219.8,0,0.74,1,0,25412.375,19464.323304755555,0.7071067811865475,2,1.5416004997565165,0.74
T3924,U3086,13333.13,Withdrawal,NetBanking,iOS,Mumbai,134,2,1,12757.63,0,0.786,9,0,8365.305,7025.56549049612,0.7071067811865475,2,1.5938605944433584,7.074
T3925,U1651,49517.1,Payment,UPI,iOS,Bangalore,99,17,3,11895.12,0,0.669,6,0,43456.155,8571.470619797397,0.7071067811865476,2,1.1394726477756718,4.014
T3926,U1619,1337.19,Payment,Card,Android,Bangalore,1947,15,0,1170.15,0,0.118,5,0,1337.19,,,1,1.0,0.59
T3927,U8473,30196.26,Transfer,NetBanking,Web,Mumbai,320,7,4,28847.67,0,0.117,3,0,30196.26,,,1,1.0,0.351
T3928,U7680,32992.32,Withdrawal,NetBanking,iOS,Bangalore,1404,22,1,20305.48,0,0.537,9,0,32069.27,1305.3898287484844,0.7071067811865475,2,1.02878300628608,4.833
T3929,U8696,34417.88,Withdrawal,Card,Web,Delhi,961,7,3,17762.0,0,0.595,7,0,20522.82,19650.58230198789,0.7071067811865475,2,1.6770541280389342,4.165
T3930,U4093,6063.36,Payment,NetBanking,Web,Mumbai,225,5,2,7609.86,0,0.972,4,0,25615.94,27651.523815384928,-0.7071067811865476,2,0.2367026156369822,3.888
T3931,U5948,46929.56,Transfer,Card,iOS,Mumbai,1474,1,4,19787.52,0,0.451,1,0,47643.765,1010.0383973146788,-0.7071067811865475,2,0.9850094760563108,0.451
T3932,U3347,9100.1,Payment,Wallet,Android,Bangalore,1668,15,0,28373.52,0,0.917,4,0,7334.14,2497.444582608391,0.7071067811865475,2,1.240786240786241,3.668
T3933,U5270,31156.53,Transfer,Wallet,Web,Bangalore,1917,20,3,4982.3,0,0.99,3,0,31156.53,,,1,1.0,2.97
T3934,U7049,11172.67,Withdrawal,UPI,iOS,Bangalore,1219,8,4,29515.88,0,0.845,6,0,23604.122,13026.409964106382,-0.9543267895186964,5,0.4733355470709735,5.07
T3935,U2694,15395.46,Payment,UPI,Web,Delhi,892,18,0,12880.14,0,0.399,1,0,15395.46,,,1,1.0,0.399
T3936,U7805,27345.6,Payment,UPI,Web,Mumbai,1186,20,0,29349.05,0,0.753,4,0,27345.6,,,1,1.0,3.012
T3937,U5960,20888.81,Payment,UPI,Web,Chennai,770,14,4,19052.64,0,0.545,1,0,20888.81,,,1,1.0,0.545
T3938,U6565,8053.27,Withdrawal,Card,iOS,Delhi,1659,23,3,9790.79,0,0.199,1,0,8053.27,,,1,1.0,0.199
T3939,U9565,8588.27,Payment,Wallet,Web,Delhi,105,1,4,11295.87,0,0.13,6,0,8588.27,,,1,1.0,0.78
T3940,U6207,20936.33,Withdrawal,Card,Web,Mumbai,719,14,1,8787.59,0,0.07,6,0,21841.24,1279.7359947270372,-0.7071067811865476,2,0.9585687442654356,0.42
T3941,U9827,37876.28,Transfer,NetBanking,Android,Chennai,1369,21,0,10109.83,0,0.326,9,0,37876.28,,,1,1.0,2.934
T3942,U7563,44903.33,Withdrawal,NetBanking,iOS,Mumbai,1548,10,2,19431.42,0,0.689,7,0,44903.33,,,1,1.0,4.823
T3943,U6777,4252.18,Transfer,NetBanking,iOS,Delhi,158,19,4,596.49,0,0.914,6,1,6523.63,2897.955622175743,-0.7838111745460851,3,0.6518119513215802,5.484
T3944,U3601,19685.54,Withdrawal,NetBanking,Web,Bangalore,937,11,4,29032.17,0,0.32,3,0,19685.54,,,1,1.0,0.96
T3945,U5333,5057.27,Withdrawal,NetBanking,Android,Mumbai,1931,14,0,23078.99,0,0.531,3,0,5057.27,,,1,1.0,1.593
T3946,U8047,878.79,Payment,Wallet,Web,Mumbai,1656,15,0,28236.18,0,0.469,5,1,17530.023333333334,16152.536804490906,-1.0308741923871534,3,0.0501305664738609,2.345
T3947,U9111,33102.85,Withdrawal,Card,Web,Bangalore,1565,5,4,21554.54,0,0.109,6,1,33102.85,,,1,1.0,0.654
T3948,U1178,30142.35,Payment,NetBanking,iOS,Chennai,724,2,2,14482.91,0,0.76,6,0,30142.35,,,1,1.0,4.5600000000000005
T3949,U9941,8192.8,Transfer,UPI,Android,Chennai,892,5,0,5772.85,0,0.519,8,0,15712.175,10634.002105569192,-0.7071067811865475,2,0.521430037534587,4.152
T3950,U1134,11728.95,Transfer,Wallet,Web,Mumbai,1435,22,0,15538.01,1,0.917,8,0,24924.785000000003,18661.72882383757,-0.7071067811865477,2,0.4705737682391241,7.336
T3951,U8490,1234.2,Payment,UPI,iOS,Bangalore,1727,2,1,21379.7,0,0.835,1,0,1234.2,,,1,1.0,0.835
T3952,U5580,41755.61,Transfer,Wallet,Web,Mumbai,1364,20,3,25640.06,0,0.278,3,0,41755.61,,,1,1.0,0.8340000000000001
T3953,U9632,48735.8,Withdrawal,Wallet,Web,Bangalore,1260,12,1,9791.52,0,0.313,5,0,29767.565,26825.135191280024,0.7071067811865476,2,1.6372115085664547,1.565
T3954,U9448,6816.2,Payment,UPI,Android,Delhi,1837,11,2,15363.38,0,0.537,9,0,16815.395,14140.99718181324,-0.7071067811865476,2,0.4053547359428666,4.833
T3955,U1472,11612.19,Payment,UPI,Android,Bangalore,367,7,3,18637.43,1,0.125,4,0,14347.19,6164.204904965441,-0.4436906368568118,3,0.8093703366303785,0.5
T3956,U4900,43427.06,Payment,NetBanking,Android,Mumbai,597,1,4,17698.93,0,0.251,5,0,24286.233333333334,18632.259523539637,1.027294979574781,3,1.7881348418239686,1.255
T3957,U9463,46326.87,Transfer,UPI,Web,Hyderabad,1862,6,2,1665.95,0,0.821,1,0,41710.575,6528.426996915106,0.7071067811865485,2,1.110674451263259,0.821
T3958,U1965,21010.39,Transfer,Card,Android,Chennai,325,16,2,14553.48,0,0.153,7,0,12949.443333333336,8434.283537119993,0.9557357932288806,3,1.6224936824826188,1.071
T3959,U4822,2578.59,Withdrawal,Wallet,iOS,Mumbai,1768,6,1,24290.04,0,0.546,2,0,12990.3,13003.238789766956,-0.8007012843749061,3,0.1985011893489757,1.092
T3960,U1013,2017.62,Withdrawal,Wallet,Web,Bangalore,894,0,3,24088.88,1,0.394,1,0,20398.08,25993.895814656174,-0.7071067811865477,2,0.098912250564759,0.394
T3961,U8254,28718.8,Payment,NetBanking,Android,Bangalore,1069,3,2,15263.55,0,0.201,2,0,21904.37,9331.878782485335,0.7302313027029195,4,1.3110991094471105,0.402
T3962,U6953,19675.11,Withdrawal,Wallet,Web,Chennai,1542,14,3,28575.46,0,0.97,8,0,21640.17,2779.014502876872,-0.7071067811865472,2,0.90919387417012,7.76
T3963,U1357,1481.19,Transfer,UPI,Web,Mumbai,1511,3,4,24804.29,0,0.825,1,0,7216.563333333334,10614.07825894144,-0.5403552897776857,3,0.2052486663781328,0.825
T3964,U9973,29183.46,Withdrawal,Wallet,iOS,Hyderabad,1461,11,3,22146.07,0,0.267,1,0,29183.46,,,1,1.0,0.267
T3965,U3044,614.56,Transfer,Wallet,iOS,Delhi,1869,15,1,15516.46,0,0.785,1,0,614.56,,,1,1.0,0.785
T3966,U4941,39379.23,Withdrawal,UPI,iOS,Hyderabad,459,20,1,17761.22,0,0.006,2,0,24297.95,17747.994895472,0.8497455678132774,3,1.62068116857595,0.012
T3967,U9500,15356.32,Transfer,UPI,Web,Delhi,1845,17,2,6774.73,0,0.278,1,0,15356.32,,,1,1.0,0.278
T3968,U6271,2060.89,Transfer,Wallet,Web,Delhi,854,13,3,16018.97,0,0.108,2,0,2060.89,,,1,1.0,0.216
T3969,U6056,29438.19,Withdrawal,Card,iOS,Mumbai,99,13,1,15828.05,0,0.424,7,0,38778.49,13209.17893663342,-0.7071067811865474,2,0.7591370886282576,2.968
T3970,U4846,19914.34,Withdrawal,UPI,Web,Delhi,550,10,0,6162.6,0,0.638,1,0,19914.34,,,1,1.0,0.638
T3971,U6889,48691.33,Transfer,Card,iOS,Bangalore,185,15,1,28539.33,0,0.171,2,0,48691.33,,,1,1.0,0.342
T3972,U6582,27232.72,Payment,Card,iOS,Delhi,1453,14,4,7418.09,0,0.239,3,0,27232.72,,,1,1.0,0.717
T3973,U1189,13798.2,Withdrawal,NetBanking,Android,Delhi,1765,21,0,3216.25,0,0.393,2,0,13798.2,,,1,1.0,0.786
T3974,U9352,35486.47,Transfer,Card,iOS,Chennai,657,5,3,14063.58,0,0.631,3,0,35486.47,,,1,1.0,1.893
T3975,U6470,13611.03,Withdrawal,NetBanking,Android,Chennai,910,23,2,20613.6,0,0.311,7,0,21261.245,10819.037808070088,-0.7071067811865475,2,0.6401802904768747,2.177
T3976,U2767,45216.95,Withdrawal,Card,iOS,Mumbai,1897,12,0,5935.04,0,0.602,2,0,40275.115,6988.810080010043,0.7071067811865476,2,1.1227019463507428,1.204
T3977,U4847,18767.36,Withdrawal,NetBanking,Web,Mumbai,696,16,1,5568.46,0,0.349,3,0,18829.295,87.58931698557821,-0.7071067811865164,2,0.9967107106240568,1.047
T3978,U6290,27515.93,Withdrawal,UPI,Android,Bangalore,1671,3,2,7917.96,0,0.258,6,0,27515.93,,,1,1.0,1.548
T3979,U6608,2576.13,Withdrawal,Wallet,Web,Chennai,1204,11,2,9151.25,0,0.855,4,0,2576.13,,,1,1.0,3.42
T3980,U2107,21334.76,Payment,Wallet,Web,Hyderabad,403,17,2,7461.38,0,0.383,1,0,21579.68,3153.2319361093632,-0.0776726878842266,3,0.9886504341120907,0.383
T3981,U1061,41626.56,Payment,NetBanking,iOS,Mumbai,1299,7,2,14173.89,0,0.918,8,0,41626.56,,,1,1.0,7.344
T3982,U8756,40292.16,Payment,UPI,iOS,Mumbai,513,11,3,646.07,0,0.306,7,0,40292.16,,,1,1.0,2.142
T3983,U4737,11254.71,Transfer,NetBanking,Web,Chennai,1167,3,3,2716.75,0,0.543,8,0,11254.71,,,1,1.0,4.344
T3984,U8539,11342.65,Payment,NetBanking,iOS,Chennai,1817,7,3,21908.0,0,0.054,9,0,19485.22333333333,17047.365381106058,-0.4776440905266166,3,0.5821154731440081,0.486
T3985,U1012,40874.4,Payment,UPI,iOS,Bangalore,965,1,1,12428.96,0,0.68,9,0,40874.4,,,1,1.0,6.12
T3986,U5405,46523.4,Transfer,Card,iOS,Chennai,1059,3,3,10873.48,0,0.795,3,0,46523.4,,,1,1.0,2.385
T3987,U8022,4813.28,Payment,Card,Web,Delhi,1310,11,2,412.3,0,0.971,9,0,20230.8225,11737.601472249702,-1.313517291965526,4,0.2379181568124578,8.738999999999999
T3988,U5978,22530.43,Withdrawal,UPI,Android,Hyderabad,109,20,0,9016.71,0,0.837,6,0,22530.43,,,1,1.0,5.022
T3989,U5231,16905.84,Payment,NetBanking,Android,Delhi,1475,21,0,24653.47,0,0.313,2,0,30883.25,19767.042788849325,-0.7071067811865475,2,0.5474112990051242,0.626
T3990,U7356,43540.89,Payment,Wallet,Web,Delhi,434,9,0,10276.98,0,0.557,1,0,43540.89,,,1,1.0,0.557
T3991,U2785,4222.07,Payment,NetBanking,iOS,Delhi,1907,14,0,28914.43,1,0.592,4,0,4222.07,,,1,1.0,2.368
T3992,U2786,10595.74,Withdrawal,Card,iOS,Mumbai,1063,8,0,11759.77,0,0.057,9,1,10595.74,,,1,1.0,0.513
T3993,U8249,37635.79,Withdrawal,UPI,Android,Delhi,1678,8,4,13977.45,0,0.073,2,0,28644.21,12716.014383162676,0.7071067811865476,2,1.313905672385449,0.146
T3994,U2263,2612.13,Withdrawal,UPI,Web,Mumbai,915,6,0,24077.09,0,0.326,1,0,29125.073333333334,22983.971163605154,-1.1535405759347743,3,0.0896866411323485,0.326
T3995,U6516,24652.14,Withdrawal,UPI,Web,Chennai,505,1,0,29492.43,0,0.744,2,0,21548.79,15872.755663552878,0.1955142551035376,5,1.1440150467845294,1.488
T3996,U8591,22133.25,Transfer,Card,iOS,Hyderabad,1896,6,0,11210.74,0,0.286,7,0,22133.25,,,1,1.0,2.002
T3997,U7584,16753.34,Withdrawal,NetBanking,iOS,Hyderabad,660,8,1,3686.09,0,0.874,5,0,16753.34,,,1,1.0,4.37
T3998,U8439,19758.89,Withdrawal,UPI,iOS,Delhi,1007,17,4,15739.41,0,0.645,5,0,19758.89,,,1,1.0,3.225
T3999,U6512,26520.53,Withdrawal,Wallet,Web,Hyderabad,1224,22,0,17793.65,1,0.468,4,0,24910.0925,15568.93247307251,0.1034391730316357,4,1.0646500007978694,1.872
T4000,U8194,8110.3,Withdrawal,UPI,Android,Mumbai,1936,11,3,28787.75,1,0.541,1,0,8804.403333333334,742.1876000266603,-0.9352127862394904,3,0.9211640690396964,0.541
T4001,U4532,28621.19,Transfer,NetBanking,Web,Chennai,1220,6,1,12476.28,0,0.331,8,0,28621.19,,,1,1.0,2.648
T4002,U7748,40281.34,Payment,Card,Web,Delhi,149,18,4,2815.23,0,0.974,1,0,40281.34,,,1,1.0,0.974
T4003,U4413,38020.04,Payment,Wallet,Web,Bangalore,329,21,3,19562.95,1,0.176,3,1,38020.04,,,1,1.0,0.528
T4004,U4717,7737.3,Withdrawal,Wallet,Android,Hyderabad,1924,23,3,731.25,0,0.86,2,0,20614.085000000003,18210.52398676244,-0.7071067811865477,2,0.3753404528990736,1.72
T4005,U9335,7505.01,Withdrawal,UPI,iOS,Hyderabad,1782,15,1,12820.01,0,0.678,2,0,26461.445,26808.44747124402,-0.7071067811865475,2,0.2836205656947306,1.356
T4006,U5669,13445.31,Withdrawal,NetBanking,iOS,Delhi,378,7,3,12348.43,0,0.712,9,0,16418.366666666665,5288.837802337422,-0.5621379928408302,3,0.8189188530730829,6.408
T4007,U6380,18085.68,Payment,UPI,Web,Hyderabad,306,18,2,7719.09,0,0.836,9,0,18085.68,,,1,1.0,7.524
T4008,U9098,20452.36,Payment,Wallet,Web,Hyderabad,1989,5,1,28932.84,0,0.136,5,0,19411.97,1471.3336481573435,0.7071067811865476,2,1.0535952816741423,0.68
T4009,U8125,34000.88,Withdrawal,UPI,Android,Bangalore,1233,1,1,12161.91,1,0.695,2,0,34000.88,,,1,1.0,1.39
T4010,U7562,2881.19,Payment,NetBanking,Android,Mumbai,805,1,2,26851.74,0,0.776,7,0,2881.19,,,1,1.0,5.432
T4011,U9690,1781.9,Transfer,Card,iOS,Delhi,1412,7,1,15501.81,0,0.985,8,0,18733.27666666667,21862.455131746603,-0.7753647321179162,3,0.09511950480989,7.88
T4012,U8803,19625.93,Withdrawal,Wallet,Web,Delhi,1113,9,3,24634.03,0,0.748,9,0,19625.93,,,1,1.0,6.732
T4013,U9729,34873.33,Withdrawal,NetBanking,Android,Bangalore,1480,20,3,13596.72,0,0.952,4,0,37441.75,3632.2943978703024,-0.7071067811865475,2,0.9314022448202876,3.808
T4014,U4147,9712.1,Transfer,UPI,Android,Bangalore,510,20,3,29746.96,0,0.85,1,0,9712.1,,,1,1.0,0.85
T4015,U2512,32093.15,Transfer,Wallet,Web,Mumbai,268,10,2,19236.87,1,0.876,7,0,21357.18,15182.954379230678,0.7071067811865476,2,1.5026866842907165,6.132
T4016,U8188,13028.42,Payment,UPI,Web,Chennai,1646,19,3,4762.82,0,0.917,7,0,14589.995,2208.400543662765,-0.7071067811865474,2,0.8929694629778832,6.4190000000000005
T4017,U2152,44310.0,Transfer,UPI,Web,Delhi,1577,19,2,292.28,1,0.531,1,0,29606.29,20794.186099200902,0.7071067811865475,2,1.4966414231570386,0.531
T4018,U1066,44789.71,Withdrawal,Card,Web,Hyderabad,1822,23,2,27874.12,0,0.711,4,0,44789.71,,,1,1.0,2.844
T4019,U6010,14899.5,Payment,UPI,Web,Mumbai,1154,2,2,20635.34,0,0.124,4,0,10608.77,6068.0085584811095,0.7071067811865476,2,1.4044512229033148,0.496
T4020,U3489,11538.19,Transfer,UPI,Web,Delhi,1088,15,1,3278.09,0,0.356,1,0,5953.41,7898.071618870013,0.7071067811865477,2,1.9380808645801315,0.356
T4021,U8445,20594.63,Payment,NetBanking,Android,Mumbai,1526,2,4,22330.26,0,0.879,7,0,27337.335,9535.62485808088,-0.7071067811865472,2,0.7533517806326038,6.1530000000000005
T4022,U2275,12064.55,Payment,UPI,Web,Chennai,27,7,2,6891.74,0,0.978,3,0,12064.55,,,1,1.0,2.934
T4023,U7127,33635.57,Payment,Card,iOS,Delhi,1342,18,3,24295.99,0,0.112,1,0,38902.545,7448.62747768003,-0.7071067811865476,2,0.864611042799385,0.112
T4024,U3923,41311.93,Payment,UPI,Web,Hyderabad,1913,11,2,18336.69,0,0.586,7,0,41219.935,130.10057667051402,0.7071067811865615,2,1.0022318084684023,4.101999999999999
T4025,U8102,33670.95,Transfer,UPI,iOS,Delhi,1666,17,0,3797.43,0,0.735,3,0,33670.95,,,1,1.0,2.205
T4026,U6736,41226.3,Withdrawal,UPI,iOS,Mumbai,119,12,1,2221.38,0,0.516,3,0,29115.92,17126.663641491883,0.7071067811865476,2,1.4159367109127927,1.548
T4027,U6172,19879.76,Withdrawal,Wallet,iOS,Chennai,340,10,3,14036.93,0,0.233,3,0,19879.76,,,1,1.0,0.6990000000000001
T4028,U4469,7858.03,Transfer,Card,Web,Mumbai,1606,12,1,28113.11,0,0.042,4,0,7858.03,,,1,1.0,0.168
T4029,U7077,36910.65,Withdrawal,Wallet,Web,Mumbai,955,20,1,16982.52,0,0.951,5,0,38646.145,2454.360566430696,-0.7071067811865483,2,0.955092674832121,4.755
T4030,U5751,18055.7,Payment,Card,iOS,Bangalore,1297,2,0,22797.36,0,0.237,1,0,21514.575,4891.587935553239,-0.7071067811865476,2,0.8392310793961768,0.237
T4031,U6077,33579.98,Payment,Card,Web,Mumbai,277,5,2,14137.25,0,0.299,3,0,33579.98,,,1,1.0,0.897
T4032,U2205,13568.66,Payment,NetBanking,Android,Chennai,444,22,3,11584.01,0,0.643,1,0,14778.57,3783.0687556929233,-0.3198223659507313,3,0.9181307799063104,0.643
T4033,U4536,4107.42,Transfer,Wallet,Android,Hyderabad,459,2,4,24684.0,0,0.429,3,0,4107.42,,,1,1.0,1.287
T4034,U3037,49629.46,Payment,Card,Android,Bangalore,306,0,1,13955.26,0,0.423,3,1,43077.705,9265.580778345742,0.7071067811865469,2,1.1520915517667434,1.269
T4035,U1293,7852.27,Payment,Card,Android,Mumbai,1951,13,4,4332.13,0,0.083,4,0,7852.27,,,1,1.0,0.332
T4036,U2750,49421.63,Transfer,NetBanking,Web,Delhi,1672,22,4,8308.16,0,0.992,1,0,49421.63,,,1,1.0,0.992
T4037,U7846,48865.13,Payment,Wallet,iOS,Bangalore,1170,19,2,16885.36,0,0.284,5,0,48865.13,,,1,1.0,1.42
T4038,U2343,39701.21,Payment,UPI,Web,Chennai,1623,6,4,12137.06,0,0.11,4,0,39701.21,,,1,1.0,0.44
T4039,U9703,32988.18,Withdrawal,NetBanking,Android,Delhi,728,8,3,11055.15,0,0.682,5,0,32988.18,,,1,1.0,3.41
T4040,U6470,28911.46,Transfer,Card,Web,Chennai,1940,0,2,20096.05,0,0.752,6,0,21261.245,10819.037808070088,0.7071067811865476,2,1.3598197095231253,4.5120000000000005
T4041,U1888,43311.77,Payment,Wallet,Web,Delhi,1030,9,4,19125.98,0,0.025,3,0,43311.77,,,1,1.0,0.075
T4042,U5202,14507.5,Payment,Card,Android,Hyderabad,1430,12,2,9489.38,0,0.269,3,0,14507.5,,,1,1.0,0.807
T4043,U6555,23410.68,Payment,NetBanking,iOS,Chennai,193,11,3,10846.86,0,0.194,5,0,23410.68,,,1,1.0,0.97
T4044,U4837,30988.53,Payment,NetBanking,Web,Delhi,421,3,1,22586.79,0,0.789,5,0,29743.52,1760.710027290129,0.707106781186548,2,1.041858192977832,3.945
T4045,U1363,20588.96,Withdrawal,Wallet,Web,Chennai,1634,6,0,27646.5,0,0.184,9,1,20588.96,,,1,1.0,1.656
T4046,U1063,21402.95,Withdrawal,NetBanking,Android,Bangalore,329,9,2,9794.02,0,0.235,7,0,15649.2,8137.031284504195,0.7071067811865476,2,1.3676705518492958,1.645
T4047,U2267,16547.72,Withdrawal,NetBanking,iOS,Chennai,750,21,0,8827.14,0,0.987,6,0,16547.72,,,1,1.0,5.922
T4048,U4566,28233.38,Withdrawal,UPI,Android,Chennai,1609,6,1,8031.87,0,0.702,2,0,28233.38,,,1,1.0,1.404
T4049,U7841,42536.2,Transfer,Card,Android,Delhi,1359,14,3,4331.06,0,0.388,9,0,42536.2,,,1,1.0,3.492
T4050,U7741,10116.34,Payment,UPI,Web,Chennai,1600,18,1,11377.51,0,0.754,3,0,16186.395,8584.354105350618,-0.7071067811865476,2,0.6249903082187231,2.262
T4051,U7987,46724.93,Withdrawal,UPI,iOS,Hyderabad,814,6,0,15528.58,0,0.466,7,0,46724.93,,,1,1.0,3.262
T4052,U3731,34469.93,Payment,Wallet,Android,Mumbai,426,13,3,16169.25,0,0.213,8,0,29301.26,14154.242397631178,0.3651675486965673,3,1.176397533757934,1.704
T4053,U1015,41172.5,Transfer,NetBanking,Web,Bangalore,1826,20,4,20761.81,0,0.488,9,0,22744.325,26061.37501478481,0.7071067811865475,2,1.8102317830931447,4.392
T4054,U1539,27831.73,Payment,Card,Android,Delhi,891,13,4,1671.3,0,0.772,5,0,27831.73,,,1,1.0,3.86
T4055,U8948,38986.86,Payment,Card,Web,Chennai,800,17,2,16886.12,0,0.178,6,0,28842.925000000003,14345.690452831122,0.7071067811865474,2,1.351695779814287,1.068
T4056,U5290,859.21,Withdrawal,Card,iOS,Chennai,1733,9,4,7724.17,0,0.486,6,1,859.21,,,1,1.0,2.916
T4057,U8367,40928.1,Withdrawal,NetBanking,Android,Chennai,1985,2,0,7249.79,0,0.119,5,0,40928.1,,,1,1.0,0.595
T4058,U4910,2054.94,Transfer,Card,iOS,Bangalore,1736,5,4,23712.81,0,0.843,7,0,13748.775,16537.580053153182,-0.7071067811865475,2,0.149463497657064,5.901
T4059,U5320,44501.17,Payment,Card,iOS,Mumbai,1937,21,2,4688.97,0,0.819,1,0,44501.17,,,1,1.0,0.819
T4060,U2695,49598.54,Withdrawal,NetBanking,Web,Hyderabad,1818,22,3,9940.09,0,0.673,5,0,49598.54,,,1,1.0,3.365
T4061,U6858,14738.67,Withdrawal,Wallet,Android,Hyderabad,1640,21,4,19165.39,0,0.92,6,0,14738.67,,,1,1.0,5.5200000000000005
T4062,U1119,10555.41,Withdrawal,Card,Android,Delhi,99,8,2,19321.91,0,0.4,3,0,17568.77,8881.62576915398,-0.7896482223285636,3,0.6008052925731283,1.2000000000000002
T4063,U5981,38279.9,Transfer,NetBanking,Web,Mumbai,768,13,4,1537.83,0,0.132,2,0,38279.9,,,1,1.0,0.264
T4064,U2598,12688.67,Payment,UPI,Web,Mumbai,1474,20,4,2269.51,0,0.976,4,0,26805.586666666662,12328.413185898393,-1.1450716693056668,3,0.4733591604536168,3.904
T4065,U5795,43284.84,Withdrawal,NetBanking,iOS,Bangalore,1108,20,0,19695.36,0,0.513,3,0,36560.365,14047.694298772542,0.4786888764078222,4,1.183928005095135,1.539
T4066,U2372,5186.99,Payment,UPI,Android,Chennai,583,23,2,28599.22,0,0.476,6,0,5186.99,,,1,1.0,2.856
T4067,U9053,6341.46,Transfer,NetBanking,Android,Mumbai,1767,7,2,29955.24,0,0.064,6,0,6341.46,,,1,1.0,0.384
T4068,U7908,48958.62,Payment,Card,Web,Chennai,1300,0,1,29614.58,0,0.57,4,0,23591.31666666667,23357.18865308994,1.0860597869931352,3,2.075281371182476,2.28
T4069,U8848,33708.25,Withdrawal,Wallet,Web,Bangalore,972,2,1,10612.25,0,0.645,4,1,29274.785,6269.8663313064335,0.7071067811865476,2,1.151443127592568,2.58
T4070,U1418,42352.02,Payment,Wallet,Web,Delhi,945,21,2,7330.13,0,0.473,2,0,31844.89,14859.325747617217,0.7071067811865475,2,1.3299471280949626,0.946
T4071,U5066,16250.25,Payment,Card,Android,Delhi,1969,5,0,3049.62,0,0.91,7,0,16250.25,,,1,1.0,6.37
T4072,U8048,33840.36,Transfer,UPI,Android,Chennai,1666,0,4,9842.22,0,0.742,9,0,41187.615000000005,10390.587667213533,-0.7071067811865481,2,0.8216149442010662,6.678
T4073,U3781,29732.38,Transfer,NetBanking,iOS,Chennai,1345,17,3,8377.92,0,0.039,9,0,34719.72,7053.163868165829,-0.7071067811865479,2,0.856354256313127,0.351
T4074,U6952,30177.35,Payment,Card,Web,Mumbai,1854,9,4,17346.21,0,0.543,2,0,28978.14,1695.939046133438,0.7071067811865476,2,1.0413832633840543,1.086
T4075,U1186,34142.5,Payment,NetBanking,iOS,Bangalore,1886,22,3,11126.69,0,0.994,9,0,34142.5,,,1,1.0,8.946
T4076,U3974,28789.19,Payment,Card,Android,Delhi,1516,16,0,7022.74,0,0.2,5,0,28789.19,,,1,1.0,1.0
T4077,U6801,21481.67,Transfer,Card,iOS,Mumbai,1061,20,1,18415.09,0,0.617,6,0,21481.67,,,1,1.0,3.702
T4078,U4980,13832.34,Transfer,NetBanking,iOS,Hyderabad,1375,0,2,9759.72,0,0.273,1,0,7671.62,8712.573777983174,0.7071067811865476,2,1.803053331630086,0.273
T4079,U6992,38440.64,Payment,Wallet,iOS,Mumbai,435,21,0,10673.84,0,0.371,7,0,32779.926666666666,8227.42312888023,0.6880299268264046,3,1.172688407478642,2.597
T4080,U2089,11352.31,Transfer,Wallet,Web,Chennai,892,22,3,17993.37,0,0.034,8,0,11352.31,,,1,1.0,0.272
T4081,U2967,34633.1,Withdrawal,UPI,Android,Hyderabad,1847,7,2,3634.73,0,0.688,5,0,34633.1,,,1,1.0,3.4399999999999995
T4082,U7791,11704.97,Transfer,NetBanking,Web,Mumbai,795,11,3,23250.05,0,0.766,6,0,11704.97,,,1,1.0,4.596
T4083,U3941,31285.24,Transfer,UPI,iOS,Bangalore,544,18,4,28966.49,0,0.773,4,0,31285.24,,,1,1.0,3.092
T4084,U1777,37366.56,Transfer,Card,Web,Delhi,1443,13,4,14775.71,0,0.971,3,0,27916.74,13364.06360598452,0.7071067811865476,2,1.338500125731013,2.913
T4085,U6968,10974.76,Withdrawal,UPI,Android,Hyderabad,1644,18,4,16839.78,0,0.838,3,0,7471.83,4953.891114043587,0.7071067811865475,2,1.4688182145471729,2.514
T4086,U4868,3044.17,Withdrawal,Card,Android,Bangalore,294,16,2,11600.82,0,0.208,2,0,9430.905,9032.207256282927,-0.7071067811865475,2,0.3227866254617134,0.416
T4087,U1728,6592.14,Withdrawal,NetBanking,iOS,Mumbai,1853,15,1,28705.88,0,0.231,6,0,16370.76,13829.057025292794,-0.7071067811865475,2,0.4026777009741759,1.386
T4088,U8959,30319.55,Payment,NetBanking,iOS,Chennai,631,18,1,4075.04,0,0.768,9,0,30419.71,141.647630407289,-0.7071067811865475,2,0.9967073979337738,6.912
T4089,U2102,42479.85,Payment,NetBanking,Web,Chennai,1748,4,3,24424.3,0,0.777,3,0,41334.925,1619.1684629000122,0.7071067811865465,2,1.027698731762547,2.331
T4090,U3200,2297.59,Withdrawal,NetBanking,Android,Bangalore,1139,21,1,19547.73,0,0.123,1,0,23934.49,30599.19742771042,-0.7071067811865475,2,0.0959949428627892,0.123
T4091,U9819,36720.86,Payment,UPI,Android,Chennai,513,18,1,23765.74,0,0.007,1,0,36720.86,,,1,1.0,0.007
T4092,U9086,17098.87,Payment,Card,Web,Delhi,55,3,3,28518.74,0,0.401,4,0,17098.87,,,1,1.0,1.604
T4093,U6842,23952.49,Payment,Wallet,Android,Bangalore,1802,4,3,14934.95,0,0.695,1,0,32367.395000000004,11900.472777081171,-0.7071067811865476,2,0.740019084019582,0.695
T4094,U3958,46446.53,Withdrawal,NetBanking,iOS,Bangalore,1480,4,3,8721.08,0,0.867,2,0,25419.61,22288.795858116693,0.9433851937920116,3,1.8271928640919357,1.734
T4095,U7235,16631.98,Transfer,NetBanking,iOS,Chennai,1177,23,2,23407.4,0,0.165,4,0,16631.98,,,1,1.0,0.66
T4096,U8981,23293.58,Withdrawal,Card,Web,Bangalore,546,0,3,25352.66,0,0.815,4,0,22096.225,1693.3156799752378,0.7071067811865491,2,1.0541882154078357,3.26
T4097,U7061,733.44,Withdrawal,Wallet,Web,Mumbai,71,17,2,20619.03,0,0.684,8,0,733.44,,,1,1.0,5.472
T4098,U6559,4125.86,Payment,NetBanking,Web,Hyderabad,1775,14,2,25485.15,0,0.166,4,0,4125.86,,,1,1.0,0.664
T4099,U9935,12966.65,Payment,Wallet,iOS,Hyderabad,1115,20,2,21936.79,0,0.873,3,0,12115.026666666668,9328.166850868038,0.0912958941395955,3,1.0702947964346206,2.619
T4100,U2079,1441.22,Transfer,NetBanking,Web,Chennai,345,18,3,28728.44,0,0.933,4,0,1441.22,,,1,1.0,3.732
T4101,U9437,31587.2,Transfer,UPI,Android,Delhi,220,22,1,17163.36,0,0.266,5,0,22142.245000000003,13357.183457003575,0.7071067811865474,2,1.426558147107486,1.33
T4102,U3000,21348.6,Transfer,UPI,Web,Delhi,409,13,1,11476.16,0,0.149,5,0,29585.2,11648.311427842238,-0.7071067811865475,2,0.721597285129051,0.745
T4103,U1185,27429.85,Transfer,Wallet,Android,Chennai,718,5,3,20447.56,0,0.968,4,0,27429.85,,,1,1.0,3.872
T4104,U7298,8773.63,Withdrawal,Card,iOS,Chennai,356,17,1,2166.52,0,0.023,2,0,8773.63,,,1,1.0,0.046
T4105,U7137,14831.8,Transfer,Card,Android,Bangalore,1231,7,3,15001.88,0,0.948,3,0,21087.415,8846.775573984567,-0.7071067811865479,2,0.7033484189503549,2.844
T4106,U2264,33208.03,Withdrawal,UPI,Android,Delhi,386,4,2,23224.68,0,0.216,3,0,37942.575,6695.65775066573,-0.7071067811865467,2,0.8752181421529772,0.648
T4107,U2804,48266.87,Payment,Card,Android,Hyderabad,1195,21,4,5152.02,0,0.438,5,0,33059.645000000004,21506.2638410592,0.7071067811865472,2,1.459993596422466,2.19
T4108,U9960,2568.32,Transfer,Card,iOS,Chennai,1241,7,0,12072.17,0,0.308,2,0,18593.7,22663.30973818255,-0.7071067811865476,2,0.1381285058917805,0.616
T4109,U9252,44524.7,Payment,Card,Android,Hyderabad,830,5,3,10573.57,0,0.154,2,0,44524.7,,,1,1.0,0.308
T4110,U3637,28865.22,Payment,Wallet,Android,Hyderabad,928,9,2,10115.57,0,0.352,2,0,28865.22,,,1,1.0,0.704
T4111,U1152,28217.78,Withdrawal,Wallet,Web,Delhi,1460,2,4,19553.74,0,0.539,6,0,33161.66,6076.699120385997,-0.8135798567703246,3,0.8509157864835476,3.234
T4112,U6137,25038.91,Transfer,Card,Web,Hyderabad,53,12,2,14975.13,0,0.094,8,0,26427.33,1963.5223942700516,-0.7071067811865489,2,0.9474627213570194,0.752
T4113,U6403,3516.23,Withdrawal,UPI,Web,Bangalore,809,6,0,23939.73,1,0.809,6,0,3516.23,,,1,1.0,4.854
T4114,U9529,4539.35,Payment,Card,Android,Bangalore,1524,3,1,1829.7,0,0.8,4,0,4539.35,,,1,1.0,3.2
T4115,U4098,30065.55,Transfer,NetBanking,Android,Delhi,1312,12,1,13671.89,0,0.797,8,0,28588.255,2089.2106246259627,0.707106781186548,2,1.051674892364015,6.376
T4116,U5327,17080.88,Payment,UPI,iOS,Bangalore,1949,5,2,518.56,0,0.686,4,0,10052.07,9940.238429343635,0.7071067811865476,2,1.699240057023081,2.744
T4117,U8652,45867.54,Payment,Wallet,Android,Chennai,796,15,0,6703.71,0,0.455,9,0,24938.795,29597.7150224481,0.7071067811865475,2,1.839204340065348,4.095
T4118,U6394,20359.2,Transfer,NetBanking,Android,Delhi,742,21,2,23283.74,0,0.834,8,0,21340.620000000003,1387.9374743842018,-0.7071067811865495,2,0.9540116453973688,6.672
T4119,U7347,7206.91,Transfer,Card,iOS,Hyderabad,977,20,1,3270.92,0,0.852,4,0,29036.040000000005,19469.77145945221,-1.1211805975977374,3,0.2482056781847662,3.408
T4120,U8797,35750.21,Transfer,Card,Android,Chennai,1830,0,2,3256.82,0,0.285,7,0,35750.21,,,1,1.0,1.995
T4121,U5362,14703.0,Withdrawal,UPI,iOS,Delhi,1179,23,4,12103.01,0,0.481,9,0,9910.75,6777.264944282465,0.7071067811865475,2,1.483540599853694,4.329
T4122,U1840,26297.24,Withdrawal,UPI,iOS,Hyderabad,1102,12,0,23330.55,0,0.203,6,0,30617.553333333333,17517.667056638373,-0.2466260672362839,3,0.8588942334386397,1.218
T4123,U9374,34906.75,Payment,Card,Web,Hyderabad,661,1,1,19176.88,0,0.256,1,0,34906.75,,,1,1.0,0.256
T4124,U8315,45018.19,Transfer,Card,Android,Hyderabad,531,19,2,23474.48,1,0.239,6,0,45018.19,,,1,1.0,1.434
T4125,U3239,39619.95,Payment,UPI,Web,Hyderabad,120,18,0,1581.5,0,0.827,8,0,39619.95,,,1,1.0,6.616
T4126,U8800,33834.24,Payment,NetBanking,Android,Hyderabad,1582,5,2,16955.4,1,0.251,9,0,33834.24,,,1,1.0,2.259
T4127,U3240,33997.68,Payment,Wallet,Web,Delhi,1626,10,1,13653.45,1,0.546,1,0,33997.68,,,1,1.0,0.546
T4128,U7832,47298.94,Payment,UPI,iOS,Bangalore,617,16,0,26891.04,0,0.628,5,0,29714.730000000003,24867.8282656166,0.7071067811865475,2,1.591767450015531,3.14
T4129,U8363,14826.41,Payment,NetBanking,iOS,Hyderabad,1088,8,1,22146.45,0,0.745,5,0,29482.456666666665,13402.256998973471,-1.0935506361196643,3,0.50288923231974,3.725
T4130,U9227,105.55,Transfer,Card,iOS,Chennai,1677,4,4,12787.8,1,0.029,8,0,105.55,,,1,1.0,0.232
T4131,U7604,13634.13,Withdrawal,Wallet,iOS,Delhi,1256,4,4,16660.09,0,0.476,7,0,24766.596666666668,12072.991849091648,-0.922096759926518,3,0.5505047860835137,3.332
T4132,U8371,10933.67,Transfer,NetBanking,Android,Mumbai,905,15,3,12802.52,0,0.293,5,0,10933.67,,,1,1.0,1.465
T4133,U1612,33108.64,Transfer,Wallet,Android,Bangalore,1608,3,0,13290.29,0,0.834,6,0,33108.64,,,1,1.0,5.004
T4134,U5206,31703.89,Transfer,Wallet,Web,Chennai,533,19,4,19059.06,0,0.037,8,0,31703.89,,,1,1.0,0.296
T4135,U1297,29693.4,Withdrawal,Wallet,Android,Hyderabad,155,12,3,6574.39,0,0.207,6,1,29693.4,,,1,1.0,1.242
T4136,U5357,861.36,Withdrawal,NetBanking,Android,Delhi,273,16,0,10062.2,0,0.316,5,0,861.36,,,1,1.0,1.58
T4137,U5734,36452.46,Withdrawal,NetBanking,Web,Delhi,1577,8,1,8446.85,0,0.078,1,0,28047.525,11886.373067864308,0.7071067811865475,2,1.299667617730976,0.078
T4138,U9366,16210.34,Transfer,Card,iOS,Hyderabad,477,12,2,24043.99,0,0.395,8,0,16210.34,,,1,1.0,3.16
T4139,U5608,33269.55,Withdrawal,Wallet,Web,Chennai,1594,15,2,28264.11,0,0.744,8,0,33269.55,,,1,1.0,5.952
T4140,U1368,27851.09,Payment,UPI,Web,Delhi,881,19,1,12487.59,0,0.212,6,0,36730.76666666667,10393.731840471606,-0.8543299753117127,3,0.7582496236125391,1.272
T4141,U4807,17169.41,Withdrawal,UPI,iOS,Bangalore,968,9,4,2405.32,0,0.754,7,0,18584.86333333333,7281.7395625312865,-0.1943839547100321,3,0.9238383781496736,5.2780000000000005
T4142,U4724,6772.08,Transfer,UPI,Web,Chennai,1220,9,2,2897.17,0,0.529,7,0,6772.08,,,1,1.0,3.703
T4143,U4533,4766.22,Transfer,NetBanking,Web,Hyderabad,1376,19,1,12047.71,0,0.345,2,0,4541.035,318.459681042985,0.7071067811865497,2,1.0495889153023483,0.69
T4144,U3747,41584.34,Payment,Card,Web,Chennai,1996,15,3,11910.04,0,0.369,6,0,35266.805,8934.34367776671,0.7071067811865471,2,1.1791354504611349,2.214
T4145,U6514,45923.96,Withdrawal,NetBanking,Android,Chennai,1132,22,3,4470.08,0,0.116,7,0,27103.23,26616.53161976218,0.7071067811865476,2,1.6944091165517912,0.812
T4146,U8363,32506.91,Withdrawal,Wallet,iOS,Mumbai,688,19,1,24232.99,0,0.25,8,0,29482.456666666665,13402.256998973471,0.2256674628433844,3,1.1025848479157718,2.0
T4147,U9502,5216.53,Payment,UPI,iOS,Hyderabad,1339,0,0,15054.03,0,0.731,2,1,5216.53,,,1,1.0,1.462
T4148,U9872,20131.26,Transfer,NetBanking,Web,Bangalore,1758,10,4,3360.89,0,0.863,8,0,23862.91333333333,24216.34670047762,-0.1540964613485541,3,0.8436212175266669,6.904
T4149,U9251,36460.51,Transfer,UPI,Android,Hyderabad,1232,12,4,3051.73,0,0.266,2,0,36460.51,,,1,1.0,0.532
T4150,U6003,39002.05,Withdrawal,NetBanking,iOS,Mumbai,767,17,1,13434.34,1,0.589,9,1,20738.353333333336,15819.273725055566,1.1545218183904025,3,1.8806724609764904,5.301
T4151,U3298,5955.02,Withdrawal,UPI,iOS,Hyderabad,1187,4,2,3593.41,0,0.035,2,0,10715.18,6531.184280978449,-0.7288356590800208,3,0.5557554796093019,0.07
T4152,U5937,51.53,Withdrawal,Wallet,Web,Hyderabad,928,3,4,16879.76,0,0.077,3,0,51.53,,,1,1.0,0.2309999999999999
T4153,U2168,35621.25,Withdrawal,UPI,Web,Bangalore,1129,23,4,11611.97,0,0.964,8,0,35621.25,,,1,1.0,7.712
T4154,U3258,17861.98,Withdrawal,Wallet,Web,Mumbai,584,5,3,27598.26,0,0.897,6,0,17861.98,,,1,1.0,5.382
T4155,U2829,12761.34,Transfer,Wallet,iOS,Hyderabad,715,14,3,12625.41,0,0.081,9,0,19634.046,16543.065443542502,-0.4154433181356193,5,0.6499597688627194,0.729
T4156,U5867,694.23,Transfer,NetBanking,Web,Hyderabad,1968,22,3,18471.46,0,0.822,8,0,14442.915,19443.57679179553,-0.7071067811865476,2,0.048067166496514,6.576
T4157,U1208,27037.96,Transfer,NetBanking,Web,Delhi,843,1,4,24359.49,0,0.103,6,0,27037.96,,,1,1.0,0.618
T4158,U1621,42564.98,Transfer,NetBanking,Web,Hyderabad,1392,3,4,9156.0,0,0.829,3,0,42564.98,,,1,1.0,2.487
T4159,U7526,47883.7,Payment,Wallet,Android,Bangalore,823,13,4,15405.47,0,0.914,3,0,47883.7,,,1,1.0,2.742
T4160,U9906,28308.96,Transfer,Card,Web,Delhi,408,3,2,3716.11,0,0.153,2,0,28308.96,,,1,1.0,0.306
T4161,U7450,25747.34,Payment,Card,iOS,Mumbai,1817,17,2,13039.8,0,0.147,8,0,22721.855,4278.681919756365,0.7071067811865475,2,1.1331530810314565,1.176
T4162,U2140,4298.57,Transfer,Wallet,Web,Chennai,1409,19,2,11337.06,0,0.927,5,0,22812.145,26182.14885301148,-0.7071067811865475,2,0.1884333980868524,4.635
T4163,U9204,27466.2,Withdrawal,Wallet,iOS,Bangalore,611,15,0,12902.85,0,0.301,9,0,29649.475,3087.6171153901173,-0.7071067811865472,2,0.9263637889035136,2.709
T4164,U1075,19029.95,Withdrawal,NetBanking,Android,Mumbai,337,8,4,3311.57,0,0.473,5,0,21549.846666666668,18458.56168581489,-0.1365164149600652,3,0.883066608053205,2.365
T4165,U3269,30376.41,Withdrawal,NetBanking,Android,Delhi,1305,7,4,12012.18,0,0.304,5,0,30376.41,,,1,1.0,1.52
T4166,U4740,19466.88,Payment,NetBanking,Web,Chennai,1630,10,1,26120.98,0,0.749,8,0,21255.16,2529.009829320557,-0.7071067811865475,2,0.9158660767550092,5.992
T4167,U8080,12052.94,Transfer,Card,iOS,Mumbai,1328,13,1,28117.95,0,0.211,8,0,12052.94,,,1,1.0,1.688
T4168,U8431,4793.52,Transfer,Card,Web,Bangalore,404,16,0,7327.65,0,0.494,2,0,4793.52,,,1,1.0,0.988
T4169,U1034,15780.18,Payment,Wallet,Web,Delhi,1505,12,1,9084.99,0,0.85,8,0,15780.18,,,1,1.0,6.8
T4170,U7264,4877.41,Payment,Card,iOS,Bangalore,557,7,2,385.74,0,0.943,7,0,4877.41,,,1,1.0,6.601
T4171,U6972,8886.0,Payment,NetBanking,iOS,Bangalore,1051,13,0,3555.87,0,0.353,6,0,8886.0,,,1,1.0,2.118
T4172,U9392,49367.44,Payment,NetBanking,iOS,Delhi,928,10,0,10419.08,0,0.114,3,0,46050.245,4691.222158036218,0.7071067811865476,2,1.0720342530208036,0.342
T4173,U7330,22232.97,Payment,NetBanking,iOS,Hyderabad,86,8,0,20584.75,0,0.81,5,0,26240.30666666667,15219.602491722091,-0.2633010072928153,3,0.8472831618329663,4.050000000000001
T4174,U1821,26616.99,Withdrawal,NetBanking,iOS,Bangalore,1082,7,3,8836.91,0,0.111,2,0,21344.975,7455.755114034396,0.7071067811865477,2,1.2469909194084323,0.222
T4175,U6916,43687.25,Transfer,NetBanking,Android,Delhi,1531,13,1,2354.38,1,0.779,9,0,26529.955,24264.07928263609,0.7071067811865475,2,1.6467140634049322,7.011
T4176,U4791,49778.67,Payment,UPI,Android,Bangalore,1459,14,4,21952.95,0,0.689,5,0,47392.415,3374.674184280606,0.7071067811865476,2,1.0503509897100622,3.445
T4177,U8254,29156.59,Withdrawal,Wallet,Android,Hyderabad,1904,0,3,14056.28,0,0.578,8,0,21904.37,9331.878782485335,0.7771446853351149,4,1.331085532247675,4.624
T4178,U1456,40633.07,Payment,Wallet,iOS,Delhi,1781,23,2,15624.0,0,0.939,5,0,33777.996666666666,9008.784535331795,0.7609320998241478,3,1.2029449348634156,4.694999999999999
T4179,U5470,16380.7,Withdrawal,Card,iOS,Mumbai,1589,11,3,9848.15,0,0.322,9,0,34787.884000000005,11339.09510776896,-1.6233380022880624,5,0.4708737099387821,2.898
T4180,U1574,15321.91,Payment,NetBanking,iOS,Mumbai,1027,4,2,18430.02,0,0.093,1,0,27123.303333333333,10881.589831386464,-1.0845284113993914,3,0.5648983758246753,0.093
T4181,U9333,20165.05,Transfer,UPI,Web,Mumbai,1654,13,4,26734.3,0,0.982,6,0,21208.41,1475.5338624375934,-0.7071067811865475,2,0.9508044214535648,5.892
T4182,U6357,33641.74,Payment,NetBanking,Android,Chennai,138,21,4,16657.38,0,0.441,8,0,33641.74,,,1,1.0,3.528
T4183,U6741,34125.47,Payment,NetBanking,Android,Bangalore,528,15,1,17666.74,0,0.433,7,0,34125.47,,,1,1.0,3.031
T4184,U6567,15796.21,Transfer,Card,Web,Bangalore,313,18,3,11269.52,1,0.09,2,0,15796.21,,,1,1.0,0.18
T4185,U3999,6703.84,Transfer,UPI,Web,Delhi,1145,15,4,2570.66,0,0.744,2,1,6703.84,,,1,1.0,1.488
T4186,U1444,31638.19,Payment,UPI,Android,Chennai,734,6,2,12913.39,1,0.72,1,0,31638.19,,,1,1.0,0.72
T4187,U3449,6459.88,Transfer,Wallet,iOS,Bangalore,921,2,4,27746.72,0,0.145,1,0,15386.303333333335,8575.636307845227,-1.0409050725678746,3,0.4198461358814581,0.145
T4188,U5920,28945.7,Transfer,NetBanking,Android,Delhi,825,22,1,20438.43,0,0.234,3,0,28945.7,,,1,1.0,0.7020000000000001
T4189,U8534,34686.44,Withdrawal,UPI,iOS,Hyderabad,983,7,2,14757.57,0,0.016,3,0,34686.44,,,1,1.0,0.048
T4190,U5932,35045.54,Transfer,Wallet,Android,Bangalore,1972,20,0,18664.41,0,0.89,8,0,30067.13,7040.53494105384,0.7071067811865475,2,1.1655764949963632,7.12
T4191,U3377,37685.93,Transfer,UPI,Android,Bangalore,828,20,1,16800.25,0,0.245,9,0,37685.93,,,1,1.0,2.205
T4192,U4489,43649.33,Payment,NetBanking,Web,Hyderabad,372,13,1,27380.85,0,0.927,5,0,28052.86,22056.739399145103,0.7071067811865476,2,1.5559671990663342,4.635
T4193,U2930,25022.95,Payment,Wallet,Web,Hyderabad,1099,19,0,6793.05,0,0.571,1,0,25022.95,,,1,1.0,0.571
T4194,U3037,36525.95,Withdrawal,UPI,iOS,Bangalore,1064,2,4,26671.72,0,0.425,2,0,43077.705,9265.580778345742,-0.7071067811865477,2,0.8479084482332565,0.85
T4195,U5951,30977.68,Payment,Card,iOS,Hyderabad,1328,23,1,20685.28,0,0.008,4,1,24328.546666666665,8571.67538331529,0.7757098858731665,3,1.2733058174183305,0.032
T4196,U6916,9372.66,Transfer,UPI,Android,Delhi,1810,10,0,3919.62,0,0.092,9,0,26529.955,24264.07928263609,-0.7071067811865476,2,0.3532859365950677,0.828
T4197,U5156,1333.2,Transfer,NetBanking,Web,Bangalore,818,21,0,11219.95,0,0.159,5,0,24558.995,32846.23428589722,-0.7071067811865475,2,0.0542856089998796,0.795
T4198,U2341,14262.84,Transfer,Card,iOS,Bangalore,1352,13,1,13145.34,0,0.106,9,0,18513.55,6011.411731714938,-0.7071067811865476,2,0.7704000583356515,0.954
T4199,U4392,22179.53,Payment,UPI,iOS,Mumbai,1047,21,3,2579.72,0,0.256,1,0,25856.516666666663,6718.599866864624,-0.5472846634015445,3,0.8577926518846635,0.256
T4200,U4330,30874.44,Transfer,UPI,iOS,Bangalore,579,1,1,16670.56,0,0.155,9,0,22095.27,12415.621280379004,0.7071067811865475,2,1.397332551265497,1.395
T4201,U3071,42505.47,Transfer,Wallet,Android,Mumbai,979,3,3,7854.98,0,0.664,8,0,42505.47,,,1,1.0,5.312
T4202,U1754,9852.47,Withdrawal,NetBanking,iOS,Hyderabad,1889,20,4,13798.02,0,0.297,1,0,9852.47,,,1,1.0,0.297
T4203,U1430,6321.21,Withdrawal,UPI,iOS,Hyderabad,1275,4,0,13219.16,0,0.718,7,0,6321.21,,,1,1.0,5.026
T4204,U5653,48175.82,Withdrawal,UPI,Web,Delhi,362,18,2,15698.06,1,0.135,5,0,48175.82,,,1,1.0,0.675
T4205,U6014,5446.83,Payment,UPI,Web,Mumbai,1281,9,1,25401.6,0,0.209,8,0,5446.83,,,1,1.0,1.672
T4206,U4348,23950.63,Transfer,NetBanking,Web,Bangalore,619,20,2,23444.76,0,0.787,4,0,23950.63,,,1,1.0,3.148
T4207,U7778,29298.91,Transfer,Card,Android,Mumbai,477,20,4,26202.74,0,0.634,2,0,29298.91,,,1,1.0,1.268
T4208,U5009,27091.65,Transfer,NetBanking,Web,Hyderabad,1993,1,1,17213.19,1,0.096,1,0,28811.2,2431.8109311786543,-0.7071067811865476,2,0.9403166129838396,0.096
T4209,U4252,4347.31,Withdrawal,Wallet,Web,Hyderabad,933,20,2,18512.57,0,0.959,7,1,4347.31,,,1,1.0,6.713
T4210,U7250,2898.49,Transfer,Wallet,Web,Delhi,397,2,4,12971.55,0,0.763,1,0,15089.093333333332,13692.83132336893,-0.8902909154024403,3,0.1920917271813106,0.763
T4211,U3895,5318.9,Transfer,NetBanking,Web,Hyderabad,1707,14,3,21544.85,0,0.553,9,0,5318.9,,,1,1.0,4.977
T4212,U9013,29300.1,Transfer,UPI,iOS,Mumbai,1933,18,4,6226.37,0,0.343,1,0,31168.63333333333,14904.077618364492,-0.1253706120686707,3,0.9400508417115926,0.343
T4213,U7981,27240.03,Transfer,UPI,Android,Bangalore,768,20,1,14307.99,0,0.094,6,0,27240.03,,,1,1.0,0.5640000000000001
T4214,U1560,11725.35,Transfer,Card,iOS,Bangalore,1871,1,1,21453.78,0,0.358,2,0,30179.59,14712.885576346562,-1.2542910025527754,4,0.3885191945947576,0.716
T4215,U8577,31906.82,Payment,NetBanking,iOS,Mumbai,451,2,1,23358.58,0,0.323,6,0,32091.6,261.31838205530016,-0.707106781186544,2,0.994242106968802,1.938
T4216,U6051,41012.37,Transfer,NetBanking,Android,Delhi,1375,11,4,7513.7,0,0.078,6,0,41012.37,,,1,1.0,0.4679999999999999
T4217,U7764,2126.87,Payment,UPI,iOS,Bangalore,525,22,1,5528.31,0,0.784,5,0,2126.87,,,1,1.0,3.92
T4218,U5700,24931.59,Transfer,Wallet,Web,Mumbai,1851,13,4,8727.17,0,0.415,5,0,13781.545,15768.544860070317,0.7071067811865476,2,1.8090562415171885,2.075
T4219,U4077,34481.06,Payment,Wallet,Android,Mumbai,1806,16,0,27612.65,0,0.89,8,0,24779.965,13719.42011886982,0.7071067811865475,2,1.3914894552918051,7.12
T4220,U8576,12652.98,Transfer,Card,iOS,Hyderabad,852,15,0,3960.7,0,0.158,7,0,12652.98,,,1,1.0,1.106
T4221,U1091,15423.16,Transfer,Card,iOS,Hyderabad,54,16,0,28597.55,0,0.318,5,0,14172.21,1769.1104558506238,0.7071067811865477,2,1.0882678142646771,1.59
T4222,U5554,30701.21,Transfer,Wallet,Web,Delhi,1452,23,2,29844.9,0,0.279,4,0,20215.49,14829.047435246808,0.7071067811865477,2,1.518697295984416,1.116
T4223,U9146,44901.87,Transfer,NetBanking,iOS,Delhi,732,8,0,23524.98,0,0.865,1,0,27078.86,25205.5424643113,0.7071067811865475,2,1.6581890818151137,0.865
T4224,U1720,40505.72,Withdrawal,Card,iOS,Delhi,765,2,0,22836.63,0,0.508,2,0,40505.72,,,1,1.0,1.016
T4225,U9506,29177.35,Transfer,UPI,iOS,Mumbai,212,21,4,28603.27,0,0.142,7,0,26831.320000000003,22722.938229381783,0.1032450106723642,3,1.0874362498751458,0.994
T4226,U8710,36524.57,Payment,NetBanking,Android,Mumbai,1748,13,4,8787.01,0,0.357,1,0,31331.0475,18405.786278194104,0.2821679237986656,4,1.1657628108348437,0.357
T4227,U7901,18272.88,Withdrawal,UPI,Android,Hyderabad,1918,2,1,3956.57,0,0.943,9,0,18272.88,,,1,1.0,8.487
T4228,U4166,32066.23,Withdrawal,Card,iOS,Bangalore,548,5,1,24710.7,0,0.551,6,0,25859.76,8777.27404846174,0.7071067811865475,2,1.2400049343072015,3.306
T4229,U6646,23335.77,Transfer,Wallet,iOS,Delhi,395,22,1,5210.81,0,0.037,5,0,23335.77,,,1,1.0,0.185
T4230,U8799,9537.31,Payment,Card,Web,Chennai,1983,20,4,1457.76,0,0.058,6,0,9537.31,,,1,1.0,0.348
T4231,U1954,35101.83,Payment,Wallet,Android,Delhi,639,18,4,5974.2,0,0.236,1,0,32971.90666666667,15046.209068254817,0.1415588021986975,3,1.0645981245448144,0.236
T4232,U5661,27845.41,Withdrawal,NetBanking,Android,Hyderabad,977,23,0,13193.41,0,0.621,2,0,17315.673333333332,9237.250118202566,1.139921137992916,3,1.6081043724933597,1.242
T4233,U9402,17963.15,Payment,Card,Android,Mumbai,747,12,3,14903.56,0,0.245,7,1,16821.84,12100.0419066671,0.0943228138219208,3,1.0678469180541488,1.715
T4234,U3200,45571.39,Transfer,Card,iOS,Hyderabad,369,4,4,1968.8,0,0.85,6,0,23934.49,30599.19742771042,0.7071067811865476,2,1.904005057137211,5.1
T4235,U6502,1095.66,Transfer,Card,Web,Hyderabad,1501,0,3,13357.49,0,0.629,7,0,16343.515,21563.723338098407,-0.7071067811865476,2,0.0670394342954988,4.4030000000000005
T4236,U5366,15822.87,Transfer,NetBanking,Web,Hyderabad,992,11,4,18168.8,0,0.301,6,0,15822.87,,,1,1.0,1.806
T4237,U5924,2891.23,Transfer,UPI,iOS,Chennai,1977,14,4,27961.01,0,0.394,7,0,4725.305,2593.7737394094343,-0.7071067811865477,2,0.611861033308961,2.758
T4238,U6516,38338.04,Transfer,UPI,iOS,Chennai,214,18,2,6896.86,0,0.375,7,0,21548.79,15872.755663552878,1.0577400897407867,5,1.7791272735035235,2.625
T4239,U6797,35120.27,Withdrawal,Wallet,Web,Delhi,1280,1,3,6408.01,0,0.314,6,0,32963.083333333336,12630.394209082577,0.1707932967852593,6,1.0654425025976026,1.884
T4240,U4243,16601.04,Transfer,Card,Web,Mumbai,1000,2,2,11743.81,0,0.63,8,0,31896.78,16451.481204459982,-0.929748501663992,3,0.5204613130228193,5.04
T4241,U1990,33799.36,Transfer,UPI,Android,Hyderabad,1082,6,0,29511.27,0,0.202,7,0,24401.78,13290.18508948615,0.7071067811865477,2,1.3851186265919946,1.414
T4242,U8573,19827.06,Withdrawal,NetBanking,iOS,Bangalore,375,10,2,10153.12,0,0.292,9,0,19827.06,,,1,1.0,2.628
T4243,U2422,37824.88,Withdrawal,Card,Android,Delhi,262,9,2,1411.65,0,0.085,5,0,37824.88,,,1,1.0,0.425
T4244,U3910,22736.47,Withdrawal,Wallet,Web,Delhi,87,7,0,8041.88,0,0.376,8,0,30422.545,10869.751506416787,-0.7071067811865476,2,0.7473559493461182,3.008
T4245,U5126,20643.37,Payment,UPI,Android,Hyderabad,778,1,3,16793.22,0,0.064,8,0,20643.37,,,1,1.0,0.512
T4246,U7573,46739.76,Payment,NetBanking,Web,Delhi,641,13,1,12435.06,0,0.018,8,0,48071.443333333336,1182.7098420294526,-1.1259594585331707,3,0.9722978292101764,0.144
T4247,U9159,12581.41,Transfer,NetBanking,Web,Hyderabad,996,12,4,23249.27,1,0.646,4,0,12581.41,,,1,1.0,2.584
T4248,U2009,6066.34,Transfer,Wallet,Android,Delhi,426,6,3,18257.42,1,0.162,9,0,27904.955,30884.465516444507,-0.7071067811865477,2,0.2173929325454923,1.458
T4249,U2587,29247.93,Transfer,UPI,iOS,Mumbai,1068,20,0,16827.77,1,0.035,4,0,29247.93,,,1,1.0,0.14
T4250,U7453,48467.62,Payment,Card,Android,Delhi,1471,8,2,9757.52,0,0.068,6,0,35492.665,18349.357332180603,0.7071067811865476,2,1.3655672235375955,0.408
T4251,U5299,18923.07,Transfer,NetBanking,Android,Delhi,321,6,1,16600.2,0,0.199,6,0,32594.680000000004,12213.716988177675,-1.119365219714318,3,0.5805570111441498,1.194
T4252,U9838,3148.74,Transfer,Wallet,iOS,Bangalore,1176,0,2,18506.16,0,0.721,2,0,17816.513333333336,23444.09083881551,-0.6256490573329655,3,0.1767315490460722,1.442
T4253,U8918,16998.3,Payment,NetBanking,iOS,Mumbai,206,0,4,5458.22,0,0.012,7,1,14021.43,4209.929927421595,0.7071067811865475,2,1.2123085876404902,0.084
T4254,U2308,25321.29,Withdrawal,NetBanking,Android,Mumbai,1006,5,0,22102.45,0,0.727,7,0,25321.29,,,1,1.0,5.089
T4255,U4718,8138.05,Payment,UPI,Web,Mumbai,269,0,1,11848.7,1,0.597,1,0,8138.05,,,1,1.0,0.597
T4256,U2737,32922.21,Transfer,UPI,Android,Delhi,1399,15,3,22294.04,0,0.514,5,0,32125.96,1126.067549039577,0.7071067811865475,2,1.0247852515535725,2.5700000000000003
T4257,U8994,49887.58,Payment,Card,Web,Chennai,605,2,3,5413.55,0,0.909,9,0,49887.58,,,1,1.0,8.181000000000001
T4258,U7012,22614.39,Withdrawal,NetBanking,iOS,Delhi,1225,12,0,19729.97,0,0.83,5,0,22614.39,,,1,1.0,4.15
T4259,U7650,17768.69,Withdrawal,Wallet,iOS,Hyderabad,1520,20,0,903.81,0,0.419,7,0,32951.49,21471.721674798227,-0.7071067811865475,2,0.539237831126908,2.933
T4260,U1822,20065.17,Withdrawal,NetBanking,Web,Bangalore,543,3,2,4853.08,0,0.007,9,0,18866.193333333333,13746.008262242289,0.0872236247638545,3,1.0635515944039584,0.063
T4261,U9587,5801.55,Withdrawal,Wallet,Android,Mumbai,33,16,1,26744.51,0,0.711,1,0,5801.55,,,1,1.0,0.711
T4262,U7127,44169.52,Withdrawal,NetBanking,iOS,Hyderabad,952,9,4,13898.01,0,0.048,9,0,38902.545,7448.62747768003,0.7071067811865476,2,1.135388957200615,0.432
T4263,U8563,20770.54,Withdrawal,Wallet,Web,Hyderabad,1108,3,0,15285.1,0,0.278,4,0,20770.54,,,1,1.0,1.112
T4264,U1048,19394.36,Transfer,NetBanking,Web,Chennai,1911,19,1,27236.58,0,0.493,1,0,19394.36,,,1,1.0,0.493
T4265,U8762,33001.53,Transfer,NetBanking,Android,Mumbai,1679,11,0,14599.51,0,0.099,8,0,33001.53,,,1,1.0,0.792
T4266,U7660,22129.57,Payment,Card,Web,Delhi,932,12,0,19672.2,0,0.679,3,0,24360.0,3154.304355923822,-0.7071067811865476,2,0.9084388341543512,2.037
T4267,U5588,32429.26,Transfer,UPI,Web,Mumbai,1427,3,3,6736.46,0,0.321,8,0,32429.26,,,1,1.0,2.568
T4268,U2200,3119.24,Withdrawal,UPI,Android,Bangalore,688,15,1,2539.04,0,0.362,6,0,8146.666666666667,8337.551401282833,-0.6029859876957564,3,0.3828854337152209,2.172
T4269,U8725,40695.48,Transfer,Wallet,iOS,Mumbai,1491,18,3,10665.22,0,0.648,6,0,40695.48,,,1,1.0,3.888
T4270,U5300,47028.17,Payment,NetBanking,iOS,Hyderabad,119,6,3,23980.52,0,0.398,8,0,47028.17,,,1,1.0,3.184
T4271,U4888,32455.83,Withdrawal,NetBanking,iOS,Hyderabad,99,0,1,13460.44,0,0.225,9,0,32455.83,,,1,1.0,2.025
T4272,U9644,47730.57,Transfer,UPI,Web,Delhi,46,15,3,5127.7,0,0.177,8,0,47730.57,,,1,1.0,1.416
T4273,U5481,7614.04,Transfer,Wallet,Web,Delhi,831,1,2,16398.43,0,0.724,7,0,17350.239999999998,13769.066085976929,-0.7071067811865472,2,0.4388434972657439,5.068
T4274,U3587,23896.94,Payment,Card,Android,Delhi,1002,0,4,7988.83,0,0.751,3,0,23896.94,,,1,1.0,2.253
T4275,U3665,30110.25,Withdrawal,Card,Web,Bangalore,1596,13,4,28405.37,0,0.196,4,0,30110.25,,,1,1.0,0.784
T4276,U7978,29107.75,Payment,Card,Web,Mumbai,581,19,2,17364.64,0,0.319,9,0,29107.75,,,1,1.0,2.871
T4277,U6441,20103.02,Withdrawal,NetBanking,iOS,Chennai,593,4,0,29490.58,0,0.957,4,0,16904.85,4522.895388774763,0.7071067811865477,2,1.1891865352250983,3.828
T4278,U6768,16937.32,Withdrawal,Wallet,Web,Mumbai,1673,14,3,1387.88,0,0.984,8,0,16937.32,,,1,1.0,7.872
T4279,U5573,6384.86,Transfer,UPI,Web,Delhi,316,9,4,445.63,0,0.585,6,0,4205.38,3082.2501749209127,0.7071067811865475,2,1.5182599432155952,3.51
T4280,U1862,19617.54,Payment,NetBanking,Web,Bangalore,71,20,1,14365.16,0,0.757,5,0,19617.54,,,1,1.0,3.785
T4281,U8777,8174.91,Payment,NetBanking,Android,Mumbai,314,1,0,25873.78,0,0.748,7,0,21525.26,18880.24603242765,-0.7071067811865476,2,0.3797821722014042,5.236
T4282,U3462,36731.57,Payment,Card,Web,Hyderabad,188,10,4,15779.77,0,0.396,1,1,36223.75,718.1659312443047,0.7071067811865476,2,1.014018979260844,0.396
T4283,U9451,10481.11,Withdrawal,Wallet,Android,Mumbai,549,15,3,26297.98,0,0.048,3,0,14122.245,5149.34249943136,-0.7071067811865475,2,0.7421702427623936,0.144
T4284,U8796,2975.34,Payment,Wallet,iOS,Hyderabad,1785,18,4,4003.93,0,0.741,5,0,25025.99,31184.32828914229,-0.7071067811865475,2,0.1188900019539686,3.705
T4285,U1390,27640.69,Withdrawal,Card,Web,Mumbai,941,3,3,21009.89,0,0.136,4,1,17360.942499999997,13839.176572812836,0.742800516050546,4,1.5921192066617351,0.544
T4286,U9966,29781.73,Payment,Card,Android,Mumbai,1777,9,0,19830.33,0,0.29,3,0,29781.73,,,1,1.0,0.8699999999999999
T4287,U5082,43602.06,Payment,Card,iOS,Mumbai,1698,21,2,16394.42,0,0.316,3,1,43602.06,,,1,1.0,0.948
T4288,U4726,28870.23,Transfer,NetBanking,Web,Delhi,941,21,3,12212.63,0,0.349,9,0,28870.23,,,1,1.0,3.141
T4289,U3089,17306.77,Payment,NetBanking,Android,Hyderabad,854,11,3,19447.34,0,0.466,5,0,17306.77,,,1,1.0,2.33
T4290,U7481,40160.44,Transfer,NetBanking,Android,Bangalore,1477,1,0,16547.76,0,0.502,3,0,22941.32,24351.513036129807,0.7071067811865477,2,1.7505723297526037,1.506
T4291,U3950,27036.93,Transfer,UPI,iOS,Chennai,1552,1,0,8251.51,0,0.484,5,0,34395.85,10407.084468418614,-0.7071067811865476,2,0.7860520964011647,2.42
T4292,U8652,4010.05,Withdrawal,UPI,Web,Hyderabad,1610,8,1,3228.0,0,0.163,9,1,24938.795,29597.7150224481,-0.7071067811865476,2,0.160795659934652,1.467
T4293,U3460,28314.24,Payment,Wallet,Web,Delhi,1668,11,0,11660.8,0,0.649,3,0,26850.31,2070.309660364845,0.7071067811865475,2,1.0545219030990705,1.947
T4294,U5268,45405.53,Payment,Card,Web,Hyderabad,1069,1,4,15421.84,0,0.79,5,1,22807.976666666666,21276.44674952172,1.0620924442584057,3,1.9907741341369896,3.95
T4295,U3658,19845.82,Payment,Card,Android,Bangalore,759,17,3,15304.61,0,0.462,2,0,19845.82,,,1,1.0,0.924
T4296,U2578,14851.47,Transfer,NetBanking,Web,Hyderabad,1511,15,2,12824.91,0,0.838,8,0,32246.335,24600.053998649066,-0.7071067811865475,2,0.4605630376289274,6.704
T4297,U8358,7216.3,Payment,UPI,Android,Delhi,1106,18,0,9887.92,1,0.444,6,0,19071.59,16765.91190386613,-0.7071067811865476,2,0.3783795687721894,2.664
T4298,U7144,7614.7,Withdrawal,Card,Android,Delhi,1063,14,3,10579.77,0,0.568,8,0,7614.7,,,1,1.0,4.544
T4299,U4927,21666.94,Withdrawal,Wallet,iOS,Chennai,748,15,2,8048.77,0,0.07,1,0,21666.94,,,1,1.0,0.07
T4300,U6126,29804.21,Payment,Card,Android,Bangalore,1336,5,1,17439.26,0,0.147,2,0,29804.21,,,1,1.0,0.294
T4301,U8060,4076.74,Transfer,NetBanking,iOS,Chennai,1380,14,4,25511.63,0,0.767,7,1,18503.906666666662,12607.36832504442,-1.144344029198166,3,0.2203177995565621,5.369
T4302,U6530,46981.45,Withdrawal,NetBanking,iOS,Mumbai,806,11,1,26402.72,1,0.249,7,0,46981.45,,,1,1.0,1.743
T4303,U8676,37768.92,Withdrawal,UPI,Web,Delhi,1544,21,0,29812.38,0,0.094,9,0,37768.92,,,1,1.0,0.846
T4304,U6895,29351.86,Transfer,Wallet,iOS,Chennai,1550,11,4,2755.67,1,0.568,6,0,20163.35,12994.51546000081,0.7071067811865476,2,1.4557035413262185,3.4079999999999995
T4305,U4940,41430.51,Withdrawal,Wallet,Web,Delhi,1098,9,1,6506.32,0,0.094,7,0,41430.51,,,1,1.0,0.658
T4306,U6066,4055.33,Transfer,Card,iOS,Delhi,756,20,3,21933.19,0,0.684,4,1,7958.625,5520.09272694309,-0.7071067811865475,2,0.5095515871146084,2.736
T4307,U8283,23868.1,Withdrawal,Wallet,Android,Mumbai,636,14,0,19392.69,0,0.689,2,0,23868.1,,,1,1.0,1.378
T4308,U3448,31523.15,Transfer,Card,Web,Delhi,462,22,1,4102.59,0,0.453,9,0,17788.296666666665,15485.867741477496,0.886928234350457,3,1.7721286411346489,4.077
T4309,U5040,41441.21,Withdrawal,Card,Android,Chennai,840,3,4,18967.44,0,0.686,1,1,45198.75,5313.9640291594005,-0.7071067811865476,2,0.916866285018944,0.686
T4310,U4849,39184.3,Payment,UPI,Web,Bangalore,767,9,4,12253.21,0,0.799,6,1,39184.3,,,1,1.0,4.7940000000000005
T4311,U5731,13889.61,Withdrawal,Wallet,Android,Hyderabad,870,18,2,28710.1,0,0.198,9,0,30402.925,14726.333833215243,-1.1213459634300982,4,0.4568511088982392,1.782
T4312,U7760,47046.96,Withdrawal,NetBanking,iOS,Chennai,1985,22,4,25671.76,0,0.65,2,0,47046.96,,,1,1.0,1.3
T4313,U5775,6261.07,Payment,Card,Web,Mumbai,1562,13,4,2289.94,0,0.692,2,0,19108.165,17178.826547781624,-0.7478447357429662,4,0.3276646396972184,1.384
T4314,U2648,43762.92,Payment,Card,Web,Hyderabad,1928,9,0,2790.69,0,0.194,9,0,43762.92,,,1,1.0,1.746
T4315,U2902,48548.47,Payment,Card,Web,Delhi,828,16,4,12570.0,0,0.727,9,0,48548.47,,,1,1.0,6.543
T4316,U1056,8898.82,Payment,Wallet,iOS,Chennai,1402,21,2,350.3,0,0.72,4,0,19855.595,15495.219804870469,-0.7071067811865476,2,0.4481769496204973,2.88
T4317,U6072,36117.2,Transfer,Wallet,Android,Hyderabad,1070,10,4,2922.17,0,0.157,8,0,29040.255,8862.66591924612,0.7985119900132689,4,1.243694313290293,1.256
T4318,U5269,2062.26,Transfer,Wallet,iOS,Chennai,1889,17,2,27984.61,0,0.317,8,0,8396.7,8958.250958038627,-0.7071067811865477,2,0.245603629997499,2.536
T4319,U8729,20300.87,Withdrawal,Card,iOS,Delhi,1917,1,3,23793.71,0,0.941,2,0,20300.87,,,1,1.0,1.882
T4320,U1804,25838.35,Withdrawal,NetBanking,iOS,Chennai,390,10,2,20214.0,0,0.071,4,0,11540.336666666664,12677.836281027348,1.1277960226328698,3,2.2389598108200777,0.284
T4321,U6678,29053.23,Withdrawal,NetBanking,Android,Mumbai,1252,7,0,24924.09,0,0.229,6,0,37077.57,11348.130457092924,-0.7071067811865474,2,0.7835796682468673,1.374
T4322,U8104,46800.07,Transfer,Wallet,iOS,Hyderabad,658,18,1,7576.64,0,0.579,4,0,46800.07,,,1,1.0,2.316
T4323,U4216,33628.92,Withdrawal,NetBanking,Web,Hyderabad,255,15,1,21794.45,0,0.969,7,0,33628.92,,,1,1.0,6.783
T4324,U7007,24089.83,Withdrawal,Card,iOS,Hyderabad,1583,3,3,18505.46,1,0.257,5,0,24089.83,,,1,1.0,1.285
T4325,U1818,40493.27,Transfer,Wallet,Android,Chennai,260,13,0,25474.56,0,0.817,4,0,27805.65,17943.004278236127,0.7071067811865475,2,1.456296472119875,3.268
T4326,U9386,47529.11,Withdrawal,Wallet,Web,Delhi,574,21,3,8552.35,0,0.367,6,0,27903.095,27755.3765883378,0.7071067811865475,2,1.703363372414422,2.202
T4327,U3143,1152.2,Transfer,Card,Android,Chennai,918,16,3,22935.1,0,0.352,6,0,1152.2,,,1,1.0,2.112
T4328,U3794,49126.94,Transfer,Wallet,iOS,Chennai,1379,10,4,25594.28,0,0.996,5,0,38881.26,14489.579611734773,0.7071067811865476,2,1.2635120363897672,4.98
T4329,U4934,4352.3,Payment,Card,Android,Hyderabad,830,2,4,16515.31,0,0.817,6,0,4352.3,,,1,1.0,4.901999999999999
T4330,U9031,40728.62,Payment,Wallet,Web,Delhi,724,3,0,12472.18,0,0.249,5,0,36955.495,5336.004547528984,0.7071067811865475,2,1.1020991600843122,1.245
T4331,U1235,14052.72,Transfer,NetBanking,Android,Bangalore,1920,20,1,28464.71,0,0.186,7,0,14248.77,277.2565689032449,-0.7071067811865525,2,0.9862409176371012,1.302
T4332,U8272,6652.37,Transfer,Wallet,Web,Delhi,481,12,2,5152.19,0,0.084,5,0,12678.846666666666,5219.572521733302,-1.154591998017763,3,0.5246825815386994,0.42
T4333,U7471,22020.79,Payment,Wallet,Web,Chennai,1920,16,4,1184.56,0,0.483,4,0,30061.305,11371.005361464306,-0.7071067811865475,2,0.7325294094850506,1.932
T4334,U5447,32215.63,Withdrawal,Wallet,iOS,Mumbai,1594,19,0,5456.29,0,0.335,9,0,33121.505,1281.1007108147237,-0.7071067811865468,2,0.9726499444998048,3.015
T4335,U2309,19078.54,Withdrawal,UPI,iOS,Delhi,131,20,0,20535.27,0,0.381,5,0,19078.54,,,1,1.0,1.905
T4336,U8451,2775.54,Withdrawal,NetBanking,Web,Hyderabad,1359,19,1,23689.48,0,0.431,6,0,19763.66333333333,22624.763492585585,-0.7508641289841794,3,0.1404365148903737,2.586
T4337,U2739,29993.08,Transfer,Card,Android,Mumbai,1964,9,0,21533.14,0,0.991,2,1,29993.08,,,1,1.0,1.982
T4338,U2231,45125.04,Payment,UPI,Web,Bangalore,1561,22,0,12654.01,0,0.003,1,0,32720.24,17543.036398525768,0.7071067811865478,2,1.379117023591514,0.003
T4339,U3123,19191.61,Withdrawal,NetBanking,iOS,Bangalore,790,23,1,29030.45,0,0.426,3,0,19191.61,,,1,1.0,1.278
T4340,U9460,10855.82,Payment,Wallet,Android,Mumbai,757,11,4,13384.63,0,0.065,7,0,19307.61,18597.493339724573,-0.4544585576996459,3,0.5622560223663104,0.455
T4341,U3578,22156.74,Payment,Wallet,Web,Bangalore,130,7,1,29441.02,1,0.673,1,0,20888.845,1793.074304665036,0.7071067811865476,2,1.0606972285925813,0.673
T4342,U9806,2465.72,Transfer,Card,iOS,Mumbai,148,2,3,27551.68,0,0.05,1,0,2465.72,,,1,1.0,0.05
T4343,U5324,41033.35,Withdrawal,Card,Web,Chennai,96,20,4,12273.62,0,0.767,8,0,41033.35,,,1,1.0,6.136
T4344,U2140,41325.72,Payment,NetBanking,Web,Mumbai,139,9,3,4914.16,0,0.868,3,0,22812.145,26182.14885301148,0.7071067811865475,2,1.811566601913148,2.604
T4345,U5610,29420.62,Transfer,NetBanking,Web,Chennai,261,23,0,2786.14,0,0.971,2,0,33282.645,5461.728133223954,-0.707106781186547,2,0.8839627980288226,1.942
T4346,U4448,17687.49,Transfer,Card,Android,Hyderabad,1895,6,3,15991.1,0,0.121,8,0,34647.39,15739.532967829762,-1.077535148893208,5,0.5104999251025836,0.968
T4347,U3961,39999.18,Transfer,NetBanking,iOS,Hyderabad,796,9,1,22919.92,0,0.979,2,0,19742.09333333333,18928.661388321503,1.070180624561479,3,2.026086055041782,1.958
T4348,U2283,27756.62,Withdrawal,Card,iOS,Bangalore,1393,6,1,5363.83,0,0.412,7,1,27756.62,,,1,1.0,2.884
T4349,U5521,41305.32,Withdrawal,Wallet,Web,Mumbai,1846,17,2,9614.51,0,0.633,7,0,28327.84,18352.92822142559,0.7071067811865476,2,1.45811752678637,4.431
T4350,U6502,31591.37,Transfer,Card,Web,Chennai,1463,19,0,18952.89,0,0.0,6,0,16343.515,21563.723338098407,0.7071067811865476,2,1.9329605657045013,0.0
T4351,U8873,39231.05,Withdrawal,UPI,Web,Hyderabad,56,13,1,13879.96,0,0.37,1,0,39231.05,,,1,1.0,0.37
T4352,U6989,29948.22,Withdrawal,Card,Android,Hyderabad,1978,11,4,18155.65,0,0.353,1,0,29948.22,,,1,1.0,0.353
T4353,U2006,20736.35,Payment,Card,iOS,Hyderabad,1624,7,1,20323.39,0,0.504,3,0,21948.605,1714.3874620545978,-0.7071067811865476,2,0.9447684716181278,1.512
T4354,U4195,47899.4,Transfer,UPI,Web,Bangalore,510,6,4,11482.78,0,0.133,4,0,47899.4,,,1,1.0,0.532
T4355,U2581,27078.64,Transfer,UPI,iOS,Hyderabad,1843,4,0,23600.39,0,0.69,9,0,17482.965,13570.333725124448,0.7071067811865475,2,1.548858560318573,6.209999999999999
T4356,U6690,30274.22,Withdrawal,UPI,Web,Delhi,1962,0,2,21115.67,0,0.596,7,0,34375.5,5800.085799089526,-0.7071067811865476,2,0.8806917717560472,4.172
T4357,U5647,11063.36,Transfer,UPI,iOS,Bangalore,1909,14,2,20657.84,0,0.212,1,1,11063.36,,,1,1.0,0.212
T4358,U6681,31301.26,Transfer,Card,Web,Mumbai,434,8,3,4569.56,0,0.984,4,0,18899.03,17539.40186967047,0.7071067811865476,2,1.6562363253563808,3.936
T4359,U2000,28601.8,Transfer,NetBanking,Android,Delhi,1408,11,1,14279.64,1,0.006,6,0,28601.8,,,1,1.0,0.036
T4360,U9509,9282.68,Withdrawal,UPI,Web,Bangalore,974,21,0,17357.47,0,0.336,6,1,9282.68,,,1,1.0,2.016
T4361,U9506,3026.38,Withdrawal,Wallet,Web,Bangalore,1887,17,3,6868.95,0,0.262,7,0,26831.320000000003,22722.938229381783,-1.04761715935218,3,0.1127928107897785,1.834
T4362,U4128,30237.75,Withdrawal,Card,Web,Chennai,740,10,0,22781.16,0,0.56,9,0,24901.416666666668,20258.823921744155,0.263407853977434,3,1.2142983832914458,5.040000000000001
T4363,U7623,38196.43,Payment,NetBanking,Web,Delhi,120,9,0,3720.31,0,0.888,6,0,37855.53,11042.107398187178,0.0308727299696404,3,1.0090052893196846,5.328
T4364,U9110,26193.9,Transfer,Wallet,Web,Delhi,1260,9,3,4580.74,0,0.658,1,1,26193.9,,,1,1.0,0.658
T4365,U3771,11377.29,Payment,Card,iOS,Delhi,1820,17,0,12458.25,0,0.048,3,0,11377.29,,,1,1.0,0.144
T4366,U4285,33342.77,Withdrawal,Card,iOS,Hyderabad,1801,0,3,4146.81,0,0.863,1,1,20405.34,18296.28896825255,0.7071067811865476,2,1.6340217805731243,0.863
T4367,U8218,4051.28,Payment,Wallet,Android,Hyderabad,1072,19,1,448.15,0,0.265,6,0,4051.28,,,1,1.0,1.59
T4368,U2542,22119.59,Transfer,UPI,Web,Mumbai,144,10,3,12400.92,0,0.11,7,0,13546.005,12124.880185158532,0.7071067811865475,2,1.632923507705777,0.77
T4369,U7049,8210.17,Transfer,UPI,iOS,Mumbai,1328,1,1,19491.71,0,0.433,3,0,23604.122,13026.409964106382,-1.1817493877758538,5,0.3478278073634766,1.299
T4370,U9887,9263.73,Withdrawal,Wallet,iOS,Mumbai,619,10,2,14904.64,1,0.899,9,0,9263.73,,,1,1.0,8.091000000000001
T4371,U5520,10154.58,Withdrawal,NetBanking,Web,Hyderabad,1067,1,3,1660.17,0,0.035,1,0,16609.11,9128.083864744012,-0.7071067811865477,2,0.6113861609682879,0.035
T4372,U8067,19366.02,Payment,UPI,Web,Chennai,996,8,2,7050.71,0,0.626,1,0,19366.02,,,1,1.0,0.626
T4373,U3371,2604.95,Withdrawal,Card,Android,Mumbai,437,0,3,15778.02,0,0.332,7,0,2604.95,,,1,1.0,2.3240000000000003
T4374,U7336,19919.78,Payment,Card,Android,Bangalore,1998,22,0,22168.97,0,0.623,5,0,8978.199999999999,9940.80259309076,1.1006737029065257,3,2.2186830322336326,3.115
T4375,U7631,25609.79,Transfer,NetBanking,iOS,Hyderabad,1101,5,2,23838.12,0,0.266,5,0,25609.79,,,1,1.0,1.33
T4376,U5965,24190.55,Transfer,Card,Android,Chennai,1736,21,4,15629.12,0,0.967,5,0,26799.815,3690.057950825437,-0.7071067811865478,2,0.9026386935879966,4.835
T4377,U5181,19170.07,Transfer,UPI,iOS,Bangalore,208,1,4,19419.21,0,0.114,5,0,19170.07,,,1,1.0,0.5700000000000001
T4378,U6961,41965.37,Transfer,NetBanking,Android,Bangalore,569,14,4,27112.18,0,0.158,2,0,32301.755,13666.41539455208,0.7071067811865476,2,1.299166871892874,0.316
T4379,U9364,7309.07,Transfer,UPI,Web,Hyderabad,268,0,2,2049.44,0,0.046,1,0,7309.07,,,1,1.0,0.046
T4380,U8071,25309.55,Payment,NetBanking,Android,Delhi,734,23,1,3065.26,0,0.795,5,0,25309.55,,,1,1.0,3.975
T4381,U2816,3148.97,Transfer,Wallet,iOS,Chennai,683,23,3,13790.02,0,0.094,9,0,21973.376666666667,22182.69588189031,-0.8486077060649192,3,0.1433084249075358,0.846
T4382,U6483,3604.23,Payment,Card,Android,Hyderabad,1658,17,0,18331.07,0,0.277,8,0,23672.79,28381.2297292982,-0.7071067811865476,2,0.1522520159220776,2.216
T4383,U2257,28714.6,Transfer,NetBanking,iOS,Delhi,146,3,0,238.56,1,0.206,9,0,28714.6,,,1,1.0,1.854
T4384,U2375,28322.62,Payment,Wallet,iOS,Hyderabad,1862,12,2,13631.2,0,0.354,3,0,28322.62,,,1,1.0,1.0619999999999998
T4385,U6880,43907.77,Payment,UPI,Android,Hyderabad,925,3,4,5265.55,0,0.766,2,0,43907.77,,,1,1.0,1.532
T4386,U5890,27915.79,Payment,Wallet,Android,Bangalore,945,14,0,19388.63,0,0.95,5,0,27915.79,,,1,1.0,4.75
T4387,U2203,47991.56,Withdrawal,UPI,iOS,Hyderabad,390,1,0,8105.29,0,0.879,7,0,47991.56,,,1,1.0,6.1530000000000005
T4388,U6397,2482.31,Payment,NetBanking,Web,Delhi,1557,8,1,27067.95,0,0.841,4,0,2482.31,,,1,1.0,3.364
T4389,U9967,4945.48,Payment,NetBanking,Android,Bangalore,1904,11,0,2009.04,0,0.417,2,0,4945.48,,,1,1.0,0.834
T4390,U7591,2251.09,Transfer,Card,iOS,Delhi,247,13,0,24295.26,0,0.802,9,0,2251.09,,,1,1.0,7.218
T4391,U4919,9304.58,Payment,Card,Web,Delhi,1317,19,3,11830.59,0,0.777,6,0,9304.58,,,1,1.0,4.662
T4392,U5481,27086.44,Payment,NetBanking,iOS,Bangalore,697,3,0,25729.1,0,0.248,3,0,17350.239999999998,13769.066085976929,0.7071067811865476,2,1.5611565027342562,0.744
T4393,U2384,32296.33,Withdrawal,UPI,Android,Delhi,1770,14,3,24472.17,0,0.262,1,0,29140.800000000003,4462.5933224751725,0.7071067811865472,2,1.108285633887882,0.262
T4394,U2735,2326.98,Transfer,UPI,iOS,Mumbai,467,3,4,7254.85,0,0.499,1,0,3656.42,3842.8453491651208,-0.3459519910914,3,0.6364093840423146,0.499
T4395,U7754,47301.25,Withdrawal,NetBanking,iOS,Hyderabad,1620,4,1,1611.98,0,0.963,8,0,47301.25,,,1,1.0,7.704
T4396,U9208,42116.16,Withdrawal,UPI,iOS,Bangalore,1168,9,0,20896.09,1,0.108,4,0,41872.045,345.2307437787078,0.7071067811865633,2,1.0058300233485131,0.432
T4397,U9057,14865.79,Withdrawal,NetBanking,Android,Bangalore,91,11,1,6211.4,0,0.988,9,0,32864.215,15779.40491681166,-1.140627615229276,4,0.4523397257472908,8.892
T4398,U8794,3905.52,Payment,Card,Web,Mumbai,604,11,1,27922.16,0,0.159,5,0,3905.52,,,1,1.0,0.795
T4399,U6075,8535.86,Withdrawal,UPI,Web,Mumbai,663,7,1,2110.2,0,0.486,5,0,8535.86,,,1,1.0,2.43
T4400,U7850,6390.87,Withdrawal,Card,Web,Mumbai,1242,3,2,9787.0,0,0.304,8,0,10134.21,5293.882196573701,-0.7071067811865475,2,0.6306234033042537,2.432
T4401,U4900,6208.02,Transfer,Wallet,Web,Mumbai,1760,2,3,478.21,0,0.42,7,0,24286.233333333334,18632.259523539637,-0.9702641437821148,3,0.2556188897139257,2.94
T4402,U8983,25952.16,Transfer,Card,Android,Chennai,412,0,1,9578.89,0,0.958,8,0,25395.14,787.7452385130621,0.7071067811865475,2,1.021934118102913,7.664
T4403,U6368,12330.08,Transfer,Wallet,iOS,Bangalore,831,17,4,16283.63,0,0.632,4,0,12330.08,,,1,1.0,2.528
T4404,U5115,17939.08,Transfer,Card,Web,Delhi,1800,19,0,19680.39,0,0.298,2,0,29703.95,11964.638123106772,-0.9833034546426463,3,0.6039291070716185,0.596
T4405,U7718,49475.79,Withdrawal,Card,Web,Bangalore,197,13,1,21820.37,0,0.628,6,0,42170.865000000005,10330.72400711828,0.7071067811865472,2,1.1732220811690723,3.768
T4406,U2541,34231.5,Transfer,UPI,Android,Bangalore,502,16,1,25020.16,0,0.452,7,1,34231.5,,,1,1.0,3.164
T4407,U8820,47451.58,Payment,Card,iOS,Bangalore,1792,5,0,3412.45,0,0.943,6,0,47451.58,,,1,1.0,5.658
T4408,U4481,7170.7,Withdrawal,NetBanking,iOS,Mumbai,264,5,4,22879.99,0,0.353,3,0,26323.35,27085.93738538506,-0.7071067811865475,2,0.2724083370847555,1.059
T4409,U8838,19137.87,Transfer,UPI,Web,Mumbai,1356,9,1,8423.23,0,0.584,3,0,19137.87,,,1,1.0,1.7519999999999998
T4410,U3958,27758.85,Withdrawal,UPI,Web,Chennai,1707,18,1,4233.58,0,0.849,5,0,25419.61,22288.795858116693,0.1049513852112447,3,1.0920250153326507,4.245
T4411,U5766,3884.07,Transfer,UPI,iOS,Bangalore,1890,9,4,8043.09,0,0.959,7,1,3884.07,,,1,1.0,6.713
T4412,U2226,259.16,Withdrawal,Card,Android,Hyderabad,434,2,1,25753.99,0,0.799,2,0,10386.16,14321.740746152334,-0.7071067811865475,2,0.0249524367042294,1.598
T4413,U6429,33538.19,Transfer,UPI,iOS,Chennai,1448,0,4,18859.01,1,0.936,4,0,33538.19,,,1,1.0,3.744
T4414,U8401,32108.88,Payment,Wallet,iOS,Mumbai,1200,17,1,17961.71,0,0.464,8,1,32108.88,,,1,1.0,3.712
T4415,U7948,20568.9,Transfer,Wallet,Web,Bangalore,1623,14,0,17580.64,0,0.765,3,0,33063.54,11226.958255627387,-1.1129140872806933,3,0.6221021705479812,2.295
T4416,U1577,24507.72,Withdrawal,Card,Android,Mumbai,494,19,4,12317.96,0,0.095,7,0,24507.72,,,1,1.0,0.665
T4417,U4126,20801.38,Withdrawal,UPI,Android,Delhi,445,3,0,12568.44,0,0.594,3,0,12132.81,12259.20926038054,0.7071067811865475,2,1.7144733989900114,1.782
T4418,U7133,1249.05,Payment,NetBanking,Android,Mumbai,1720,17,0,4534.9,0,0.014,8,0,17043.355000000003,22336.52033925719,-0.7071067811865476,2,0.0732866269581311,0.112
T4419,U2233,16801.81,Withdrawal,NetBanking,Web,Mumbai,1565,9,1,10045.13,0,0.26,7,1,27902.545,15698.809989309697,-0.7071067811865475,2,0.602160483927183,1.82
T4420,U5314,8895.26,Payment,Wallet,Android,Chennai,1641,21,4,15409.76,0,0.666,1,0,8895.26,,,1,1.0,0.666
T4421,U7468,4966.29,Withdrawal,Card,Android,Delhi,1514,21,2,18219.93,0,0.172,4,0,4966.29,,,1,1.0,0.688
T4422,U2011,47838.19,Withdrawal,Card,Web,Hyderabad,189,18,0,2242.0,0,0.2,7,0,47838.19,,,1,1.0,1.4
T4423,U9874,29988.02,Payment,Card,iOS,Hyderabad,1640,16,0,10080.93,0,0.062,5,0,23301.14,9456.676385961402,0.7071067811865476,2,1.2869765170287806,0.31
T4424,U7744,36446.38,Withdrawal,Card,Android,Hyderabad,1104,9,0,10248.68,0,0.747,3,0,31998.69,6289.983519231189,0.7071067811865475,2,1.1389960026488584,2.241
T4425,U3487,15802.42,Withdrawal,Card,iOS,Bangalore,1735,3,1,15500.6,0,0.448,2,0,30860.38,21295.171253671568,-0.7071067811865475,2,0.5120617438929786,0.896
T4426,U4382,19687.7,Payment,UPI,Android,Hyderabad,910,4,1,21330.03,0,0.888,9,0,19687.7,,,1,1.0,7.992
T4427,U1324,11884.35,Transfer,UPI,iOS,Bangalore,1474,6,0,19093.46,0,0.362,6,1,11884.35,,,1,1.0,2.172
T4428,U8855,4893.44,Payment,UPI,iOS,Mumbai,653,18,1,17169.47,0,0.435,1,0,16374.586666666668,22577.177861985616,-0.5085288664885826,3,0.2988435738632384,0.435
T4429,U1137,8992.63,Withdrawal,NetBanking,Web,Hyderabad,148,18,1,8813.42,0,0.495,5,0,8992.63,,,1,1.0,2.475
T4430,U1991,39885.83,Transfer,UPI,Web,Chennai,796,7,1,25187.79,0,0.861,7,0,39885.83,,,1,1.0,6.027
T4431,U6158,33893.41,Transfer,Card,Android,Delhi,111,0,3,23580.25,0,0.292,8,0,26693.1275,6135.783408706532,1.173490330474014,4,1.269742932895368,2.336
T4432,U7366,27369.1,Transfer,Card,Android,Delhi,477,23,4,5590.02,0,0.052,5,0,14013.11,18888.222196919432,0.7071067811865476,2,1.953106769303888,0.26
T4433,U2554,23780.74,Payment,NetBanking,Web,Mumbai,292,7,1,19688.43,0,0.627,1,0,20595.97,4503.944927038962,0.7071067811865476,2,1.154630736012919,0.627
T4434,U1275,46125.59,Transfer,NetBanking,Android,Delhi,1062,18,3,27208.97,0,0.826,2,0,46125.59,,,1,1.0,1.652
T4435,U4262,3683.11,Transfer,Wallet,Android,Delhi,27,16,3,13124.48,0,0.556,4,0,3683.11,,,1,1.0,2.224
T4436,U7731,14066.01,Transfer,NetBanking,Web,Mumbai,1966,8,1,27750.6,0,0.32,1,0,14066.01,,,1,1.0,0.32
T4437,U5752,17529.4,Withdrawal,Wallet,iOS,Mumbai,1990,19,3,756.72,1,0.63,4,0,18598.15,1511.4407447862454,-0.7071067811865475,2,0.9425346069367114,2.52
T4438,U2353,39132.17,Payment,UPI,Android,Mumbai,765,22,2,15535.58,0,0.991,6,0,39132.17,,,1,1.0,5.946
T4439,U2768,49626.11,Payment,Card,Web,Chennai,696,15,3,7762.47,0,0.574,6,0,49626.11,,,1,1.0,3.444
T4440,U9856,12071.49,Withdrawal,Wallet,Android,Mumbai,1541,8,4,7938.51,0,0.315,2,0,12071.49,,,1,1.0,0.63
T4441,U4565,43721.65,Transfer,Wallet,Android,Mumbai,610,18,3,26338.66,0,0.244,1,0,39166.07666666667,12795.676484458856,0.356024422692021,3,1.116314262776554,0.244
T4442,U7733,41539.61,Withdrawal,Wallet,Web,Mumbai,1053,15,1,9413.83,0,0.998,8,0,41655.75666666667,6942.088748045025,-0.0167307954251342,3,0.9972117499246004,7.984
T4443,U9489,11271.64,Withdrawal,NetBanking,Web,Hyderabad,1359,20,0,797.6,0,0.85,9,0,29219.99,25382.799992219137,-0.7071067811865476,2,0.3857509875944516,7.649999999999999
T4444,U2572,19996.66,Transfer,NetBanking,Android,Hyderabad,1389,12,2,16236.69,0,0.279,9,1,16894.920000000002,2876.6568605240345,1.078244695279701,3,1.1835900969048685,2.511
T4445,U2226,20513.16,Transfer,NetBanking,Android,Chennai,442,18,3,29128.8,0,0.262,7,0,10386.16,14321.740746152334,0.7071067811865475,2,1.9750475632957705,1.834
T4446,U6278,48912.12,Payment,Wallet,iOS,Chennai,1432,4,2,2464.96,0,0.804,4,0,35984.11,18282.967076495,0.7071067811865476,2,1.3592699666602843,3.216
T4447,U4302,9085.55,Transfer,UPI,iOS,Delhi,1051,1,4,8660.37,1,0.992,2,0,15554.236666666666,11939.448536412112,-0.5417910757719596,3,0.5841205965105756,1.984
T4448,U4666,39967.94,Withdrawal,Card,Web,Hyderabad,1583,3,3,14138.14,0,0.466,7,1,39967.94,,,1,1.0,3.262
T4449,U9584,16742.93,Withdrawal,NetBanking,Android,Chennai,385,11,3,24931.36,0,0.227,6,0,23797.305,9976.392799065705,-0.7071067811865475,2,0.7035641220718061,1.362
T4450,U6992,36556.97,Transfer,UPI,Web,Chennai,1634,17,2,8139.96,0,0.23,7,0,32779.926666666666,8227.42312888023,0.4590797475913213,3,1.1152242764830265,1.61
T4451,U8817,21029.55,Payment,NetBanking,Web,Delhi,1373,2,3,10376.19,0,0.797,1,0,26084.555,7148.8566288638085,-0.7071067811865476,2,0.8062069680698022,0.797
T4452,U3841,28939.07,Withdrawal,NetBanking,Android,Mumbai,1183,20,3,11596.4,0,0.605,4,0,26679.84,3195.033706520167,0.7071067811865475,2,1.084679293429046,2.42
T4453,U6127,41638.96,Transfer,Wallet,iOS,Bangalore,1020,18,0,11451.06,0,0.634,1,0,28068.37,19191.7124274047,0.7071067811865476,2,1.4834833657957338,0.634
T4454,U5258,40218.07,Payment,Wallet,Web,Delhi,725,21,2,6090.32,0,0.194,7,0,43819.565,5093.283073818886,-0.7071067811865486,2,0.9178107998105411,1.358
T4455,U7098,43327.84,Payment,NetBanking,Web,Bangalore,1266,3,1,27478.41,0,0.13,6,0,35738.223333333335,18231.069796099,0.4163012237653027,3,1.2123669270259376,0.78
T4456,U4719,3027.89,Withdrawal,Card,Android,Delhi,1137,3,1,23808.02,0,0.011,8,0,13732.765,15138.979408508683,-0.7071067811865476,2,0.2204865516886075,0.088
T4457,U8010,34617.93,Withdrawal,NetBanking,iOS,Delhi,1033,15,4,29271.72,0,0.915,2,0,34617.93,,,1,1.0,1.83
T4458,U8077,7042.37,Payment,Card,iOS,Mumbai,1989,10,0,11192.71,1,0.355,8,0,7042.37,,,1,1.0,2.84
T4459,U7966,20820.14,Payment,UPI,Android,Chennai,1656,12,2,1454.33,1,0.758,8,0,13552.47,10278.03748085207,0.7071067811865477,2,1.536261655624399,6.064
T4460,U8153,27451.99,Payment,NetBanking,Web,Hyderabad,746,20,2,3553.48,0,0.884,2,0,23341.870000000003,5812.587446980908,0.707106781186547,2,1.176083578565042,1.768
T4461,U3557,20166.84,Transfer,Card,Android,Delhi,230,10,0,10788.76,0,0.599,7,0,20166.84,,,1,1.0,4.193
T4462,U7635,26004.6,Withdrawal,UPI,Android,Mumbai,1995,6,0,27340.82,0,0.424,3,0,24561.346666666665,7855.986900735855,0.1837138161722427,3,1.0587611645615522,1.272
T4463,U5716,49826.49,Payment,UPI,iOS,Bangalore,1059,13,4,29434.43,0,0.039,5,0,43606.33,8796.634632130628,0.7071067811865474,2,1.142643510701313,0.195
T4464,U1140,6804.1,Withdrawal,Wallet,Web,Chennai,1097,3,1,24677.71,0,0.337,8,0,18703.15,16827.797889355574,-0.7071067811865477,2,0.3637943341094949,2.696
T4465,U2291,33789.03,Withdrawal,UPI,Web,Delhi,263,7,2,7228.92,0,0.322,1,0,34045.19,362.2649461374892,-0.7071067811865627,2,0.9924758827899036,0.322
T4466,U2405,19830.25,Withdrawal,Wallet,iOS,Bangalore,1282,11,0,19825.01,0,0.566,1,0,27559.01,10930.11721232668,-0.7071067811865475,2,0.719555963730192,0.566
T4467,U6970,6693.84,Payment,UPI,Web,Delhi,745,12,2,17938.56,0,0.764,8,0,6693.84,,,1,1.0,6.112
T4468,U3630,7978.9,Transfer,UPI,Web,Hyderabad,835,8,1,24715.25,0,0.711,6,0,25783.783333333336,19976.68782276565,-0.8912830540928162,3,0.3094541982783751,4.266
T4469,U3775,47466.19,Payment,Card,Android,Hyderabad,1164,8,2,15341.51,0,0.87,3,1,47466.19,,,1,1.0,2.61
T4470,U8162,43986.09,Withdrawal,Card,Android,Chennai,39,1,2,9612.08,0,0.047,8,0,24059.135,28180.97001779836,0.7071067811865475,2,1.828249020590308,0.376
T4471,U6544,45356.75,Payment,Wallet,Android,Bangalore,796,2,0,676.4,1,0.605,8,0,45356.75,,,1,1.0,4.84
T4472,U5135,49577.06,Payment,NetBanking,Web,Hyderabad,19,20,0,23871.28,1,0.189,9,0,29996.13,27691.616769878205,0.7071067811865476,2,1.65278187552861,1.701
T4473,U6463,10455.35,Withdrawal,Card,Web,Mumbai,1122,11,0,15954.43,0,0.973,6,0,9869.415,828.6372236690794,0.7071067811865469,2,1.0593687670444498,5.838
T4474,U5787,17804.19,Withdrawal,UPI,Web,Chennai,439,16,1,16072.2,0,0.409,7,0,22519.84,6668.936185404687,-0.7071067811865476,2,0.7906001996461786,2.863
T4475,U9172,33477.49,Payment,Wallet,Web,Delhi,1180,3,3,28716.16,0,0.624,6,0,33477.49,,,1,1.0,3.744
T4476,U7274,24215.94,Payment,Wallet,iOS,Bangalore,1160,13,1,14638.2,0,0.352,3,0,24215.94,,,1,1.0,1.056
T4477,U1065,20948.56,Payment,Wallet,iOS,Bangalore,707,20,0,9542.46,0,0.22,9,0,15618.765,7537.468373668312,0.7071067811865476,2,1.341243049626523,1.98
T4478,U2161,17922.67,Payment,UPI,Web,Mumbai,133,8,4,10261.16,0,0.688,1,0,14330.616666666669,4608.140564754218,0.7795016846507413,3,1.2506558801261167,0.688
T4479,U7647,29709.34,Transfer,Card,Android,Hyderabad,1652,7,2,451.23,0,0.939,5,0,29709.34,,,1,1.0,4.694999999999999
T4480,U2337,28800.89,Payment,NetBanking,Android,Bangalore,1374,0,2,3758.3,0,0.059,6,0,17563.39,15892.224907167656,0.7071067811865475,2,1.6398252273621436,0.354
T4481,U7825,8114.82,Transfer,Wallet,iOS,Mumbai,1551,12,2,1409.88,0,0.825,6,0,8345.849999999999,326.72575931505514,-0.7071067811865461,2,0.9723179783964486,4.949999999999999
T4482,U1781,23613.4,Withdrawal,UPI,iOS,Mumbai,60,2,2,7373.48,1,0.342,1,0,23613.4,,,1,1.0,0.342
T4483,U8022,27695.92,Transfer,Card,Web,Delhi,407,13,4,2033.1,0,0.121,8,0,20230.8225,11737.601472249702,0.6359985485662594,4,1.3689962432323253,0.968
T4484,U5770,28535.83,Withdrawal,Card,Web,Mumbai,323,18,0,10000.38,0,0.713,1,0,35840.615000000005,10330.526017219549,-0.707106781186548,2,0.7961869515910929,0.713
T4485,U9135,10544.85,Transfer,NetBanking,Web,Chennai,657,5,3,3871.27,0,0.082,3,0,10544.85,,,1,1.0,0.246
T4486,U1456,37126.46,Withdrawal,Wallet,Web,Bangalore,523,3,2,27545.78,0,0.728,8,0,33777.996666666666,9008.784535331795,0.3716886912103296,3,1.099131495759715,5.824
T4487,U4191,1308.69,Payment,UPI,Web,Chennai,511,19,3,28157.68,0,0.436,8,0,1308.69,,,1,1.0,3.488
T4488,U9591,17773.85,Transfer,Card,Android,Mumbai,539,0,1,18143.35,0,0.165,1,1,12633.233333333332,10691.003843673114,0.4808357327182947,3,1.4069121919170864,0.165
T4489,U7276,39021.62,Transfer,UPI,Android,Mumbai,1794,9,1,24184.08,1,0.157,1,0,37569.53,2053.56537178635,0.7071067811865485,2,1.0386507363813176,0.157
T4490,U9743,28216.45,Withdrawal,Card,Web,Chennai,706,12,2,20348.62,1,0.748,8,0,33293.755,7180.393591304724,-0.7071067811865475,2,0.8474997788624324,5.984
T4491,U6797,13095.06,Withdrawal,Wallet,Android,Delhi,743,11,0,24352.16,0,0.828,2,0,32963.083333333336,12630.394209082577,-1.573032718095699,6,0.3972644144838796,1.656
T4492,U3437,34762.91,Transfer,Wallet,Web,Mumbai,1773,10,4,19230.24,0,0.686,5,0,27234.823333333334,20930.730549028467,0.35966669433887,3,1.276414007703618,3.43
T4493,U5489,28391.18,Withdrawal,NetBanking,Web,Chennai,869,3,2,12962.79,1,0.721,8,0,20654.95,10940.68138763761,0.7071067811865474,2,1.3745460531252798,5.768
T4494,U3854,39822.37,Payment,Card,iOS,Chennai,428,16,1,26225.26,0,0.848,5,0,39822.37,,,1,1.0,4.24
T4495,U6239,36764.51,Transfer,UPI,Android,Bangalore,203,14,1,13198.19,1,0.429,7,0,36764.51,,,1,1.0,3.003
T4496,U2670,30524.89,Payment,Card,Android,Delhi,321,20,3,11946.75,0,0.168,6,0,30524.89,,,1,1.0,1.008
T4497,U4952,24434.47,Transfer,UPI,iOS,Hyderabad,1005,2,4,18769.06,0,0.377,5,0,30685.005,8839.591369087713,-0.7071067811865476,2,0.7963000168975042,1.885
T4498,U2536,6702.45,Payment,NetBanking,Android,Chennai,731,9,2,28144.16,0,0.979,3,0,24019.34,24489.780696123027,-0.7071067811865475,2,0.2790438871342843,2.937
T4499,U6098,13103.58,Transfer,Card,iOS,Bangalore,1332,20,0,13321.86,0,0.448,6,0,9494.143333333332,6593.277923463665,0.5474419110745617,3,1.3801750763540892,2.688
T4500,U3788,20984.02,Withdrawal,Wallet,Android,Hyderabad,1362,13,3,17290.85,0,0.924,9,0,20984.02,,,1,1.0,8.316
T4501,U4454,29985.0,Transfer,UPI,Web,Bangalore,485,18,4,14820.75,0,0.703,7,1,27080.775,4107.194383183004,0.7071067811865468,2,1.1072430534207385,4.920999999999999
T4502,U8364,25709.71,Payment,Wallet,iOS,Bangalore,593,20,3,27301.01,0,0.738,1,0,25709.71,,,1,1.0,0.738
T4503,U1235,14444.82,Transfer,NetBanking,Web,Delhi,126,3,0,20334.68,0,0.19,5,0,14248.77,277.2565689032449,0.7071067811865459,2,1.0137590823628986,0.95
T4504,U4358,372.89,Payment,NetBanking,Web,Mumbai,273,13,1,12645.72,0,0.369,7,0,19245.63,26690.08486714121,-0.7071067811865476,2,0.0193753075373474,2.583
T4505,U8811,24837.15,Payment,UPI,Android,Delhi,1550,5,2,18246.39,0,0.732,7,0,36667.130000000005,16730.11815860247,-0.7071067811865477,2,0.6773682587101854,5.124
T4506,U8549,14317.02,Payment,Card,iOS,Hyderabad,1814,11,2,4766.17,0,0.656,7,0,14317.02,,,1,1.0,4.5920000000000005
T4507,U4716,36743.68,Withdrawal,Wallet,Web,Delhi,1552,1,0,10324.12,0,0.863,6,0,18488.155,25817.211043241092,0.7071067811865476,2,1.9874173491081184,5.178
T4508,U4086,1246.12,Transfer,Wallet,Web,Mumbai,30,16,2,22111.82,0,0.21,2,0,6703.76,7718.268506549898,-0.7071067811865476,2,0.1858837428547561,0.42
T4509,U1142,29262.15,Payment,UPI,iOS,Delhi,486,0,2,16915.58,0,0.748,2,0,27332.35666666667,2046.767034137824,0.9428495286207468,3,1.070604717949068,1.496
T4510,U8796,47076.64,Withdrawal,UPI,Android,Delhi,558,16,3,9496.76,0,0.039,6,0,25025.99,31184.32828914229,0.7071067811865476,2,1.8811099980460315,0.2339999999999999
T4511,U9339,8761.74,Payment,UPI,Web,Delhi,1206,4,0,10932.71,0,0.3,1,0,23954.945,21486.436566914723,-0.7071067811865475,2,0.3657591365791071,0.3
T4512,U5952,23608.89,Transfer,NetBanking,Android,Chennai,957,15,3,24312.5,0,0.63,6,0,23608.89,,,1,1.0,3.78
T4513,U8667,4616.53,Withdrawal,NetBanking,iOS,Chennai,1030,13,2,16272.4,1,0.98,5,0,4616.53,,,1,1.0,4.9
T4514,U5822,31302.81,Payment,Wallet,Android,Delhi,1977,19,4,7238.81,0,0.989,1,0,38049.405,9541.126148838512,-0.7071067811865472,2,0.8226885545253599,0.989
T4515,U1142,27549.06,Payment,Card,iOS,Mumbai,1095,9,4,8974.71,0,0.439,5,0,27332.35666666667,2046.767034137824,0.1058759153919121,3,1.007928454028906,2.195
T4516,U8578,20397.91,Payment,UPI,Android,Mumbai,215,20,3,14089.72,0,0.765,4,0,16892.985,4956.71247010052,0.7071067811865475,2,1.2074781336750136,3.06
T4517,U2273,26092.78,Transfer,NetBanking,Android,Mumbai,1646,2,1,22908.84,0,0.6,9,0,26092.78,,,1,1.0,5.4
T4518,U1887,44833.9,Withdrawal,Card,Web,Mumbai,640,2,1,29923.47,0,0.709,1,0,44833.9,,,1,1.0,0.709
T4519,U8296,9854.9,Withdrawal,UPI,Android,Bangalore,188,17,0,5654.24,0,0.732,3,0,8299.48,2199.6960591863594,0.7071067811865476,2,1.187411741458501,2.196
T4520,U4836,1177.1,Withdrawal,Card,Web,Delhi,1677,23,4,22672.38,0,0.547,2,0,11439.52,14513.253546768898,-0.7071067811865475,2,0.1028976740282809,1.094
T4521,U4073,43090.16,Payment,UPI,iOS,Delhi,897,22,4,18554.86,0,0.814,1,0,43090.16,,,1,1.0,0.814
T4522,U4366,28877.0,Withdrawal,Card,iOS,Bangalore,351,17,3,15982.67,0,0.584,2,0,36230.51,10399.43357304618,-0.707106781186547,2,0.797035426771525,1.168
T4523,U2240,44538.39,Payment,Wallet,Web,Mumbai,449,3,2,28997.07,0,0.101,7,0,34736.635,13861.774856058297,0.7071067811865474,2,1.282173417200601,0.7070000000000001
T4524,U3714,29867.41,Transfer,UPI,Android,Hyderabad,1108,6,0,9750.33,0,0.989,5,1,29867.41,,,1,1.0,4.945
T4525,U1948,40517.55,Withdrawal,UPI,iOS,Hyderabad,299,0,3,5391.65,0,0.304,2,0,40517.55,,,1,1.0,0.608
T4526,U8787,21512.18,Payment,Wallet,iOS,Bangalore,566,15,1,26340.16,0,0.964,4,0,18024.975,4931.65260577527,0.7071067811865478,2,1.1934651781763914,3.856
T4527,U6636,37505.5,Withdrawal,UPI,iOS,Hyderabad,1177,16,2,2153.8,0,0.293,6,0,43268.26666666667,5584.365774269568,-1.0319464912594192,3,0.8668130916576274,1.758
T4528,U7990,45656.42,Withdrawal,UPI,Web,Chennai,658,7,0,24531.88,0,0.853,8,0,28944.455,19281.855125176626,0.8667197679635567,4,1.5773805379994197,6.824
T4529,U6797,28627.54,Transfer,NetBanking,iOS,Delhi,217,5,2,17718.16,0,0.69,6,0,32963.083333333336,12630.394209082577,-0.3432627091097144,6,0.8684727611949731,4.14
T4530,U8653,9080.22,Withdrawal,Wallet,iOS,Hyderabad,1776,1,1,5003.72,0,0.357,6,0,15475.454999999998,9044.2280715631,-0.7071067811865476,2,0.5867497918478003,2.142
T4531,U5114,13476.44,Transfer,NetBanking,iOS,Chennai,281,9,3,6898.13,0,0.938,6,0,31093.725,24914.603379192093,-0.7071067811865477,2,0.4334134942018043,5.628
T4532,U5111,9972.3,Withdrawal,Wallet,iOS,Delhi,1640,16,3,4759.63,1,0.583,5,0,5296.315,6612.841404453156,0.7071067811865476,2,1.8828751688674104,2.915
T4533,U4703,12380.51,Withdrawal,Card,Web,Chennai,424,18,4,21578.32,0,0.83,5,0,12125.165,361.112362084159,0.7071067811865437,2,1.0210590948659255,4.15
T4534,U8298,15355.45,Withdrawal,Wallet,Web,Delhi,1430,3,3,4504.6,0,0.797,6,0,15355.45,,,1,1.0,4.782
T4535,U6952,27778.93,Withdrawal,Wallet,Android,Delhi,393,12,4,20472.99,0,0.046,6,0,28978.14,1695.939046133438,-0.7071067811865476,2,0.9586167366159456,0.276
T4536,U4450,29420.18,Withdrawal,NetBanking,iOS,Hyderabad,1294,20,3,3931.69,0,0.269,1,0,31673.04333333333,14874.664103200224,-0.1514564172812911,3,0.9288712704483824,0.269
T4537,U5730,21353.66,Withdrawal,UPI,Web,Bangalore,900,18,0,24087.77,0,0.472,7,0,21353.66,,,1,1.0,3.304
T4538,U9465,30790.27,Transfer,Wallet,Android,Hyderabad,1672,15,1,27592.77,0,0.933,6,0,30790.27,,,1,1.0,5.598000000000001
T4539,U4866,4124.67,Transfer,UPI,Android,Mumbai,1976,12,2,16823.43,0,0.062,6,0,10630.52,9200.661304765,-0.7071067811865477,2,0.3880026565022219,0.372
T4540,U3440,4435.02,Payment,Wallet,iOS,Chennai,1200,4,1,28988.9,0,0.186,1,1,4435.02,,,1,1.0,0.186
T4541,U7890,8632.88,Withdrawal,NetBanking,Android,Mumbai,1051,11,1,11772.37,0,0.625,7,0,8632.88,,,1,1.0,4.375
T4542,U1911,25927.97,Transfer,Wallet,Web,Delhi,669,6,4,7413.61,0,0.653,6,0,19902.42,8521.414530757202,0.7071067811865476,2,1.3027546398880137,3.918
T4543,U6686,10739.03,Withdrawal,Card,Android,Hyderabad,256,8,4,5401.17,0,0.164,2,0,10739.03,,,1,1.0,0.328
T4544,U6855,14200.06,Withdrawal,Wallet,Android,Mumbai,1675,4,0,14421.0,1,0.948,8,1,14200.06,,,1,1.0,7.584
T4545,U5785,20045.63,Transfer,Wallet,Web,Mumbai,1329,3,2,4009.33,1,0.177,8,0,20045.63,,,1,1.0,1.416
T4546,U6504,40602.71,Withdrawal,UPI,Android,Mumbai,423,9,3,26286.14,0,0.182,7,0,23591.02,24058.16271688676,0.7071067811865474,2,1.7211087100091476,1.274
T4547,U3386,742.41,Transfer,UPI,Android,Delhi,1811,15,3,23564.49,0,0.636,7,0,742.41,,,1,1.0,4.452
T4548,U9399,32486.47,Transfer,Card,Android,Delhi,1353,10,1,16907.34,0,0.421,7,0,30511.79,2792.619237346904,0.7071067811865475,2,1.0647185891093247,2.947
T4549,U7590,33460.38,Payment,Wallet,Android,Delhi,1587,8,0,21671.74,0,0.026,4,0,28938.619999999995,15001.416439366649,0.3014222035816578,3,1.156253477187233,0.104
T4550,U4493,39942.86,Payment,UPI,iOS,Mumbai,724,23,2,1594.71,0,0.921,1,0,32402.595,10663.545026887165,0.7071067811865476,2,1.2327055904010158,0.921
T4551,U3977,46641.01,Payment,Wallet,iOS,Chennai,1726,4,3,6185.18,1,0.075,9,0,46641.01,,,1,1.0,0.6749999999999999
T4552,U9115,1055.89,Payment,NetBanking,Web,Hyderabad,1894,10,1,18674.24,1,0.156,1,0,15050.125,19790.83693203625,-0.7071067811865476,2,0.0701582212772319,0.156
T4553,U8251,7731.5,Withdrawal,NetBanking,Android,Hyderabad,190,8,0,14376.34,0,0.897,5,0,7731.5,,,1,1.0,4.485
T4554,U4712,44314.26,Withdrawal,Card,Web,Delhi,1329,16,2,18178.23,0,0.275,9,0,32090.66333333333,18098.564325731288,0.6753904037177139,3,1.38090819562367,2.475
T4555,U3621,22953.0,Payment,NetBanking,iOS,Mumbai,1689,21,1,2760.17,0,0.818,2,0,22953.0,,,1,1.0,1.636
T4556,U2001,28251.3,Transfer,UPI,Android,Chennai,953,10,1,19607.43,0,0.171,5,0,28251.3,,,1,1.0,0.8550000000000001
T4557,U2907,33168.21,Transfer,UPI,Android,Bangalore,902,20,0,24128.13,0,0.048,1,0,33168.21,,,1,1.0,0.048
T4558,U1801,33969.38,Transfer,Card,iOS,Delhi,70,5,0,16433.63,0,0.235,2,1,35547.465,2231.749209577547,-0.7071067811865468,2,0.9556062577176742,0.47
T4559,U9228,46590.43,Transfer,Wallet,Android,Bangalore,1242,15,0,10786.47,0,0.742,1,1,30807.735,22320.10131979804,0.7071067811865475,2,1.5122965060560278,0.742
T4560,U7856,49847.62,Withdrawal,UPI,Android,Hyderabad,175,18,0,5321.97,1,0.663,3,0,49847.62,,,1,1.0,1.989
T4561,U8571,36021.87,Transfer,NetBanking,iOS,Hyderabad,1915,13,2,8034.12,0,0.311,4,0,39346.725000000006,4702.0550339239935,-0.7071067811865487,2,0.9154985580121344,1.244
T4562,U2660,14396.7,Transfer,UPI,Web,Chennai,1018,2,0,15723.73,1,0.633,1,0,14396.7,,,1,1.0,0.633
T4563,U1561,43993.63,Payment,Card,Web,Chennai,1333,9,0,7739.98,0,0.665,1,0,43993.63,,,1,1.0,0.665
T4564,U4128,2508.58,Transfer,NetBanking,Android,Bangalore,664,20,0,23360.57,0,0.565,2,0,24901.416666666668,20258.823921744155,-1.1053374447186957,3,0.1007404531870676,1.13
T4565,U8152,11592.49,Withdrawal,NetBanking,iOS,Hyderabad,360,22,2,4039.06,0,0.936,4,0,11592.49,,,1,1.0,3.744
T4566,U9519,44874.42,Transfer,NetBanking,Web,Chennai,1094,3,3,15541.09,0,0.794,2,0,44874.42,,,1,1.0,1.588
T4567,U4375,12846.77,Transfer,Card,Web,Chennai,272,21,1,14929.39,0,0.816,2,0,12846.77,,,1,1.0,1.632
T4568,U5792,11071.52,Withdrawal,Card,Android,Hyderabad,133,20,4,4252.88,0,0.426,8,0,12433.635,1926.321506511828,-0.7071067811865475,2,0.8904491727479534,3.408
T4569,U4374,6949.36,Payment,Wallet,Web,Hyderabad,1271,1,1,29850.13,0,0.684,8,0,6949.36,,,1,1.0,5.472
T4570,U3566,42962.63,Withdrawal,Wallet,iOS,Mumbai,1575,12,2,24711.75,0,0.183,7,0,39190.43,5334.696399983785,0.7071067811865475,2,1.0962530903590493,1.281
T4571,U2883,25027.91,Payment,Wallet,Web,Chennai,941,10,0,11657.32,0,0.296,4,0,25027.91,,,1,1.0,1.184
T4572,U9033,33760.92,Transfer,Card,iOS,Bangalore,1800,11,2,20578.71,0,0.502,7,0,32288.18333333333,17826.041032518504,0.0826171477996758,3,1.0456122492697275,3.514
T4573,U8127,11991.37,Payment,NetBanking,iOS,Delhi,1914,0,3,21525.78,0,0.816,6,0,7231.08,6732.066678829021,0.7071067811865476,2,1.6583096854135206,4.896
T4574,U8722,37914.12,Payment,NetBanking,Android,Delhi,1123,21,4,19569.34,0,0.337,7,0,19640.575,25842.695171635063,0.7071067811865475,2,1.93039765892801,2.359
T4575,U5389,38012.28,Payment,UPI,Web,Hyderabad,148,20,3,13031.27,0,0.44,1,0,27093.315,15441.74839007714,0.7071067811865476,2,1.4030132525311134,0.44
T4576,U1840,15664.27,Transfer,Wallet,Android,Bangalore,1924,8,0,26564.83,0,0.957,5,1,30617.553333333333,17517.667056638373,-0.853611573104236,3,0.5116107688117034,4.785
T4577,U5572,20563.6,Payment,NetBanking,Web,Mumbai,1999,11,2,23169.39,0,0.284,5,0,39489.19666666666,16394.758608226995,-1.1543687295993292,3,0.5207398918134487,1.42
T4578,U4860,10524.03,Payment,NetBanking,Android,Chennai,1395,6,2,16306.4,0,0.618,7,0,11736.67,1714.9319342761091,-0.7071067811865476,2,0.8966793818008004,4.326
T4579,U8558,48829.22,Transfer,NetBanking,Android,Mumbai,1446,16,0,176.63,0,0.101,4,0,48829.22,,,1,1.0,0.404
T4580,U5036,32297.85,Withdrawal,NetBanking,Android,Bangalore,869,9,0,6778.89,0,0.412,1,0,35855.105,5030.718265819508,-0.7071067811865465,2,0.900788046778834,0.412
T4581,U5234,46730.47,Withdrawal,Card,Web,Mumbai,1752,5,4,15313.89,0,0.33,3,0,29435.323333333334,22897.100503964102,0.7553422173987667,3,1.5875643515381803,0.99
T4582,U1203,15204.11,Withdrawal,Wallet,Android,Hyderabad,1126,6,3,26977.98,0,0.013,4,0,15204.11,,,1,1.0,0.052
T4583,U4529,39105.45,Transfer,NetBanking,iOS,Delhi,143,18,0,18895.77,0,0.585,5,0,39105.45,,,1,1.0,2.925
T4584,U4757,38304.64,Transfer,NetBanking,Web,Hyderabad,1913,13,0,12594.08,0,0.331,8,1,28485.215,13886.764009705428,0.7071067811865475,2,1.3447200591605153,2.648
T4585,U7587,34598.2,Withdrawal,NetBanking,iOS,Chennai,1237,10,3,1532.57,0,0.252,8,0,34598.2,,,1,1.0,2.016
T4586,U9195,48283.67,Payment,NetBanking,Android,Hyderabad,828,1,0,17958.68,0,0.893,2,0,27169.01,29860.63853689669,0.7071067811865476,2,1.7771597124812424,1.786
T4587,U1337,19708.09,Withdrawal,UPI,Android,Bangalore,1881,0,4,10587.49,0,0.23,4,0,19708.09,,,1,1.0,0.92
T4588,U6504,6579.33,Transfer,NetBanking,iOS,Bangalore,1655,9,4,16167.56,0,0.405,2,0,23591.02,24058.16271688676,-0.7071067811865476,2,0.2788912899908524,0.81
T4589,U1234,33601.86,Payment,NetBanking,Android,Chennai,1071,11,3,23016.61,0,0.949,5,1,33601.86,,,1,1.0,4.745
T4590,U4786,36479.02,Payment,NetBanking,Web,Chennai,1027,8,1,24131.84,0,0.08,4,0,33178.465,4667.68964435833,0.7071067811865477,2,1.09947883363501,0.32
T4591,U4941,28774.28,Transfer,UPI,iOS,Delhi,466,22,4,25941.92,0,0.938,2,0,24297.95,17747.994895472,0.2522160968810078,3,1.1842266528657766,1.876
T4592,U2414,10380.55,Payment,Card,Web,Mumbai,1567,10,2,19117.79,0,0.39,3,0,10380.55,,,1,1.0,1.17
T4593,U1938,25247.57,Withdrawal,UPI,Web,Delhi,1770,0,2,27177.98,0,0.791,3,0,12825.905,17566.88711025519,0.7071067811865476,2,1.968482535930213,2.373
T4594,U9083,15643.88,Transfer,NetBanking,Web,Hyderabad,1891,19,1,20749.78,0,0.356,7,0,15643.88,,,1,1.0,2.492
T4595,U4221,21401.95,Transfer,Card,Android,Mumbai,447,9,4,23539.03,0,0.416,4,0,21401.95,,,1,1.0,1.664
T4596,U5560,32278.67,Transfer,NetBanking,Android,Chennai,689,18,0,20595.92,1,0.438,1,0,32278.67,,,1,1.0,0.438
T4597,U7094,37273.48,Transfer,Card,iOS,Bangalore,656,22,1,26168.73,0,0.947,5,0,37273.48,,,1,1.0,4.734999999999999
T4598,U1132,11649.62,Payment,NetBanking,iOS,Hyderabad,631,20,0,6764.41,0,0.55,6,0,7067.75,6479.742695030413,0.7071067811865476,2,1.6482784478794523,3.3000000000000003
T4599,U5356,20296.0,Transfer,NetBanking,Web,Delhi,1257,10,2,22820.62,0,0.217,6,0,12274.395,11344.26258299983,0.7071067811865476,2,1.6535234526834113,1.302
T4600,U6098,13494.62,Transfer,Card,Android,Chennai,1201,2,1,3602.98,1,0.612,2,0,9494.143333333332,6593.277923463665,0.6067508018174192,3,1.42136257334785,1.224
T4601,U2505,9971.65,Payment,Card,Android,Mumbai,1140,15,4,2850.62,1,0.889,5,0,26449.685,23303.460578258542,-0.7071067811865476,2,0.3770044898455312,4.445
T4602,U4700,39180.19,Transfer,NetBanking,Android,Mumbai,1413,21,2,14799.52,0,0.214,4,0,27057.075,17144.673651208708,0.7071067811865475,2,1.4480571162995262,0.856
T4603,U8750,45467.17,Payment,UPI,iOS,Bangalore,33,9,4,9077.09,0,0.338,5,0,24056.57,30279.160898545382,0.7071067811865476,2,1.890010504406904,1.6900000000000002
T4604,U9746,18543.1,Payment,UPI,Android,Chennai,1544,1,0,16944.41,0,0.571,7,0,16887.515,2341.3507606614594,0.7071067811865475,2,1.0980360343129227,3.997
T4605,U7668,37576.38,Transfer,UPI,Web,Chennai,818,18,4,20364.24,0,0.987,3,0,23561.13,19820.55663004952,0.7071067811865476,2,1.5948462573739035,2.961
T4606,U9838,44854.91,Withdrawal,UPI,Web,Hyderabad,1340,3,1,6874.23,0,0.465,8,0,17816.513333333336,23444.09083881551,1.1533139353777029,3,2.517603144947552,3.72
T4607,U3677,42313.9,Transfer,Card,Web,Hyderabad,944,15,0,21027.79,0,0.584,9,0,27051.855,21583.791028548483,0.7071067811865476,2,1.5641773919015909,5.255999999999999
T4608,U1942,9181.53,Withdrawal,Card,Android,Mumbai,1391,5,1,29864.23,0,0.135,1,0,25505.845,23086.067669450556,-0.7071067811865475,2,0.3599774875131563,0.135
T4609,U2557,47816.78,Payment,UPI,Web,Delhi,379,10,0,22822.64,0,0.758,1,0,44624.41,4514.6929501129935,0.7071067811865471,2,1.0715386489143497,0.758
T4610,U6742,18864.99,Withdrawal,Wallet,Web,Mumbai,1006,16,1,5296.22,1,0.22,9,0,23116.373333333333,8193.118389247975,-0.5188968511565173,3,0.8160877888573064,1.98
T4611,U9925,16995.07,Transfer,Wallet,iOS,Hyderabad,1756,14,2,19047.49,0,0.328,1,0,13203.15,5362.584691433786,0.7071067811865476,2,1.2871981307491016,0.328
T4612,U9558,3168.44,Transfer,Wallet,iOS,Hyderabad,180,21,1,383.59,0,0.71,2,0,9615.285,9117.215633517177,-0.7071067811865476,2,0.3295211738393609,1.42
T4613,U3412,24334.37,Withdrawal,NetBanking,Android,Hyderabad,1614,3,2,14144.57,0,0.713,3,0,19676.666666666668,4076.96036137627,1.1424450866529932,3,1.2367120108419447,2.139
T4614,U8420,5495.23,Transfer,UPI,Android,Mumbai,231,23,3,16045.86,0,0.319,7,0,11239.885,8124.169012154413,-0.7071067811865475,2,0.488904468328635,2.233
T4615,U7250,12464.56,Withdrawal,NetBanking,Android,Chennai,452,7,4,29174.09,0,0.85,3,0,15089.093333333332,13692.83132336893,-0.1916720706881243,3,0.8260642123847513,2.55
T4616,U3987,15881.28,Payment,Card,Android,Delhi,1186,23,0,22142.44,0,0.795,9,0,15881.28,,,1,1.0,7.155
T4617,U8814,40450.87,Withdrawal,Card,Android,Delhi,871,17,4,21208.21,0,0.616,2,0,40450.87,,,1,1.0,1.232
T4618,U2709,43780.66,Withdrawal,Wallet,iOS,Hyderabad,385,13,2,16018.9,0,0.179,3,0,43780.66,,,1,1.0,0.5369999999999999
T4619,U3264,15158.19,Withdrawal,Wallet,iOS,Bangalore,290,1,2,15443.96,0,0.905,9,0,15158.19,,,1,1.0,8.145
T4620,U9527,42941.97,Withdrawal,Card,iOS,Mumbai,722,15,2,29763.28,0,0.527,6,0,42558.055,542.9377997984681,0.7071067811865475,2,1.0090209714706182,3.162
T4621,U8584,42868.69,Payment,Wallet,Web,Chennai,1252,21,1,735.91,0,0.376,9,0,42868.69,,,1,1.0,3.384
T4622,U1586,38244.31,Payment,Wallet,Web,Hyderabad,1953,14,4,9165.86,0,0.927,5,0,30794.9775,13229.758230331534,0.5630739708395501,4,1.2419008911436935,4.635
T4623,U9108,7377.42,Payment,Card,iOS,Bangalore,967,20,2,4100.14,0,0.972,4,0,9911.505,3675.0037544697375,-0.6895462343182399,4,0.7443289389451955,3.888
T4624,U6821,34531.63,Withdrawal,NetBanking,iOS,Hyderabad,1649,5,3,9517.66,1,0.717,2,0,27631.85666666667,21853.287026866998,0.3157316025205072,3,1.249703572820598,1.434
T4625,U7230,47253.95,Payment,Wallet,Android,Bangalore,820,8,2,13962.23,0,0.791,1,0,32872.556666666664,21491.24505190273,0.6691745079729607,3,1.437489346483242,0.791
T4626,U2642,34142.9,Transfer,NetBanking,iOS,Delhi,836,11,4,10323.78,0,0.247,5,0,35344.445,1699.241234801578,-0.7071067811865476,2,0.9660047003142928,1.235
T4627,U9874,16614.26,Payment,Wallet,Android,Bangalore,1855,9,2,28884.88,0,0.259,1,0,23301.14,9456.676385961402,-0.7071067811865476,2,0.7130234829712194,0.259
T4628,U9724,25053.94,Withdrawal,UPI,iOS,Delhi,495,6,2,20449.58,0,0.569,6,0,19582.96,7737.134115471955,0.7071067811865476,2,1.279374517437609,3.414
T4629,U2083,32303.97,Transfer,NetBanking,Android,Delhi,1543,4,0,21868.54,0,0.983,6,0,18928.295,10457.364157531922,1.2790675354234615,4,1.7066497537152712,5.898
T4630,U8063,25552.99,Withdrawal,NetBanking,iOS,Mumbai,344,22,2,22294.54,0,0.743,7,0,25552.99,,,1,1.0,5.201
T4631,U7211,6041.65,Transfer,Wallet,Android,Bangalore,751,7,4,26986.89,0,0.746,9,0,6041.65,,,1,1.0,6.714
T4632,U5086,15637.6,Withdrawal,NetBanking,Web,Chennai,419,11,0,23063.76,0,0.258,6,0,9878.61,8144.441763571031,0.7071067811865475,2,1.582975742538677,1.548
T4633,U7899,40129.68,Withdrawal,UPI,Web,Chennai,63,0,0,584.52,0,0.42,3,0,43833.93,5238.600588420537,-0.7071067811865476,2,0.9154935457532556,1.26
T4634,U7149,43077.83,Transfer,Card,Android,Bangalore,710,9,2,7915.73,0,0.343,8,0,43077.83,,,1,1.0,2.744
T4635,U1775,6908.14,Payment,UPI,Android,Mumbai,1767,10,2,29674.22,0,0.302,5,0,7260.545,498.37593044809023,-0.7071067811865475,2,0.951463010008202,1.51
T4636,U5666,47621.72,Transfer,Card,Web,Chennai,1108,22,3,19598.52,1,0.731,8,0,47621.72,,,1,1.0,5.848
T4637,U2522,16474.69,Transfer,UPI,iOS,Hyderabad,358,19,4,2136.72,0,0.1,8,0,24618.65,11517.298683423993,-0.7071067811865478,2,0.6691955082833542,0.8
T4638,U6830,33132.57,Transfer,UPI,Android,Chennai,984,4,4,14052.48,0,0.165,3,0,33132.57,,,1,1.0,0.495
T4639,U9431,37603.67,Transfer,NetBanking,iOS,Mumbai,1717,12,1,29426.95,0,0.412,7,0,40590.4,4223.874073146591,-0.7071067811865471,2,0.9264178229335016,2.884
T4640,U7368,40606.71,Transfer,UPI,Web,Delhi,402,17,1,29785.86,0,0.303,4,0,40606.71,,,1,1.0,1.212
T4641,U3822,47290.2,Withdrawal,Wallet,Web,Delhi,563,9,4,13030.16,0,0.903,9,0,36285.36,15563.193979745927,0.7071067811865474,2,1.3032859533431664,8.127
T4642,U6762,15680.33,Withdrawal,Wallet,Android,Delhi,1190,20,2,26802.28,0,0.2,7,0,32141.0,23278.902759747933,-0.7071067811865475,2,0.4878606763946361,1.4
T4643,U6103,42932.4,Payment,Wallet,iOS,Mumbai,856,16,0,17800.57,0,0.249,2,0,24280.503333333338,18656.18147513669,0.9997703276806276,3,1.7681841027183536,0.498
T4644,U8696,6627.76,Payment,Wallet,Web,Delhi,90,18,3,15331.94,0,0.178,1,0,20522.82,19650.58230198789,-0.7071067811865476,2,0.3229458719610658,0.178
T4645,U9858,35266.79,Transfer,NetBanking,iOS,Delhi,1241,3,2,12417.08,0,0.858,6,0,35927.520000000004,934.413327066777,-0.7071067811865495,2,0.981609362405198,5.148
T4646,U1073,37111.79,Payment,Wallet,Web,Mumbai,835,8,0,26774.69,0,0.202,6,1,23162.365,19727.46602230631,0.7071067811865475,2,1.6022452802207374,1.2120000000000002
T4647,U5479,33902.28,Payment,UPI,Android,Hyderabad,1119,17,4,18671.69,0,0.352,5,0,33902.28,,,1,1.0,1.7599999999999998
T4648,U5211,12653.12,Transfer,Wallet,iOS,Chennai,753,15,2,10080.55,0,0.669,2,0,12653.12,,,1,1.0,1.338
T4649,U1681,43658.51,Withdrawal,NetBanking,iOS,Mumbai,1480,6,3,14808.78,0,0.078,9,0,43658.51,,,1,1.0,0.702
T4650,U9662,8484.48,Withdrawal,Card,Android,Mumbai,186,11,1,13377.97,0,0.817,6,0,8484.48,,,1,1.0,4.901999999999999
T4651,U5812,2729.06,Payment,UPI,Android,Bangalore,520,3,0,13589.51,1,0.706,4,0,28069.8675,17016.592275265488,-1.4891822692863246,4,0.0972238290757874,2.824
T4652,U1963,35887.38,Withdrawal,UPI,Android,Delhi,1652,20,2,9417.13,0,0.261,7,0,35887.38,,,1,1.0,1.827
T4653,U7318,23800.01,Withdrawal,NetBanking,Android,Hyderabad,148,11,3,19025.42,0,0.392,9,0,23800.01,,,1,1.0,3.528
T4654,U7989,42462.45,Payment,Card,Web,Bangalore,1135,11,2,1661.9,0,0.62,8,0,29837.75333333333,11652.416468322495,1.0834402204029825,3,1.4231115032566126,4.96
T4655,U4461,19200.69,Transfer,Wallet,iOS,Hyderabad,482,3,4,26596.28,0,0.946,1,0,19200.69,,,1,1.0,0.946
T4656,U1019,8455.52,Payment,Card,Web,Delhi,1855,11,0,12520.37,0,0.629,3,0,25623.77,24279.571992211888,-0.7071067811865475,2,0.3299873515879982,1.887
T4657,U5392,41830.29,Payment,UPI,Android,Delhi,551,22,4,24045.79,0,0.253,2,0,41830.29,,,1,1.0,0.506
T4658,U4220,27468.04,Payment,UPI,Web,Delhi,203,7,4,21911.81,0,0.482,3,0,27775.56,434.8989547009748,-0.7071067811865476,2,0.98892839604314,1.446
T4659,U1719,9500.33,Transfer,UPI,Web,Chennai,1866,23,1,14208.36,0,0.45,5,0,10638.155,1609.1275466071672,-0.7071067811865467,2,0.8930430135676724,2.25
T4660,U7349,36033.18,Transfer,Card,iOS,Hyderabad,1789,2,4,6041.45,0,0.533,6,0,23836.245,17249.070896383088,0.7071067811865476,2,1.51169699757659,3.1980000000000004
T4661,U6195,25580.13,Transfer,Wallet,iOS,Hyderabad,495,15,3,16910.13,0,0.519,3,0,25580.13,,,1,1.0,1.557
T4662,U6218,30235.43,Transfer,UPI,iOS,Bangalore,1347,1,0,28447.36,0,0.364,2,0,30235.43,,,1,1.0,0.728
T4663,U3113,23071.87,Payment,NetBanking,Android,Mumbai,1730,5,1,5654.6,0,0.872,5,0,29072.65,8486.384460817224,-0.7071067811865476,2,0.793593635255128,4.36
T4664,U6784,41444.01,Withdrawal,Wallet,Android,Delhi,814,16,2,7754.77,0,0.33,4,0,41444.01,,,1,1.0,1.32
T4665,U5517,41486.66,Payment,UPI,iOS,Delhi,256,11,4,29790.86,0,0.53,5,0,34287.205,10181.566902694793,0.7071067811865476,2,1.209974974629749,2.6500000000000004
T4666,U4175,35483.97,Transfer,Wallet,Web,Bangalore,639,8,2,26787.87,0,0.261,4,0,33180.18,3258.051062859514,0.7071067811865476,2,1.0694327155548886,1.044
T4667,U9403,5314.8,Withdrawal,NetBanking,iOS,Hyderabad,447,15,1,16531.54,0,0.435,4,1,5314.8,,,1,1.0,1.74
T4668,U2502,41950.75,Payment,Card,Android,Chennai,82,6,2,20872.76,0,0.681,8,0,30811.53,15753.235998257624,0.7071067811865477,2,1.361527648902862,5.448
T4669,U4856,33567.1,Withdrawal,UPI,Web,Hyderabad,1102,7,3,13347.56,0,0.758,6,0,33567.1,,,1,1.0,4.548
T4670,U7518,34866.36,Transfer,NetBanking,Android,Chennai,763,6,1,12182.37,0,0.806,2,0,23532.753333333338,15025.985914705674,0.7542670897604568,3,1.48160988670259,1.612
T4671,U7902,18180.99,Withdrawal,UPI,iOS,Chennai,1185,20,0,13351.31,0,0.737,3,0,20958.995000000003,3928.69234734027,-0.7071067811865478,2,0.86745523819248,2.211
T4672,U2399,43970.01,Withdrawal,UPI,iOS,Hyderabad,840,4,0,12491.05,0,0.467,8,0,43970.01,,,1,1.0,3.736
T4673,U9894,36282.31,Transfer,Card,Web,Delhi,103,22,0,20299.09,0,0.037,1,0,30123.11333333333,5378.47643789887,1.1451563909932807,3,1.2044674665102124,0.037
T4674,U8134,5673.89,Withdrawal,Card,iOS,Chennai,444,6,0,9980.65,0,0.524,6,0,5673.89,,,1,1.0,3.144
T4675,U1807,20418.51,Payment,Wallet,Android,Bangalore,1816,17,1,5206.21,0,0.055,3,0,24106.16,5215.124643285146,-0.7071067811865476,2,0.8470245779502003,0.165
T4676,U8345,44324.7,Withdrawal,NetBanking,Android,Bangalore,1464,17,1,21226.37,0,0.966,9,0,25450.39,26692.305182434127,0.7071067811865476,2,1.7416118181293094,8.693999999999999
T4677,U4380,2407.48,Payment,NetBanking,Android,Chennai,466,15,1,1035.8,0,0.378,1,0,6568.41,6846.415904639449,-0.6077530284393563,3,0.3665240141830367,0.378
T4678,U9706,48072.76,Withdrawal,Card,Web,Delhi,1463,6,4,21590.73,0,0.504,2,0,45403.7,3774.620850787532,0.707106781186549,2,1.058785076987118,1.008
T4679,U9988,33974.17,Withdrawal,UPI,Android,Chennai,238,20,1,7970.99,0,0.13,6,0,33974.17,,,1,1.0,0.78
T4680,U9304,31587.23,Transfer,Wallet,iOS,Bangalore,39,1,1,5788.56,0,0.996,4,0,31587.23,,,1,1.0,3.984
T4681,U4478,13564.43,Transfer,Card,Web,Bangalore,1658,16,1,11430.8,0,0.492,1,0,17941.71,6190.408742304504,-0.707106781186547,2,0.756027714192237,0.492
T4682,U2796,12477.15,Payment,Wallet,Android,Hyderabad,344,7,0,3613.25,0,0.298,4,0,26786.5975,16229.987420059562,-0.8816671960148375,4,0.4657982410793308,1.192
T4683,U3423,47105.81,Transfer,Wallet,Android,Delhi,669,1,3,11596.24,0,0.193,2,0,47105.81,,,1,1.0,0.386
T4684,U7853,14948.71,Transfer,NetBanking,iOS,Hyderabad,578,17,0,3159.42,1,0.65,9,1,14948.71,,,1,1.0,5.8500000000000005
T4685,U2762,38786.49,Transfer,Wallet,iOS,Mumbai,186,18,3,14556.31,0,0.436,7,0,28570.62,14447.42190544043,0.7071067811865475,2,1.3575655691056057,3.052
T4686,U8520,19686.43,Transfer,NetBanking,Web,Chennai,833,19,3,5367.48,0,0.317,6,0,21658.085,2788.3412413207243,-0.7071067811865472,2,0.908964481393438,1.902
T4687,U6108,7005.74,Transfer,UPI,Android,Hyderabad,577,8,3,3986.9,0,0.01,9,0,7005.74,,,1,1.0,0.09
T4688,U3867,585.23,Payment,UPI,Android,Delhi,418,11,0,17415.38,0,0.036,8,0,21787.26,29984.198375841235,-0.7071067811865476,2,0.0268611105756299,0.288
T4689,U7616,27235.65,Payment,Card,iOS,Chennai,786,21,4,18794.83,0,0.694,2,0,18331.19,12592.80809760873,0.7071067811865475,2,1.4857546073113637,1.388
T4690,U2564,48790.15,Transfer,UPI,Web,Chennai,1270,18,2,264.97,0,0.481,3,0,35204.455,19213.07412326435,0.7071067811865474,2,1.3859084027859545,1.443
T4691,U4663,18488.35,Transfer,NetBanking,iOS,Chennai,1311,7,4,11691.55,0,0.849,7,0,11872.19,9356.663202830376,0.7071067811865476,2,1.5572821863531496,5.943
T4692,U2062,17891.76,Payment,Wallet,iOS,Chennai,86,21,0,2430.89,1,0.754,4,0,17891.76,,,1,1.0,3.016
T4693,U9836,17237.38,Withdrawal,Wallet,Web,Chennai,942,7,3,22185.47,1,0.573,6,0,17237.38,,,1,1.0,3.438
T4694,U6997,26051.16,Payment,UPI,Android,Delhi,645,9,2,20477.54,0,0.561,9,0,28656.81,3684.945568797453,-0.7071067811865472,2,0.9090739688053208,5.049
T4695,U2234,22061.21,Withdrawal,NetBanking,Android,Mumbai,549,17,4,1586.9,0,0.745,7,0,22656.692,14088.381057283335,-0.0422675960835223,5,0.973717169302562,5.215
T4696,U5120,44001.74,Transfer,Wallet,Android,Bangalore,1687,14,1,28243.39,1,0.741,3,0,44001.74,,,1,1.0,2.223
T4697,U9297,25300.76,Transfer,UPI,Web,Mumbai,1191,23,4,28802.81,0,0.335,6,0,25300.76,,,1,1.0,2.01
T4698,U7048,25412.5,Payment,NetBanking,Web,Bangalore,1200,10,0,10106.68,0,0.105,7,0,23748.13333333333,14208.738553947474,0.1171368352192161,3,1.0700841048559606,0.735
T4699,U6062,6961.66,Transfer,NetBanking,Web,Hyderabad,1218,20,2,4005.32,0,0.772,1,0,12844.51,8319.606255406563,-0.7071067811865475,2,0.5419949846276736,0.772
T4700,U2653,49137.84,Withdrawal,Wallet,Web,Chennai,1422,13,1,3518.86,0,0.223,7,0,39772.53,13244.548417828368,0.7071067811865475,2,1.2354718193687957,1.561
T4701,U3345,12536.15,Withdrawal,Card,Web,Hyderabad,21,14,2,25237.54,1,0.791,5,0,10382.205,3046.138231605716,0.7071067811865476,2,1.207465080876365,3.955
T4702,U2294,3714.54,Payment,Card,iOS,Hyderabad,1964,13,2,13828.97,1,0.618,7,0,22263.29,26231.893815067942,-0.7071067811865476,2,0.166845960323025,4.326
T4703,U3203,33174.16,Withdrawal,NetBanking,Android,Bangalore,178,11,4,384.3,1,0.358,7,0,33174.16,,,1,1.0,2.506
T4704,U4243,29788.55,Payment,NetBanking,Web,Delhi,840,3,3,27768.03,0,0.852,6,1,31896.78,16451.481204459982,-0.1281483395810257,3,0.933904613569144,5.112
T4705,U7854,20786.53,Payment,UPI,Android,Chennai,1459,2,4,17822.85,0,0.691,3,0,20973.33,17840.57347468405,-0.0104705154385911,3,0.9910934505870076,2.073
T4706,U3726,21138.5,Withdrawal,NetBanking,Web,Hyderabad,1926,11,1,20742.87,0,0.545,9,0,21138.5,,,1,1.0,4.905
T4707,U7705,39263.94,Withdrawal,UPI,Android,Mumbai,458,6,0,24724.26,0,0.301,5,0,43481.33500000001,5964.297206884482,-0.7071067811865479,2,0.9030067729061216,1.505
T4708,U7374,9825.85,Withdrawal,UPI,iOS,Chennai,1527,6,4,24575.5,0,0.986,9,0,9825.85,,,1,1.0,8.874
T4709,U3949,41021.65,Withdrawal,UPI,Android,Delhi,458,21,3,2366.57,1,0.839,3,0,41021.65,,,1,1.0,2.517
T4710,U1417,32454.92,Withdrawal,NetBanking,Android,Chennai,1139,18,3,17262.37,1,0.137,7,0,32454.92,,,1,1.0,0.959
T4711,U8897,20977.54,Withdrawal,NetBanking,Web,Hyderabad,1799,13,4,20917.71,0,0.806,5,0,20977.54,,,1,1.0,4.03
T4712,U2964,22928.53,Withdrawal,UPI,Android,Mumbai,436,0,1,2660.05,0,0.12,7,0,19491.285,4860.998496199108,0.7071067811865476,2,1.17634778825511,0.84
T4713,U1247,12869.53,Transfer,Wallet,iOS,Hyderabad,965,6,3,6749.79,1,0.248,8,0,23196.45333333333,16251.231234443336,-0.6354548270438827,6,0.5548059358499633,1.984
T4714,U7615,37618.11,Payment,NetBanking,iOS,Delhi,925,21,3,11934.85,0,0.958,8,0,37618.11,,,1,1.0,7.664
T4715,U7585,25668.09,Payment,Card,iOS,Bangalore,1131,9,1,26607.1,0,0.87,5,0,36716.51333333333,10527.653721728944,-1.0494668256925588,3,0.6990884392254385,4.35
T4716,U4854,16076.68,Withdrawal,Wallet,Web,Mumbai,640,17,1,25533.94,0,0.606,5,0,16076.68,,,1,1.0,3.03
T4717,U1562,29822.7,Payment,Card,Web,Delhi,235,12,1,23484.88,0,0.699,8,0,29822.7,,,1,1.0,5.592
T4718,U8029,49786.94,Withdrawal,NetBanking,Web,Delhi,456,7,1,29709.27,0,0.09,6,0,27225.175000000003,31907.154054074614,0.7071067811865475,2,1.8287096409848604,0.54
T4719,U1173,21791.35,Transfer,Wallet,Web,Hyderabad,1920,8,4,7355.43,0,0.332,6,0,21791.35,,,1,1.0,1.992
T4720,U5630,46038.54,Payment,NetBanking,Web,Hyderabad,1697,14,4,14087.66,0,0.322,2,0,24754.025,30100.849781533576,0.7071067811865476,2,1.8598405713818256,0.644
T4721,U5852,17283.59,Payment,NetBanking,iOS,Hyderabad,1509,7,2,13457.02,0,0.033,7,0,18806.84,10260.777848803667,-0.1484536574561547,3,0.919005532029836,0.231
T4722,U1095,2783.9,Transfer,Wallet,Android,Bangalore,212,0,2,20400.23,1,0.704,7,1,2783.9,,,1,1.0,4.928
T4723,U7652,10251.89,Transfer,NetBanking,iOS,Chennai,977,2,2,25519.58,0,0.308,6,0,16974.98,9507.885059054932,-0.7071067811865476,2,0.6039412123018701,1.848
T4724,U6550,20963.82,Transfer,Wallet,Web,Chennai,684,18,3,14801.31,0,0.633,2,0,21126.985,230.75015590460728,-0.7071067811865476,2,0.992276938711321,1.266
T4725,U3055,11020.76,Payment,NetBanking,iOS,Hyderabad,1330,8,1,14796.8,0,0.027,5,0,19022.18,11315.71668224333,-0.7071067811865476,2,0.579363669148331,0.135
T4726,U8736,61.34,Payment,UPI,Android,Hyderabad,643,18,4,18288.7,0,0.002,6,0,8244.027499999998,9067.349407838268,-0.902434342380859,4,0.0074405380137317,0.012
T4727,U7816,45754.33,Transfer,Card,Web,Bangalore,25,14,4,22299.99,0,0.17,4,0,47237.675,2097.766616678318,-0.7071067811865483,2,0.9685982639916126,0.68
T4728,U8417,42201.78,Transfer,UPI,iOS,Chennai,1411,13,1,6118.89,0,0.703,6,0,23050.42,27084.113049889595,0.7071067811865476,2,1.8308464661381445,4.218
T4729,U1109,37127.5,Transfer,NetBanking,iOS,Bangalore,1369,0,2,28859.6,0,0.604,5,0,23391.17,19426.10418323242,0.7071067811865476,2,1.587244246440003,3.02
T4730,U2040,8432.34,Transfer,NetBanking,Android,Delhi,627,2,3,2852.4,0,0.201,9,0,8432.34,,,1,1.0,1.809
T4731,U1027,6062.16,Transfer,NetBanking,Web,Chennai,1807,1,4,790.69,0,0.523,6,0,12650.7225,7693.0904095098,-0.8564259808848158,4,0.4791947653582631,3.138
T4732,U6653,3426.86,Withdrawal,UPI,Web,Hyderabad,1053,0,0,10827.86,0,0.619,1,0,3426.86,,,1,1.0,0.619
T4733,U2604,36215.26,Transfer,NetBanking,Android,Mumbai,449,17,3,21072.9,0,0.939,1,0,36215.26,,,1,1.0,0.939
T4734,U4956,46443.96,Withdrawal,Wallet,Android,Delhi,1277,0,3,29344.44,0,0.762,2,0,46443.96,,,1,1.0,1.524
T4735,U7315,21555.26,Payment,Card,Android,Mumbai,1277,8,2,27989.54,0,0.136,2,0,21555.26,,,1,1.0,0.272
T4736,U7237,6001.08,Payment,NetBanking,Android,Bangalore,980,6,1,20685.77,0,0.27,4,0,16174.875,15223.26469066891,-0.6683057285495417,4,0.371012449864373,1.08
T4737,U8802,25644.02,Withdrawal,NetBanking,Web,Bangalore,401,12,0,13152.72,0,0.403,2,0,25644.02,,,1,1.0,0.806
T4738,U4431,17474.15,Transfer,Card,Web,Bangalore,733,16,2,17914.47,0,0.105,8,0,10485.54,9883.387044136236,0.7071067811865476,2,1.6664997701596675,0.84
T4739,U4778,18772.5,Payment,Card,iOS,Hyderabad,745,12,1,29062.85,0,0.555,8,0,25601.465,9657.614919971184,-0.7071067811865475,2,0.7332588193683447,4.44
T4740,U7775,31085.46,Transfer,Card,iOS,Bangalore,1898,12,0,8038.48,0,0.907,2,0,31085.46,,,1,1.0,1.814
T4741,U1023,35949.97,Transfer,UPI,iOS,Mumbai,1295,9,4,14400.59,0,0.306,9,0,35949.97,,,1,1.0,2.754
T4742,U5474,5574.65,Withdrawal,UPI,Web,Delhi,229,5,0,20817.76,0,0.985,9,0,19574.29333333333,16562.905992718588,-0.8452407650860229,3,0.2847944446866366,8.865
T4743,U5271,1827.73,Payment,NetBanking,Web,Hyderabad,1041,4,2,407.94,0,0.249,9,0,1827.73,,,1,1.0,2.241
T4744,U9891,49716.8,Payment,Card,Web,Delhi,455,9,0,11499.72,0,0.472,9,0,26334.245000000003,33067.92640393483,0.7071067811865475,2,1.8879143867614203,4.247999999999999
T4745,U6775,11674.78,Withdrawal,NetBanking,iOS,Bangalore,23,13,0,17080.57,0,0.343,7,0,22697.08,19361.42038488912,-0.5692919104531454,3,0.514373655113345,2.401
T4746,U8806,2738.83,Transfer,NetBanking,Android,Chennai,396,10,0,27037.46,0,0.308,9,1,2738.83,,,1,1.0,2.772
T4747,U7277,9534.27,Transfer,NetBanking,Android,Hyderabad,651,4,4,29760.73,0,0.378,8,0,9534.27,,,1,1.0,3.024
T4748,U1758,1995.94,Payment,UPI,Android,Bangalore,1055,3,1,16734.1,0,0.032,8,1,24516.705,31849.17129801732,-0.7071067811865476,2,0.081411429472272,0.256
T4749,U3578,19620.95,Withdrawal,Card,Android,Hyderabad,234,2,0,28342.95,0,0.532,7,0,20888.845,1793.074304665036,-0.7071067811865476,2,0.9393027714074186,3.724
T4750,U3554,40129.97,Withdrawal,NetBanking,Android,Chennai,244,13,3,3068.04,0,0.741,2,0,28454.996666666662,14389.541700350755,0.811351297800454,3,1.4102960710239645,1.482
T4751,U4981,17095.16,Transfer,UPI,Web,Mumbai,1374,12,2,21068.0,0,0.864,2,0,17095.16,,,1,1.0,1.728
T4752,U7863,22236.96,Transfer,Wallet,iOS,Mumbai,1999,23,3,12076.58,0,0.324,8,0,22236.96,,,1,1.0,2.592
T4753,U6298,33795.56,Withdrawal,Wallet,Android,Mumbai,1009,22,1,22554.11,0,0.55,2,0,33795.56,,,1,1.0,1.1
T4754,U1007,25469.26,Payment,NetBanking,Android,Chennai,720,4,2,26044.93,0,0.893,2,0,25469.26,,,1,1.0,1.786
T4755,U8109,43079.21,Transfer,NetBanking,Android,Delhi,1167,11,1,1706.36,0,0.8,7,0,35876.335,10186.403513078109,0.7071067811865476,2,1.200769532339354,5.6000000000000005
T4756,U4238,43308.48,Withdrawal,Card,Web,Chennai,1211,22,2,28070.66,0,0.464,7,0,38132.355,7320.146175538436,0.7071067811865476,2,1.1357410262230068,3.248
T4757,U4771,545.04,Withdrawal,Card,Android,Chennai,1589,9,3,2137.87,0,0.165,1,0,19779.22,27201.238217125338,-0.7071067811865476,2,0.0275561928124567,0.165
T4758,U3324,38913.41,Withdrawal,NetBanking,iOS,Bangalore,1553,1,3,22626.61,0,0.558,7,0,38913.41,,,1,1.0,3.9060000000000006
T4759,U5520,23063.64,Payment,UPI,Web,Mumbai,801,6,4,2165.19,0,0.99,5,1,16609.11,9128.083864744012,0.7071067811865475,2,1.388613839031712,4.95
T4760,U3897,49442.59,Transfer,NetBanking,Web,Hyderabad,1572,6,1,25864.3,0,0.758,5,0,33891.95333333333,16590.36031660052,0.93732965227443,3,1.458829755656849,3.79
T4761,U5624,24187.44,Transfer,Card,Web,Delhi,446,3,3,6228.95,0,0.848,2,0,24187.44,,,1,1.0,1.696
T4762,U8500,49345.45,Transfer,Card,Android,Hyderabad,1084,11,2,13078.7,0,0.189,6,0,38054.34,15968.040896246472,0.7071067811865477,2,1.2967101781294854,1.134
T4763,U4824,37740.74,Payment,UPI,Android,Bangalore,1957,23,0,27985.37,0,0.904,4,0,26818.92,15445.785969797716,0.7071067811865476,2,1.4072430955459805,3.616
T4764,U9230,12467.81,Transfer,NetBanking,Android,Bangalore,1476,3,0,23782.81,0,0.014,7,0,11268.005,1696.780503203051,0.7071067811865468,2,1.1064789197377884,0.098
T4765,U6579,26942.83,Transfer,Card,Android,Delhi,590,6,0,23594.68,1,0.862,2,0,28989.672,8022.706348344679,-0.2551311130093052,5,0.9293940959387192,1.724
T4766,U2936,49607.18,Transfer,NetBanking,iOS,Hyderabad,1314,19,4,22923.57,0,0.239,8,0,49607.18,,,1,1.0,1.912
T4767,U6579,42883.65,Transfer,Card,Web,Delhi,1077,12,3,17126.11,0,0.623,5,0,28989.672,8022.706348344679,1.7318318029759048,5,1.4792733770840871,3.115
T4768,U9588,4913.48,Payment,Wallet,Android,Delhi,696,7,1,28547.76,0,0.293,8,1,21299.012,20106.313942830748,-0.8149446013122928,5,0.2306905127805928,2.344
T4769,U2767,35333.28,Withdrawal,Wallet,iOS,Mumbai,1664,13,1,24965.91,0,0.135,7,0,40275.115,6988.810080010043,-0.7071067811865476,2,0.8772980536492572,0.945
T4770,U7819,17311.7,Withdrawal,Wallet,Web,Hyderabad,374,2,4,13264.61,0,0.247,3,0,17311.7,,,1,1.0,0.741
T4771,U4303,398.76,Transfer,Card,Web,Mumbai,1921,1,2,22302.42,0,0.473,9,0,398.76,,,1,1.0,4.257
T4772,U8375,20203.87,Transfer,UPI,Web,Mumbai,278,9,3,29943.41,0,0.92,9,0,15919.815,6058.568682952269,0.7071067811865477,2,1.2691020592890057,8.280000000000001
T4773,U1719,11775.98,Transfer,Wallet,Android,Mumbai,1726,5,3,26142.91,0,0.389,2,0,10638.155,1609.1275466071672,0.7071067811865478,2,1.106956986432328,0.778
T4774,U6184,40952.52,Payment,Card,Web,Chennai,1598,22,2,136.57,0,0.056,3,0,24295.03,23557.248273094203,0.7071067811865476,2,1.6856336460584735,0.168
T4775,U7986,16899.66,Transfer,NetBanking,Android,Bangalore,1326,6,2,22162.8,0,0.024,1,0,16899.66,,,1,1.0,0.024
T4776,U1542,41384.81,Payment,Wallet,iOS,Bangalore,1736,15,3,26946.66,0,0.21,1,0,31358.61,10591.738736921336,0.9466056753316668,4,1.319727181785162,0.21
T4777,U5911,79.87,Transfer,UPI,Web,Chennai,1227,5,3,9899.8,0,0.052,3,0,13868.795,19500.48474554543,-0.7071067811865475,2,0.0057589718501138,0.156
T4778,U8852,15425.57,Transfer,UPI,iOS,Delhi,1404,15,0,29327.01,0,0.371,3,0,20085.93,6590.744317541078,-0.7071067811865476,2,0.7679788787474615,1.113
T4779,U5636,12096.2,Withdrawal,UPI,Android,Hyderabad,1585,23,1,12098.85,0,0.384,5,0,27665.575,22018.421282672603,-0.7071067811865475,2,0.4372293003127533,1.92
T4780,U4656,11716.69,Transfer,NetBanking,Android,Hyderabad,87,11,0,12693.19,1,0.972,6,0,11716.69,,,1,1.0,5.832
T4781,U3061,3455.92,Payment,NetBanking,Android,Hyderabad,198,21,0,4910.08,0,0.306,4,0,3455.92,,,1,1.0,1.224
T4782,U7788,9396.86,Withdrawal,UPI,Web,Mumbai,1640,14,1,2988.18,0,0.599,7,0,27399.126666666667,15625.252335912315,-1.1521264604022512,3,0.3429620262835628,4.193
T4783,U4290,27799.7,Payment,UPI,Web,Hyderabad,1423,21,4,16144.21,0,0.819,3,0,30538.15,3872.753129880602,-0.7071067811865477,2,0.910326918952196,2.457
T4784,U4442,14603.49,Withdrawal,UPI,iOS,Hyderabad,1058,2,4,18122.99,0,0.513,4,0,14603.49,,,1,1.0,2.052
T4785,U8981,20898.87,Payment,NetBanking,Android,Hyderabad,1648,15,4,11070.21,0,0.697,5,0,22096.225,1693.3156799752378,-0.707106781186547,2,0.9458117845921644,3.485
T4786,U1039,18874.5,Withdrawal,NetBanking,iOS,Bangalore,1335,17,4,18237.62,0,0.974,8,0,18874.5,,,1,1.0,7.792
T4787,U4701,43801.45,Payment,Card,Android,Chennai,680,14,2,11900.66,0,0.324,9,0,46136.8,3302.6836428880133,-0.707106781186548,2,0.9493820551056856,2.916
T4788,U5921,45269.69,Payment,Wallet,Android,Delhi,367,22,0,26058.73,0,0.074,3,0,37620.985,10816.902345590906,0.7071067811865476,2,1.2033095358880157,0.2219999999999999
T4789,U5958,24673.2,Transfer,NetBanking,iOS,Chennai,1753,5,2,28619.31,1,0.43,1,0,24673.2,,,1,1.0,0.43
T4790,U8380,16541.29,Withdrawal,UPI,Android,Hyderabad,968,16,2,17846.87,0,0.541,2,0,27855.1,16000.143544112349,-0.7071067811865475,2,0.5938334452218803,1.082
T4791,U6699,5384.7,Withdrawal,Wallet,iOS,Delhi,1892,1,1,25284.01,0,0.58,2,0,5384.7,,,1,1.0,1.16
T4792,U4660,47672.47,Transfer,NetBanking,Web,Delhi,1127,1,4,25626.87,0,0.739,3,0,38208.7,13383.79188517963,0.7071067811865477,2,1.2476862599355645,2.217
T4793,U1964,3058.34,Payment,Wallet,iOS,Chennai,1869,16,3,21441.5,0,0.898,2,0,3058.34,,,1,1.0,1.796
T4794,U9351,14917.63,Payment,Card,iOS,Chennai,1584,18,4,5840.86,0,0.5,1,0,21008.092,10866.229537782185,-0.5604945099699294,5,0.7100897120976051,0.5
T4795,U7098,14938.41,Withdrawal,NetBanking,Android,Chennai,345,4,0,4732.65,0,0.143,6,0,35738.223333333335,18231.069796099,-1.140899221272467,3,0.4179953172452986,0.8579999999999999
T4796,U2964,16054.04,Payment,UPI,iOS,Chennai,1197,3,2,27592.58,0,0.403,7,0,19491.285,4860.998496199108,-0.7071067811865476,2,0.8236522117448901,2.821
T4797,U2128,8256.13,Withdrawal,UPI,Web,Mumbai,912,17,0,8025.33,0,0.155,1,0,8256.13,,,1,1.0,0.155
T4798,U8380,39168.91,Withdrawal,Card,Web,Bangalore,350,7,2,7465.29,1,0.182,9,0,27855.1,16000.143544112349,0.7071067811865475,2,1.4061665547781197,1.638
T4799,U1533,6168.77,Payment,Card,Web,Bangalore,843,8,2,5067.25,0,0.002,7,0,6168.77,,,1,1.0,0.014
T4800,U3204,31763.59,Payment,Card,Web,Hyderabad,576,23,2,15870.88,1,0.93,4,0,32730.2,1366.9929715254568,-0.7071067811865456,2,0.970467335977171,3.72
T4801,U4240,6236.11,Payment,Card,iOS,Mumbai,81,22,3,20342.22,1,0.745,3,0,6236.11,,,1,1.0,2.235
T4802,U4115,3573.26,Transfer,Card,Web,Delhi,1075,17,4,20317.23,0,0.1,6,0,25955.815,31653.71284156173,-0.7071067811865476,2,0.1376670314532601,0.6000000000000001
T4803,U4481,45476.0,Withdrawal,NetBanking,iOS,Chennai,420,21,2,7905.48,0,0.92,3,0,26323.35,27085.93738538506,0.7071067811865476,2,1.7275916629152446,2.76
T4804,U6002,9546.93,Payment,NetBanking,iOS,Hyderabad,907,10,1,2934.08,0,0.87,4,0,9546.93,,,1,1.0,3.48
T4805,U9393,41071.45,Transfer,Wallet,Android,Delhi,847,15,2,9375.26,0,0.91,9,0,43739.615,3773.3551296492105,-0.7071067811865475,2,0.9389988915083044,8.19
T4806,U5824,27254.31,Payment,Card,iOS,Bangalore,653,15,4,15152.7,0,0.097,5,0,27254.31,,,1,1.0,0.485
T4807,U5990,3938.93,Withdrawal,UPI,iOS,Delhi,30,3,4,18411.96,0,0.08,5,0,6823.110000000001,4078.8464723252337,-0.7071067811865477,2,0.5772924663386637,0.4
T4808,U9109,47774.64,Transfer,UPI,Android,Chennai,1034,20,3,8190.95,0,0.068,9,0,46583.655,1684.3071395829215,0.7071067811865475,2,1.025566585533059,0.6120000000000001
T4809,U4692,12385.71,Withdrawal,Card,Web,Chennai,687,8,2,5576.44,0,0.967,2,0,21224.3,21210.79097290575,-0.4167025176614225,3,0.5835627087819151,1.934
T4810,U3867,42989.29,Payment,Card,Web,Bangalore,1605,12,1,25263.11,0,0.66,7,0,21787.26,29984.198375841235,0.7071067811865475,2,1.9731388894243695,4.62
T4811,U9161,8482.06,Payment,Card,iOS,Chennai,1109,19,3,25751.99,0,0.178,7,0,12764.346666666666,8952.70264742627,-0.4783233438338022,3,0.6645118799656543,1.246
T4812,U2593,42704.45,Payment,Card,Android,Mumbai,612,7,3,8470.69,0,0.929,6,0,27194.5475,12767.19697537502,1.2148244074180905,4,1.5703313320436751,5.574
T4813,U2741,710.78,Transfer,Card,iOS,Hyderabad,1431,10,2,16847.37,0,0.443,4,0,710.78,,,1,1.0,1.772
T4814,U4665,25613.43,Transfer,UPI,iOS,Bangalore,1752,20,2,13250.81,0,0.785,7,0,15732.285,13974.049270775096,0.7071067811865476,2,1.6280807269891182,5.495
T4815,U6724,38483.66,Transfer,Wallet,Web,Bangalore,97,8,3,4344.82,0,0.636,3,0,37711.845,1091.5112406429937,0.7071067811865475,2,1.0204661161499788,1.908
T4816,U4709,46743.04,Transfer,Card,Android,Delhi,1627,17,3,28223.53,0,0.65,9,0,34016.225,17998.434378813345,0.7071067811865476,2,1.3741395466428157,5.8500000000000005
T4817,U4021,45464.65,Payment,Card,iOS,Bangalore,26,19,3,392.51,0,0.44,1,0,45464.65,,,1,1.0,0.44
T4818,U7442,40990.26,Payment,Card,Web,Hyderabad,1362,2,0,5708.53,0,0.395,6,0,43797.53,3970.079307243117,-0.707106781186547,2,0.935903463049172,2.37
T4819,U4184,44415.16,Payment,NetBanking,iOS,Mumbai,952,22,3,10432.39,0,0.162,1,0,44415.16,,,1,1.0,0.162
T4820,U2317,10001.02,Transfer,UPI,Web,Delhi,1243,17,4,25708.19,0,0.071,6,0,9329.2,950.0969554734928,0.707106781186547,2,1.072012605582472,0.4259999999999999
T4821,U8581,14245.01,Transfer,UPI,Android,Hyderabad,833,18,1,23680.74,0,0.928,5,0,26506.445,17340.287671156148,-0.7071067811865476,2,0.5374168433375355,4.640000000000001
T4822,U8220,14483.98,Payment,Wallet,iOS,Bangalore,392,8,1,17438.53,0,0.937,5,0,14483.98,,,1,1.0,4.6850000000000005
T4823,U1580,18883.84,Payment,NetBanking,Android,Chennai,1598,23,2,20881.13,0,0.641,6,0,18883.84,,,1,1.0,3.846
T4824,U7450,19696.37,Transfer,NetBanking,Web,Chennai,649,17,3,10293.26,0,0.388,8,0,22721.855,4278.681919756365,-0.7071067811865475,2,0.8668469189685437,3.104
T4825,U3838,27250.54,Withdrawal,NetBanking,Android,Hyderabad,1179,21,1,28222.19,0,0.025,9,0,27250.54,,,1,1.0,0.225
T4826,U8539,8035.99,Payment,Wallet,Android,Mumbai,462,15,1,900.94,0,0.448,3,0,19485.22333333333,17047.365381106058,-0.6716130661470276,3,0.4124145698783369,1.344
T4827,U7381,34577.77,Payment,Wallet,Android,Chennai,825,13,4,3117.77,1,0.659,5,0,34577.77,,,1,1.0,3.295
T4828,U2775,8419.95,Payment,Wallet,iOS,Hyderabad,1426,18,4,27774.06,0,0.3,6,0,8419.95,,,1,1.0,1.7999999999999998
T4829,U4107,15549.91,Transfer,NetBanking,Web,Delhi,319,21,0,28357.04,0,0.342,1,0,15549.91,,,1,1.0,0.342
T4830,U9325,25192.09,Payment,UPI,Android,Bangalore,940,14,0,14768.07,0,0.472,1,0,25192.09,,,1,1.0,0.472
T4831,U3102,39832.21,Payment,NetBanking,iOS,Mumbai,501,20,1,17336.18,0,0.495,1,0,39832.21,,,1,1.0,0.495
T4832,U1008,36986.49,Payment,Wallet,Web,Mumbai,769,3,2,27085.88,0,0.743,2,0,32769.225,5964.11335912137,0.7071067811865475,2,1.1286959029394197,1.486
T4833,U8774,32294.44,Payment,NetBanking,Web,Delhi,1463,11,1,25617.69,0,0.5,4,1,32294.44,,,1,1.0,2.0
T4834,U4971,7830.87,Payment,Card,Web,Mumbai,10,6,2,25872.36,0,0.845,6,1,10074.986,6066.160396567173,-0.3699401026833945,5,0.7772586482998586,5.07
T4835,U3447,27374.92,Withdrawal,NetBanking,Android,Hyderabad,50,10,1,11216.39,0,0.483,3,0,20263.353333333333,16012.66669024661,0.4441213199671704,3,1.3509570479121094,1.4489999999999998
T4836,U6383,4417.95,Withdrawal,NetBanking,Android,Mumbai,1618,6,4,24933.38,0,0.032,9,0,4417.95,,,1,1.0,0.288
T4837,U3903,18899.29,Payment,UPI,Android,Mumbai,681,19,3,2172.39,0,0.141,3,0,18273.56,884.9158523837161,0.7071067811865476,2,1.0342423698502097,0.4229999999999999
T4838,U2370,20705.15,Payment,UPI,Web,Mumbai,221,2,1,14660.24,0,0.718,4,0,20705.15,,,1,1.0,2.872
T4839,U6712,2038.58,Payment,UPI,Web,Hyderabad,1366,3,0,7198.47,1,0.452,4,0,2038.58,,,1,1.0,1.808
T4840,U2913,13735.71,Payment,Card,Android,Bangalore,1841,1,2,1170.35,0,0.461,5,0,13735.71,,,1,1.0,2.305
T4841,U8986,47784.69,Transfer,UPI,Android,Chennai,1684,19,2,18554.6,0,0.978,5,0,47784.69,,,1,1.0,4.89
T4842,U7577,47683.95,Transfer,Card,Web,Mumbai,1479,14,1,2377.78,0,0.571,2,0,34392.055,18797.578178639127,0.7071067811865475,2,1.3864815580226304,1.142
T4843,U6022,17648.74,Transfer,Wallet,Web,Delhi,1975,19,2,3692.76,1,0.117,6,0,17931.02,399.2042043866756,-0.7071067811865476,2,0.984257448823324,0.7020000000000001
T4844,U4425,2202.85,Withdrawal,UPI,iOS,Delhi,313,11,0,2544.18,0,0.434,9,0,2202.85,,,1,1.0,3.906
T4845,U2585,8995.79,Payment,NetBanking,iOS,Hyderabad,1588,20,4,29253.92,0,0.561,5,0,8995.79,,,1,1.0,2.805
T4846,U9293,19641.28,Transfer,NetBanking,Android,Bangalore,700,16,3,1273.24,0,0.037,1,0,27550.42,11185.21305470754,-0.7071067811865476,2,0.7129212549209776,0.037
T4847,U1833,47391.6,Payment,Card,Web,Mumbai,1734,17,3,8165.72,0,0.365,9,0,33562.613333333335,22404.69950016365,0.6172359806283344,3,1.4120354553240986,3.285
T4848,U9095,7102.89,Payment,UPI,Web,Hyderabad,1791,7,2,19594.75,0,0.968,7,1,7102.89,,,1,1.0,6.776
T4849,U3419,38187.62,Withdrawal,NetBanking,iOS,Chennai,1843,23,1,24719.16,0,0.751,7,0,41059.735,4061.783985695199,-0.7071067811865476,2,0.9300503278942254,5.257
T4850,U1033,5478.69,Withdrawal,Wallet,Web,Bangalore,1187,7,2,18285.29,0,0.372,6,0,22386.5,22072.820065585187,-0.7660013514250403,3,0.2447318696535858,2.232
T4851,U8842,49063.82,Transfer,UPI,Android,Bangalore,625,4,0,29297.4,0,0.262,1,0,49063.82,,,1,1.0,0.262
T4852,U3774,19111.74,Transfer,Wallet,iOS,Hyderabad,532,23,1,10197.48,0,0.283,7,0,26312.96,10184.06298963238,-0.7071067811865472,2,0.7263242143795302,1.981
T4853,U7811,38772.97,Withdrawal,NetBanking,Web,Delhi,34,8,4,14212.96,0,0.828,4,0,38772.97,,,1,1.0,3.312
T4854,U9570,17162.42,Withdrawal,UPI,Web,Bangalore,817,19,0,24656.91,0,0.402,5,0,17162.42,,,1,1.0,2.01
T4855,U1449,31402.06,Payment,Card,Android,Delhi,34,19,4,20482.75,0,0.843,7,0,34865.655,4898.263023567641,-0.7071067811865469,2,0.900658828867549,5.901
T4856,U1133,9641.2,Payment,NetBanking,Web,Bangalore,605,22,1,6500.61,0,0.909,3,0,5148.3150000000005,6353.898901182643,0.7071067811865476,2,1.8726903851065837,2.7270000000000003
T4857,U6857,7343.75,Transfer,Wallet,iOS,Bangalore,1139,4,4,15010.17,1,0.464,2,1,24378.195,13865.112429621093,-1.2285832579047842,4,0.3012425653334876,0.928
T4858,U5272,46906.3,Transfer,UPI,iOS,Bangalore,1786,9,0,29281.18,0,0.945,1,0,22593.41333333333,23093.927945805004,1.0527826502153388,3,2.076105071330524,0.945
T4859,U5425,45886.48,Withdrawal,Wallet,Web,Chennai,1152,0,0,25904.39,0,0.3,8,0,45751.8,190.4662825804089,0.7071067811865475,2,1.0029437093185405,2.4
T4860,U3568,44379.07,Transfer,Wallet,Web,Delhi,117,23,2,5834.92,0,0.26,8,0,44379.07,,,1,1.0,2.08
T4861,U5905,31290.4,Payment,Card,Web,Chennai,1363,3,1,5475.6,0,0.107,7,0,31290.4,,,1,1.0,0.749
T4862,U7135,40423.0,Withdrawal,Card,Web,Delhi,189,23,3,24869.0,0,0.246,9,0,31889.946666666667,21087.82456215513,0.4046436040940428,3,1.267578162564085,2.214
T4863,U8940,3498.39,Payment,NetBanking,iOS,Chennai,890,15,3,6046.95,0,0.773,1,0,4212.005,1009.204011312876,-0.7071067811865478,2,0.8305759371130851,0.773
T4864,U7991,16772.71,Withdrawal,Card,Android,Chennai,140,17,4,13638.4,0,0.404,3,0,16772.71,,,1,1.0,1.2120000000000002
T4865,U2791,15719.47,Withdrawal,Card,iOS,Chennai,1840,11,3,5504.68,0,0.148,5,0,15719.47,,,1,1.0,0.74
T4866,U3398,31800.48,Payment,NetBanking,Web,Hyderabad,612,19,3,538.42,0,0.107,2,0,31800.48,,,1,1.0,0.214
T4867,U7237,17830.09,Transfer,NetBanking,Web,Chennai,1964,14,0,26274.57,0,0.49,7,0,16174.875,15223.26469066891,0.1087293056800466,4,1.1023324755214492,3.43
T4868,U4285,7467.91,Transfer,NetBanking,iOS,Bangalore,762,17,0,23392.23,0,0.539,6,0,20405.34,18296.28896825255,-0.7071067811865475,2,0.3659782194268756,3.234
T4869,U8967,29843.53,Transfer,NetBanking,iOS,Mumbai,768,4,0,14170.59,1,0.795,2,0,29843.53,,,1,1.0,1.59
T4870,U2861,40728.48,Transfer,Wallet,Web,Chennai,177,13,3,4871.41,0,0.715,8,0,37687.575,4300.489092888163,0.7071067811865479,2,1.0806872026125325,5.72
T4871,U8758,19137.07,Payment,Wallet,iOS,Mumbai,232,23,4,24211.89,0,0.167,3,0,19137.07,,,1,1.0,0.501
T4872,U4598,6656.82,Withdrawal,NetBanking,Web,Mumbai,478,6,1,10845.08,0,0.277,4,0,16862.510000000002,14433.025211375474,-0.7071067811865476,2,0.3947704108107274,1.108
T4873,U6241,9874.58,Payment,NetBanking,iOS,Bangalore,287,10,2,19892.28,0,0.694,5,0,23502.98,19273.468113445488,-0.7071067811865476,2,0.4201416160844284,3.47
T4874,U8618,11912.29,Transfer,UPI,Web,Mumbai,199,14,4,9569.16,0,0.181,6,0,27657.405,22266.95517412405,-0.7071067811865476,2,0.4307088824855405,1.086
T4875,U9346,15029.88,Transfer,UPI,iOS,Mumbai,540,20,0,13025.38,0,0.803,9,0,26886.91,16768.37263546466,-0.7071067811865475,2,0.5590036192332998,7.227
T4876,U5832,32157.61,Payment,UPI,Web,Mumbai,1559,10,4,16110.61,0,0.657,9,0,32157.61,,,1,1.0,5.913
T4877,U1750,30067.23,Withdrawal,Card,Android,Delhi,1788,6,1,22884.29,0,0.536,9,0,30067.23,,,1,1.0,4.824
T4878,U7447,34819.19,Payment,Wallet,Android,Chennai,630,20,0,24978.85,0,0.644,8,0,26718.785000000003,11455.70261171483,0.7071067811865475,2,1.3031726554931296,5.152
T4879,U6408,18156.97,Payment,Wallet,iOS,Chennai,1979,22,1,13362.05,0,0.1,5,1,18156.97,,,1,1.0,0.5
T4880,U3004,41208.68,Payment,UPI,Android,Mumbai,1223,19,2,7067.9,1,0.548,5,1,41208.68,,,1,1.0,2.74
T4881,U7670,10244.18,Withdrawal,UPI,Web,Bangalore,227,19,4,4694.11,0,0.451,4,0,6196.655000000001,5724.0647490441615,0.7071067811865475,2,1.653179013516163,1.804
T4882,U1709,23478.59,Payment,Wallet,iOS,Delhi,1332,3,2,10288.36,0,0.513,7,0,25318.13,2601.5024165278005,-0.7071067811865472,2,0.9273429751723372,3.591
T4883,U4782,40056.89,Payment,Card,iOS,Bangalore,1344,23,3,24073.33,1,0.338,4,0,40056.89,,,1,1.0,1.352
T4884,U3492,9048.92,Transfer,UPI,Web,Bangalore,245,0,4,8292.06,1,0.468,5,0,13872.86,6822.081372074069,-0.7071067811865476,2,0.6522750175522567,2.3400000000000003
T4885,U2429,5537.66,Payment,NetBanking,Web,Mumbai,177,20,3,1520.85,0,0.883,9,0,16804.78,20742.829674159697,-0.5431814355606445,3,0.3295288602409553,7.947
T4886,U6181,44190.01,Transfer,UPI,Web,Hyderabad,789,1,1,16971.86,1,0.345,7,0,44190.01,,,1,1.0,2.415
T4887,U2305,17179.34,Transfer,Wallet,iOS,Mumbai,202,3,3,1105.05,0,0.045,9,0,29643.585,17627.104323741038,-0.7071067811865475,2,0.5795297701003438,0.4049999999999999
T4888,U5130,34209.31,Transfer,Wallet,Web,Hyderabad,251,4,1,26559.26,1,0.256,8,0,34209.31,,,1,1.0,2.048
T4889,U4661,1316.16,Withdrawal,UPI,Android,Delhi,1195,23,2,20374.01,0,0.454,3,0,1316.16,,,1,1.0,1.362
T4890,U2223,34517.84,Transfer,UPI,iOS,Hyderabad,1909,1,0,7779.68,0,0.533,3,0,32857.975,2347.4035947084144,0.7071067811865476,2,1.0505163510532831,1.5990000000000002
T4891,U5844,15839.26,Payment,NetBanking,Web,Mumbai,1372,1,2,14125.84,0,0.427,2,0,17244.533333333333,13717.19346171196,-0.1024461262615996,3,0.9185090540770408,0.854
T4892,U9835,2834.26,Payment,NetBanking,iOS,Mumbai,800,17,3,22202.58,0,0.827,3,1,2834.26,,,1,1.0,2.481
T4893,U4417,30510.15,Transfer,Card,Android,Bangalore,464,23,1,27478.95,0,0.915,3,0,30510.15,,,1,1.0,2.745
T4894,U7397,12078.15,Transfer,Card,Android,Mumbai,1168,13,3,26246.17,0,0.487,3,0,12078.15,,,1,1.0,1.461
T4895,U9169,19371.02,Payment,NetBanking,Web,Mumbai,202,2,0,2178.99,0,0.076,6,0,17671.355,2403.6892944908677,0.7071067811865477,2,1.0961819283241157,0.4559999999999999
T4896,U6113,4075.01,Transfer,Card,iOS,Chennai,1435,20,4,2526.12,0,0.421,9,0,24503.895,28890.806231160284,-0.7071067811865477,2,0.166300500389836,3.789
T4897,U8668,7400.8,Withdrawal,Card,Web,Chennai,401,17,4,17971.94,0,0.181,7,0,10586.82,4505.712693991928,-0.7071067811865475,2,0.6990578851817638,1.267
T4898,U4700,14933.96,Transfer,UPI,iOS,Bangalore,610,21,4,14945.23,0,0.283,7,0,27057.075,17144.673651208708,-0.7071067811865475,2,0.5519428837004738,1.981
T4899,U7527,4533.49,Withdrawal,NetBanking,Web,Hyderabad,1075,9,3,8858.82,0,0.833,7,0,4533.49,,,1,1.0,5.831
T4900,U9628,45545.77,Withdrawal,UPI,Web,Hyderabad,102,5,4,29287.58,1,0.535,1,0,25995.83,27647.790291580262,0.7071067811865476,2,1.7520413850990717,0.535
T4901,U8917,352.05,Withdrawal,UPI,iOS,Chennai,1248,1,1,22413.39,0,0.829,4,0,1850.755,2119.4889369963694,-0.7071067811865476,2,0.1902196671088285,3.316
T4902,U5232,24218.82,Transfer,Card,iOS,Delhi,358,19,0,20650.79,0,0.986,9,1,24218.82,,,1,1.0,8.874
T4903,U8301,6206.21,Withdrawal,UPI,Android,Chennai,522,10,2,5521.76,0,0.545,4,0,12610.925,9057.634816134398,-0.7071067811865475,2,0.4921296415607896,2.18
T4904,U7297,15418.57,Withdrawal,Wallet,Android,Delhi,1368,17,1,8589.53,0,0.912,7,0,11067.945,6152.712879799447,0.7071067811865476,2,1.3930833591963097,6.384
T4905,U9245,46306.68,Transfer,Card,iOS,Hyderabad,1432,13,0,18190.06,0,0.683,2,0,46306.68,,,1,1.0,1.366
T4906,U6157,8126.64,Withdrawal,Wallet,Android,Chennai,933,19,2,23888.33,0,0.102,6,0,8126.64,,,1,1.0,0.612
T4907,U9656,48293.32,Transfer,Card,Android,Mumbai,1197,12,4,27938.7,0,0.418,5,0,48293.32,,,1,1.0,2.09
T4908,U4170,10329.43,Payment,UPI,iOS,Delhi,115,6,2,20962.03,0,0.659,2,0,10329.43,,,1,1.0,1.318
T4909,U6491,37091.23,Withdrawal,Card,iOS,Delhi,1265,20,3,12617.25,1,0.705,3,0,37091.23,,,1,1.0,2.115
T4910,U2311,27356.53,Transfer,Wallet,iOS,Delhi,1001,19,3,20763.23,0,0.861,3,0,27356.53,,,1,1.0,2.583
T4911,U6834,44229.71,Payment,Card,Web,Hyderabad,1591,9,4,2168.34,0,0.637,3,0,29178.435,21285.717236007105,0.7071067811865476,2,1.515835581997458,1.911
T4912,U6957,27721.96,Withdrawal,Wallet,iOS,Bangalore,726,18,4,18042.48,0,0.09,5,0,27721.96,,,1,1.0,0.4499999999999999
T4913,U3573,26751.23,Withdrawal,NetBanking,iOS,Mumbai,1566,12,1,26849.28,0,0.142,9,0,26751.23,,,1,1.0,1.2779999999999998
T4914,U7234,9813.13,Transfer,UPI,iOS,Chennai,1210,21,1,19144.7,0,0.328,7,0,12925.055,4400.926540087893,-0.7071067811865479,2,0.7592331328570748,2.2960000000000003
T4915,U6015,8353.16,Payment,Wallet,Android,Delhi,1712,1,3,325.45,0,0.294,6,0,8353.16,,,1,1.0,1.7639999999999998
T4916,U3785,45828.63,Transfer,NetBanking,iOS,Hyderabad,1327,19,0,20866.12,0,0.222,4,0,42768.345,4327.89655172695,0.7071067811865462,2,1.0715549081920284,0.888
T4917,U5540,16425.52,Withdrawal,UPI,Android,Delhi,1298,11,1,21820.68,1,0.617,5,0,16425.52,,,1,1.0,3.085
T4918,U2018,18635.51,Withdrawal,NetBanking,Web,Chennai,797,7,0,16282.75,0,0.43,6,0,25463.425,9656.129995730693,-0.7071067811865475,2,0.7318540219942917,2.58
T4919,U3588,38003.19,Withdrawal,Wallet,iOS,Mumbai,1885,17,3,24501.04,1,0.685,8,0,38003.19,,,1,1.0,5.48
T4920,U1954,16974.23,Withdrawal,UPI,iOS,Delhi,1553,1,1,6148.51,0,0.387,9,0,32971.90666666667,15046.209068254817,-1.0632363669875693,3,0.5148088696114227,3.483
T4921,U7437,47605.52,Payment,NetBanking,Android,Hyderabad,1303,15,0,12328.47,0,0.274,2,0,28275.153333333332,21570.58821412465,0.8961446240955512,3,1.6836520544657227,0.548
T4922,U4314,36909.49,Payment,Wallet,Web,Hyderabad,1863,7,0,24246.82,0,0.55,8,0,36909.49,,,1,1.0,4.4
T4923,U8238,29891.59,Transfer,NetBanking,iOS,Bangalore,1245,15,1,18150.33,0,0.097,8,0,34828.822499999995,10689.995984637148,-0.4618554120221758,4,0.8582429107386563,0.776
T4924,U7696,44050.71,Transfer,UPI,Web,Hyderabad,1196,7,4,29831.52,0,0.989,7,0,44050.71,,,1,1.0,6.923
T4925,U9194,2527.82,Transfer,UPI,Web,Bangalore,832,22,2,2171.0,0,0.656,4,0,2621.275,132.16532847157748,-0.7071067811865476,2,0.9643475026466128,2.624
T4926,U9301,12890.28,Withdrawal,UPI,iOS,Mumbai,1590,12,4,7404.9,0,0.122,9,0,17470.035,14169.40908589228,-0.3232142548950623,4,0.7378508400240755,1.098
T4927,U9652,23278.56,Transfer,Wallet,Web,Chennai,926,5,2,6053.85,0,0.622,7,0,35269.60666666667,12059.004967978632,-0.994364518341901,3,0.6600175675335951,4.354
T4928,U3075,11387.58,Payment,NetBanking,Web,Bangalore,1778,0,0,29294.13,0,0.074,5,0,11387.58,,,1,1.0,0.37
T4929,U4926,37208.06,Transfer,NetBanking,iOS,Delhi,1086,1,1,26090.95,0,0.506,4,0,37208.06,,,1,1.0,2.024
T4930,U8030,45964.44,Transfer,Wallet,Android,Delhi,1266,6,3,4080.39,1,0.291,6,0,47660.045,2397.9475874276336,-0.7071067811865454,2,0.9644229249049178,1.746
T4931,U5817,21217.32,Payment,UPI,iOS,Chennai,1471,12,1,10678.74,0,0.701,6,0,21217.32,,,1,1.0,4.206
T4932,U7229,17139.52,Payment,Card,Web,Hyderabad,863,3,4,1672.66,0,0.487,9,0,20465.403333333332,15451.027073285022,-0.215253220226623,6,0.8374875256958043,4.383
T4933,U2760,48079.46,Withdrawal,UPI,iOS,Delhi,692,8,2,19013.76,1,0.786,7,0,48079.46,,,1,1.0,5.502000000000001
T4934,U1143,22270.38,Payment,Card,Android,Bangalore,1032,18,1,10002.72,0,0.23,1,0,22270.38,,,1,1.0,0.23
T4935,U4961,24477.97,Payment,UPI,Web,Chennai,1551,19,2,7801.17,0,0.656,4,0,23360.86666666667,7027.227390104388,0.1589678647522374,3,1.047819430215203,2.624
T4936,U5055,17614.91,Transfer,Wallet,Web,Delhi,960,2,4,15741.2,0,0.688,4,0,17614.91,,,1,1.0,2.752
T4937,U2730,45481.95,Payment,Card,Android,Hyderabad,53,22,4,23886.99,1,0.478,5,0,32031.045,19022.452277192075,0.7071067811865475,2,1.4199333802565604,2.39
T4938,U7959,28469.33,Withdrawal,Wallet,Android,Hyderabad,612,1,1,12177.14,0,0.858,5,0,19556.395,12604.793557549843,0.7071067811865476,2,1.4557555214036126,4.29
T4939,U1134,38120.62,Transfer,Card,Web,Delhi,1741,15,3,22747.72,0,0.147,4,0,24924.785000000003,18661.72882383757,0.7071067811865476,2,1.5294262317608756,0.588
T4940,U1669,40599.75,Withdrawal,NetBanking,Android,Chennai,1549,9,3,13439.35,0,0.758,3,1,21830.055,26544.35723060647,0.7071067811865475,2,1.859809789760035,2.274
T4941,U3411,17125.36,Payment,Card,iOS,Mumbai,642,11,2,6514.21,0,0.132,6,0,12659.76,4399.6345913723335,1.014993383486216,3,1.352739704386181,0.792
T4942,U8506,21713.03,Withdrawal,Card,Android,Delhi,1608,17,1,13441.55,0,0.157,2,0,21713.03,,,1,1.0,0.314
T4943,U4780,42431.17,Withdrawal,Card,iOS,Hyderabad,101,1,0,16187.83,0,0.201,9,0,42431.17,,,1,1.0,1.809
T4944,U1530,18194.6,Payment,NetBanking,Web,Mumbai,768,13,4,13901.22,0,0.661,6,0,12529.884999999998,8011.116779978307,0.7071067811865476,2,1.4520963280987815,3.966
T4945,U3781,39707.06,Payment,Wallet,Web,Chennai,740,11,2,8302.3,0,0.639,5,0,34719.72,7053.163868165829,0.7071067811865474,2,1.143645743686873,3.1950000000000003
T4946,U3702,47052.57,Transfer,NetBanking,Web,Hyderabad,963,19,4,5634.56,0,0.446,3,1,47052.57,,,1,1.0,1.338
T4947,U7861,31179.36,Transfer,Card,Web,Chennai,1471,23,2,28413.87,0,0.314,4,0,31179.36,,,1,1.0,1.256
T4948,U9463,37094.28,Transfer,UPI,Web,Delhi,346,23,1,8994.84,0,0.613,6,0,41710.575,6528.426996915106,-0.7071067811865474,2,0.8893255487367413,3.678
T4949,U2120,40264.61,Payment,NetBanking,Android,Chennai,1776,23,2,21190.55,0,0.144,3,0,40264.61,,,1,1.0,0.4319999999999999
T4950,U6747,42259.73,Withdrawal,UPI,Android,Hyderabad,1327,7,2,10286.76,0,0.629,7,0,24638.725,24919.86425364412,0.7071067811865476,2,1.7151751967685016,4.4030000000000005
T4951,U9591,19782.91,Withdrawal,NetBanking,Web,Delhi,709,22,0,29092.33,0,0.012,5,0,12633.233333333332,10691.003843673114,0.6687563461028792,3,1.5659419467700273,0.06
T4952,U1512,2610.61,Transfer,NetBanking,Android,Hyderabad,1853,21,2,29649.54,0,0.144,1,0,2610.61,,,1,1.0,0.144
T4953,U1501,20123.72,Transfer,Card,Android,Hyderabad,934,6,3,24770.38,0,0.708,9,0,15561.73,6451.628129410437,0.7071067811865476,2,1.2931544243474216,6.372
T4954,U2945,33704.12,Payment,Wallet,Web,Mumbai,689,12,2,17486.06,0,0.874,9,0,33704.12,,,1,1.0,7.866
T4955,U8965,22545.0,Withdrawal,Wallet,Android,Bangalore,976,14,2,16307.81,0,0.076,1,0,22545.0,,,1,1.0,0.076
T4956,U5184,37460.71,Transfer,Card,Web,Chennai,273,13,1,9935.95,0,0.639,4,0,17090.920000000002,18477.97132948582,1.1023823793630068,3,2.191848654139157,2.556
T4957,U4581,17881.27,Payment,NetBanking,Web,Chennai,114,4,2,3748.65,0,0.062,4,0,17881.27,,,1,1.0,0.248
T4958,U6485,31755.47,Transfer,Wallet,Web,Mumbai,233,7,0,2463.93,0,0.879,8,0,19704.635,17042.45429492038,0.7071067811865474,2,1.6115736221452464,7.032
T4959,U2813,9361.67,Payment,Wallet,Web,Chennai,1452,17,1,14016.88,0,0.392,2,0,10136.72,1096.086221517267,-0.7071067811865488,2,0.9235403562493588,0.784
T4960,U8987,37481.0,Withdrawal,Wallet,Android,Mumbai,987,4,4,29365.78,0,0.741,7,0,35552.085,2727.8977536649,0.7071067811865475,2,1.0542560302722048,5.187
T4961,U3806,27307.51,Payment,Card,Android,Chennai,124,22,3,7481.65,0,0.173,8,0,23033.095,6044.935664210991,0.7071067811865474,2,1.185577101123405,1.384
T4962,U9261,10243.02,Transfer,UPI,iOS,Chennai,900,8,3,12387.48,0,0.861,3,0,10243.02,,,1,1.0,2.583
T4963,U9362,14630.96,Transfer,UPI,iOS,Hyderabad,1268,9,4,19278.44,0,0.429,3,0,18528.08333333333,13215.306400611124,-0.2948946634451937,3,0.7896639785550763,1.287
T4964,U7788,37443.0,Withdrawal,UPI,Web,Mumbai,1817,16,2,10596.81,0,0.209,9,0,27399.126666666667,15625.252335912315,0.6427975124759416,3,1.3665764042600872,1.881
T4965,U9802,24155.93,Withdrawal,UPI,iOS,Chennai,1307,2,0,208.53,0,0.572,8,0,27652.7575,9496.795985599125,-0.3682112899237347,4,0.8735450705051748,4.576
T4966,U9047,10840.77,Transfer,UPI,Android,Bangalore,1988,0,0,11946.89,0,0.288,1,0,6059.445,6761.814661113539,0.7071067811865476,2,1.7890697910452196,0.288
T4967,U3705,48365.2,Transfer,Wallet,Android,Mumbai,1263,6,0,24158.78,0,0.287,2,0,48365.2,,,1,1.0,0.574
T4968,U5255,35770.49,Transfer,Wallet,iOS,Mumbai,738,14,0,28324.4,0,0.115,4,0,35770.49,,,1,1.0,0.46
T4969,U8150,47858.88,Withdrawal,NetBanking,iOS,Mumbai,43,18,2,8325.21,0,0.214,6,0,32830.17,21253.80550697216,0.7071067811865476,2,1.4577713121802294,1.284
T4970,U9068,21383.9,Transfer,Wallet,Android,Hyderabad,1421,7,4,27657.2,0,0.798,3,1,24043.675000000003,3761.4898778609,-0.7071067811865478,2,0.8893773518399329,2.394
T4971,U1386,23781.26,Withdrawal,Card,iOS,Mumbai,1742,10,4,26027.74,0,0.524,4,0,32616.99,12495.609199466828,-0.7071067811865475,2,0.7291065177994659,2.096
T4972,U6270,44902.86,Transfer,NetBanking,Android,Hyderabad,1534,1,3,12261.04,0,0.355,4,0,44902.86,,,1,1.0,1.42
T4973,U2958,26276.21,Payment,Wallet,Android,Bangalore,904,19,4,239.87,0,0.929,7,0,16867.975,13305.253534993237,0.7071067811865476,2,1.5577572293058295,6.503
T4974,U4457,35378.58,Payment,NetBanking,iOS,Delhi,471,1,0,25361.79,0,0.797,7,0,35378.58,,,1,1.0,5.579000000000001
T4975,U6307,12646.04,Transfer,NetBanking,iOS,Hyderabad,458,10,2,8674.5,0,0.31,7,0,12646.04,,,1,1.0,2.17
T4976,U8179,22363.99,Payment,UPI,Web,Chennai,838,19,1,22701.01,1,0.111,4,0,20203.835,3054.9204978280554,0.7071067811865478,2,1.106918067782676,0.444
T4977,U9108,6216.32,Withdrawal,NetBanking,Web,Mumbai,1247,16,1,17188.29,0,0.184,5,0,9911.505,3675.0037544697375,-1.0054914897721448,4,0.6271822493153157,0.92
T4978,U1218,10338.7,Payment,Wallet,Web,Delhi,1079,9,0,6727.77,0,0.675,4,0,7775.3,3155.461356267891,0.8123693211796614,3,1.329685028230422,2.7
T4979,U3530,97.12,Payment,UPI,Web,Hyderabad,414,4,3,19481.53,0,0.563,9,0,97.12,,,1,1.0,5.066999999999999
T4980,U4971,2011.29,Withdrawal,Wallet,Web,Chennai,342,2,1,22968.72,1,0.981,4,0,10074.986,6066.160396567173,-1.3292915902064226,5,0.1996320391909229,3.924
T4981,U3791,48865.33,Payment,UPI,Android,Delhi,249,8,0,14285.91,0,0.013,1,0,24894.685,33899.61125783082,0.7071067811865476,2,1.9628820368685125,0.013
T4982,U1082,12155.57,Payment,Wallet,iOS,Bangalore,1287,19,2,22462.52,0,0.877,8,0,12155.57,,,1,1.0,7.016
T4983,U9031,33182.37,Transfer,UPI,Android,Hyderabad,237,21,1,12208.66,0,0.014,6,0,36955.495,5336.004547528984,-0.7071067811865475,2,0.8979008399156878,0.084
T4984,U7413,41963.03,Withdrawal,UPI,Web,Hyderabad,742,1,0,29409.52,0,0.425,2,0,41963.03,,,1,1.0,0.85
T4985,U7989,27555.49,Withdrawal,Card,Web,Bangalore,900,22,1,7270.27,0,0.917,1,0,29837.75333333333,11652.416468322495,-0.19586180596426,3,0.9235108854263604,0.917
T4986,U9362,7699.57,Transfer,Wallet,iOS,Hyderabad,175,18,2,23357.86,0,0.658,7,0,18528.08333333333,13215.306400611124,-0.8193917723188454,3,0.4155621421535777,4.606
T4987,U8440,36419.42,Transfer,NetBanking,Android,Mumbai,594,16,4,22513.1,0,0.583,8,0,36419.42,,,1,1.0,4.664
T4988,U3483,30032.56,Payment,UPI,Web,Hyderabad,746,11,4,15930.34,0,0.313,9,0,15718.0,20243.84489140341,0.7071067811865476,2,1.9107112864232088,2.817
T4989,U5603,36575.97,Payment,Wallet,Web,Mumbai,1544,19,2,10575.11,0,0.966,4,0,22910.41,18043.97976425378,0.7573473357065221,3,1.5964781948467968,3.864
T4990,U6274,38498.84,Payment,UPI,Web,Hyderabad,607,8,2,13428.22,0,0.168,7,1,38498.84,,,1,1.0,1.1760000000000002
T4991,U4852,48771.75,Transfer,Card,Web,Chennai,602,22,4,18921.67,0,0.27,5,0,48771.75,,,1,1.0,1.35
T4992,U1237,28699.49,Withdrawal,Card,Android,Chennai,1989,3,2,15957.45,0,0.453,2,0,28699.49,,,1,1.0,0.906
T4993,U4652,17114.97,Payment,Card,Android,Delhi,736,17,2,22870.05,0,0.126,3,0,17114.97,,,1,1.0,0.378
T4994,U5522,32440.8,Transfer,Card,Web,Chennai,1709,15,2,10884.39,0,0.424,8,0,32440.8,,,1,1.0,3.392
T4995,U5191,3468.61,Withdrawal,NetBanking,Android,Bangalore,1423,20,4,3306.63,1,0.039,5,0,25189.21,17259.91545879643,-1.2584418534292532,4,0.1377022145593291,0.195
T4996,U9985,44875.0,Transfer,NetBanking,Web,Delhi,1785,23,4,15217.3,0,0.924,3,0,24949.505,28178.90526599729,0.7071067811865475,2,1.7986328786883747,2.772
T4997,U1672,6013.08,Payment,UPI,iOS,Chennai,1456,9,1,7844.45,0,0.322,8,1,6013.08,,,1,1.0,2.576
T4998,U5533,16425.75,Transfer,Wallet,iOS,Mumbai,934,21,4,18537.48,0,0.634,7,0,21739.6,23066.416553723728,-0.230371717584462,3,0.7555681797273178,4.438
T4999,U6852,40796.48,Transfer,Card,iOS,Hyderabad,1444,11,1,15657.66,0,0.871,7,0,40796.48,,,1,1.0,6.097
T5000,U2186,29885.75,Transfer,Card,Android,Chennai,1614,10,4,23384.58,1,0.818,7,0,27433.396666666667,8074.145359481295,0.3037291532599901,3,1.089392989250693,5.726
T5001,U4794,19712.09,Transfer,NetBanking,Web,Mumbai,658,4,3,17299.29,0,0.873,5,0,31692.285000000003,16942.554248874345,-0.7071067811865476,2,0.6219838676826236,4.365
T5002,U9470,23698.11,Withdrawal,NetBanking,iOS,Delhi,1697,19,1,12979.71,0,0.72,4,0,23698.11,,,1,1.0,2.88
T5003,U9706,42734.64,Payment,Card,iOS,Hyderabad,456,10,2,3683.69,0,0.194,6,0,45403.7,3774.620850787532,-0.7071067811865471,2,0.9412149230128822,1.164
T5004,U5769,17033.22,Withdrawal,Wallet,Android,Chennai,1436,15,3,3692.23,0,0.367,6,0,30219.4,18648.07459189286,-0.7071067811865476,2,0.563651826310251,2.202
T5005,U9057,43489.0,Transfer,UPI,Android,Delhi,106,14,4,19246.5,1,0.512,6,0,32864.215,15779.40491681166,0.6733324264136329,4,1.3232934363410174,3.072
T5006,U5639,4452.31,Transfer,UPI,iOS,Chennai,388,5,4,26434.52,0,0.337,8,0,13400.48,12654.62337242006,-0.7071067811865476,2,0.3322500388045801,2.696
T5007,U6205,38851.08,Payment,UPI,Web,Delhi,679,12,3,12502.15,1,0.955,6,0,38851.08,,,1,1.0,5.73
T5008,U8855,42385.0,Payment,UPI,Web,Chennai,1219,15,0,15970.6,0,0.807,4,0,16374.586666666668,22577.177861985616,1.1520666352692572,3,2.588462283831693,3.228
T5009,U5116,9131.79,Withdrawal,Wallet,Web,Mumbai,1713,2,2,17777.25,1,0.799,4,0,9131.79,,,1,1.0,3.196
T5010,U8742,21545.81,Withdrawal,Wallet,iOS,Bangalore,1277,17,1,14371.2,0,0.361,5,0,21545.81,,,1,1.0,1.805
T5011,U3505,8316.71,Payment,Wallet,Android,Mumbai,640,0,3,1880.95,0,0.755,7,0,13453.385,7264.35545050282,-0.7071067811865476,2,0.6181871699947633,5.285
T5012,U2911,35344.88,Withdrawal,NetBanking,Web,Hyderabad,717,16,1,17715.27,0,0.614,1,0,41673.526,6065.287007572683,-1.0434206975034332,5,0.8481374962128234,0.614
T5013,U9037,26790.62,Transfer,Card,iOS,Chennai,512,19,4,4199.36,0,0.375,1,1,26790.62,,,1,1.0,0.375
T5014,U8348,31784.4,Transfer,Wallet,iOS,Bangalore,297,5,0,16718.54,0,0.308,5,0,16466.195,21663.21326221136,0.7071067811865476,2,1.930282011114286,1.54
T5015,U5348,9864.52,Payment,UPI,Android,Bangalore,378,8,0,23283.78,0,0.789,5,0,9864.52,,,1,1.0,3.945
T5016,U2002,10626.71,Withdrawal,Wallet,Web,Hyderabad,74,3,1,262.9,1,0.597,1,0,5663.08,7019.632864601966,0.7071067811865475,2,1.8764894721600256,0.597
T5017,U6212,2122.79,Transfer,Card,iOS,Hyderabad,171,6,4,12971.24,0,0.037,7,1,2122.79,,,1,1.0,0.259
T5018,U3449,16137.27,Payment,NetBanking,Web,Bangalore,606,22,0,22396.14,0,0.022,7,0,15386.303333333335,8575.636307845227,0.0875697895419912,3,1.0488074783395014,0.154
T5019,U3717,28009.25,Withdrawal,UPI,Web,Hyderabad,936,21,2,15903.23,0,0.842,4,0,28009.25,,,1,1.0,3.368
T5020,U3710,42903.85,Transfer,NetBanking,Web,Hyderabad,580,10,4,7135.67,0,0.09,2,0,45033.24,3011.412217581644,-0.7071067811865475,2,0.9527151499647816,0.18
T5021,U2494,33363.03,Withdrawal,Wallet,iOS,Chennai,983,22,3,20957.27,0,0.519,2,0,33363.03,,,1,1.0,1.038
T5022,U9106,21798.05,Withdrawal,UPI,Web,Mumbai,1827,2,3,23525.82,0,0.609,4,0,20123.495,2368.1783919396785,0.7071067811865476,2,1.0832139248177317,2.436
T5023,U3261,47658.35,Withdrawal,UPI,Android,Delhi,671,15,3,10939.5,0,0.916,2,0,39938.065,10918.131752385569,0.7071067811865474,2,1.193306435852613,1.832
T5024,U8836,35976.3,Payment,Wallet,iOS,Bangalore,1451,5,2,8992.28,0,0.515,1,0,18462.865,24767.737300739645,0.7071067811865476,2,1.948576236678327,0.515
T5025,U3716,46511.75,Transfer,Wallet,iOS,Delhi,490,6,4,16399.63,0,0.194,1,0,46511.75,,,1,1.0,0.194
T5026,U2884,26403.02,Payment,Card,Web,Bangalore,1666,11,1,11026.15,0,0.261,8,0,26403.02,,,1,1.0,2.088
T5027,U1526,12982.27,Transfer,Wallet,Web,Bangalore,278,6,1,25094.51,0,0.049,2,0,18690.33333333333,19540.77157996156,-0.2921104373988369,3,0.6945980988389721,0.098
T5028,U4281,2688.69,Transfer,Wallet,Web,Mumbai,1800,21,4,23393.6,0,0.222,9,0,12160.225,13394.77325349145,-0.7071067811865475,2,0.2211052838249292,1.998
T5029,U7948,36317.94,Payment,Wallet,iOS,Bangalore,745,18,2,9425.45,0,0.815,2,0,33063.54,11226.958255627387,0.2898737062969633,3,1.0984286619037162,1.63
T5030,U5014,6109.08,Payment,UPI,Android,Bangalore,576,21,4,13763.66,0,0.757,4,0,6109.08,,,1,1.0,3.028
T5031,U5988,15173.62,Transfer,Card,Android,Mumbai,1681,15,1,26695.69,0,0.082,7,0,24600.936666666665,8658.077819206368,-1.0888463771662895,3,0.6167903363029132,0.5740000000000001
T5032,U7623,26646.92,Transfer,UPI,iOS,Hyderabad,1223,17,4,4506.56,0,0.48,7,0,37855.53,11042.107398187178,-1.0150788790408032,3,0.7039108949207685,3.36
T5033,U8688,28242.61,Transfer,Wallet,Android,Delhi,415,9,3,22651.54,0,0.302,8,0,28242.61,,,1,1.0,2.416
T5034,U1126,30049.13,Withdrawal,Card,Web,Bangalore,774,0,4,9572.44,0,0.65,3,0,30049.13,,,1,1.0,1.95
T5035,U2116,8354.45,Transfer,Wallet,iOS,Mumbai,1522,7,0,3672.36,0,0.961,1,0,24745.095,23179.87245504276,-0.7071067811865476,2,0.3376204455872972,0.961
T5036,U5991,19017.88,Payment,UPI,Android,Bangalore,1345,2,4,3597.67,0,0.631,4,0,19017.88,,,1,1.0,2.524
T5037,U2764,30878.85,Payment,UPI,iOS,Mumbai,1629,15,1,8360.99,0,0.746,3,0,38734.415,11109.446563103404,-0.7071067811865476,2,0.7971941747409893,2.238
T5038,U7671,48492.45,Payment,Wallet,Android,Delhi,1950,23,1,16487.58,0,0.398,4,0,29273.27,27180.025013689738,0.7071067811865476,2,1.6565436659450756,1.592
T5039,U7779,36395.18,Transfer,Card,iOS,Chennai,875,2,1,27245.91,0,0.033,6,0,36395.18,,,1,1.0,0.198
T5040,U1021,46134.06,Transfer,UPI,Android,Hyderabad,1722,1,3,9159.55,0,0.418,1,0,45313.51,1160.4329386052395,0.7071067811865522,2,1.018108286027721,0.418
T5041,U9042,38122.49,Withdrawal,Wallet,iOS,Chennai,1127,11,1,6056.91,0,0.511,1,0,38122.49,,,1,1.0,0.511
T5042,U5568,29606.26,Withdrawal,NetBanking,iOS,Mumbai,399,7,0,14411.78,0,0.493,2,0,29606.26,,,1,1.0,0.986
T5043,U6598,9641.57,Payment,Wallet,iOS,Bangalore,556,18,4,4783.2,1,0.234,3,0,16107.86,14963.766086687538,-0.4321298503692004,3,0.5985630617599109,0.7020000000000001
T5044,U5922,33350.95,Withdrawal,Wallet,iOS,Hyderabad,1444,23,2,8223.56,0,0.475,5,0,33350.95,,,1,1.0,2.375
T5045,U7201,31187.81,Withdrawal,Card,iOS,Delhi,1245,17,1,29600.27,0,0.718,9,1,31187.81,,,1,1.0,6.462
T5046,U8991,30143.34,Payment,Wallet,Web,Hyderabad,1671,19,4,16785.71,0,0.311,6,0,30143.34,,,1,1.0,1.866
T5047,U8679,24514.8,Transfer,NetBanking,iOS,Bangalore,1402,14,3,23538.9,1,0.634,5,0,24514.8,,,1,1.0,3.17
T5048,U7927,26456.4,Withdrawal,Wallet,iOS,Chennai,751,16,4,6433.12,0,0.153,8,1,26456.4,,,1,1.0,1.224
T5049,U3412,16755.4,Transfer,NetBanking,iOS,Mumbai,1201,17,1,15650.04,0,0.278,1,0,19676.666666666668,4076.96036137627,-0.7165305540720359,3,0.8515365068609182,0.278
T5050,U3317,25989.67,Payment,UPI,Android,Chennai,1047,17,1,15364.82,0,0.884,7,0,18968.45,9929.504548405224,0.7071067811865477,2,1.3701525427749766,6.188
T5051,U9022,9917.92,Payment,Wallet,iOS,Hyderabad,595,8,1,24398.77,0,0.627,8,0,9917.92,,,1,1.0,5.016
T5052,U4620,40268.46,Withdrawal,Card,Web,Bangalore,1597,4,0,744.98,0,0.086,9,0,40268.46,,,1,1.0,0.7739999999999999
T5053,U6942,9329.56,Payment,Wallet,iOS,Mumbai,883,10,4,25828.34,1,0.265,9,0,26061.82,23662.989021152847,-0.7071067811865475,2,0.357978069068085,2.385
T5054,U6587,4294.07,Payment,NetBanking,Android,Bangalore,1240,3,2,2479.89,0,0.994,8,0,11491.983333333335,15206.811890637478,-0.4733348045006687,3,0.3736578687461838,7.952
T5055,U4236,21840.49,Payment,NetBanking,Android,Bangalore,1841,9,0,27506.23,1,0.27,3,0,16827.086666666666,5076.737930426717,0.9875245486449488,3,1.297936501584945,0.81
T5056,U8046,32932.46,Withdrawal,Card,iOS,Hyderabad,52,3,2,4370.9,0,0.581,6,0,32932.46,,,1,1.0,3.486
T5057,U7961,21913.96,Withdrawal,NetBanking,iOS,Chennai,889,22,1,16013.93,0,0.55,5,0,21913.96,,,1,1.0,2.75
T5058,U3343,13873.87,Withdrawal,Wallet,iOS,Bangalore,1475,2,2,3071.79,0,0.402,3,0,16462.44,3660.79080115212,-0.7071067811865474,2,0.8427590320754397,1.206
T5059,U8135,27930.65,Payment,NetBanking,iOS,Bangalore,1548,15,2,13471.02,0,0.034,2,1,27930.65,,,1,1.0,0.068
T5060,U3210,17382.77,Transfer,Wallet,Android,Bangalore,920,20,0,9048.44,0,0.284,2,0,17382.77,,,1,1.0,0.568
T5061,U7588,46646.74,Payment,Wallet,iOS,Mumbai,1974,10,0,12660.85,0,0.953,4,0,46646.74,,,1,1.0,3.812
T5062,U9777,46136.12,Withdrawal,NetBanking,Android,Bangalore,616,8,4,16396.5,0,0.019,9,0,46136.12,,,1,1.0,0.1709999999999999
T5063,U7382,25143.47,Transfer,Card,Android,Bangalore,1428,0,2,13837.22,0,0.716,2,0,25143.47,,,1,1.0,1.432
T5064,U3897,16427.81,Transfer,UPI,Web,Hyderabad,247,9,0,792.57,0,0.893,5,0,33891.95333333333,16590.36031660052,-1.0526681157044246,3,0.4847112185724321,4.465
T5065,U1789,36869.76,Withdrawal,Card,Android,Bangalore,1712,11,4,25917.25,1,0.762,8,0,36869.76,,,1,1.0,6.096
T5066,U6610,1883.81,Transfer,UPI,iOS,Bangalore,1564,23,2,2939.14,0,0.323,2,0,1883.81,,,1,1.0,0.646
T5067,U2770,23764.71,Transfer,Card,iOS,Hyderabad,728,1,2,29420.76,0,0.52,7,0,23764.71,,,1,1.0,3.64
T5068,U2829,16849.35,Withdrawal,Wallet,iOS,Mumbai,751,14,1,25554.43,0,0.868,6,0,19634.046,16543.065443542502,-0.1683301084374898,5,0.8581700379025291,5.208
T5069,U8955,46030.77,Transfer,Wallet,iOS,Chennai,413,23,0,16885.12,0,0.975,1,0,27670.37,20199.850660477667,0.9089374128851024,3,1.663540097223131,0.975
T5070,U1916,649.55,Transfer,NetBanking,Web,Hyderabad,223,19,3,7431.28,1,0.097,7,0,649.55,,,1,1.0,0.679
T5071,U3234,27663.1,Withdrawal,UPI,Web,Mumbai,1601,15,0,2678.76,0,0.124,9,0,34870.97,6242.775929960967,-1.1545937385654446,3,0.7932988385467912,1.116
T5072,U4843,37046.15,Transfer,UPI,Web,Chennai,855,1,1,20187.87,0,0.956,1,0,37046.15,,,1,1.0,0.956
T5073,U8835,24276.65,Transfer,NetBanking,Web,Bangalore,1407,12,4,6125.13,0,0.873,2,0,35904.740000000005,16444.602582494965,-0.7071067811865477,2,0.6761405318629239,1.746
T5074,U2112,4315.88,Transfer,Card,Android,Hyderabad,141,17,0,22023.29,0,0.211,7,0,4667.860000000001,497.7748896840817,-0.7071067811865489,2,0.9245949964223432,1.477
T5075,U2681,48624.45,Transfer,NetBanking,Web,Bangalore,18,21,2,24992.0,0,0.97,1,0,48624.45,,,1,1.0,0.97
T5076,U9775,25924.62,Withdrawal,Card,Android,Hyderabad,1776,18,3,29670.06,0,0.209,2,1,37162.43333333333,11503.48950130061,-0.9769047324346898,3,0.6976028659766628,0.418
T5077,U7044,30728.6,Payment,NetBanking,iOS,Chennai,162,10,4,15176.04,0,0.089,3,0,30728.6,,,1,1.0,0.267
T5078,U2474,11868.66,Payment,UPI,Android,Mumbai,440,13,0,29242.69,1,0.682,2,0,25834.25,19750.32678454207,-0.7071067811865476,2,0.4594156981526462,1.364
T5079,U2471,24200.73,Transfer,UPI,Android,Hyderabad,492,2,4,4564.66,0,0.54,2,1,24200.73,,,1,1.0,1.08
T5080,U5806,21486.02,Withdrawal,Card,Web,Mumbai,314,8,2,25103.79,0,0.24,2,0,21394.53,8861.149239635908,0.0103248458552941,3,1.0042763267059382,0.48
T5081,U9084,3791.05,Withdrawal,UPI,iOS,Bangalore,1956,4,3,10858.08,0,0.928,7,0,3791.05,,,1,1.0,6.496
T5082,U2452,5352.71,Transfer,UPI,iOS,Bangalore,293,13,2,11007.89,0,0.404,4,0,8840.675,4932.727408082673,-0.7071067811865474,2,0.6054639493025137,1.616
T5083,U2251,41881.75,Payment,UPI,Web,Chennai,481,6,3,8132.56,1,0.403,4,0,32243.38666666667,22666.521710435267,0.4252246311305893,3,1.2989252783206395,1.612
T5084,U4070,12029.01,Transfer,UPI,Android,Chennai,1002,11,4,5284.97,0,0.632,8,0,12029.01,,,1,1.0,5.056
T5085,U5552,9788.17,Withdrawal,Wallet,Web,Delhi,199,20,0,13322.26,0,0.231,5,0,9788.17,,,1,1.0,1.155
T5086,U7664,25270.33,Withdrawal,NetBanking,Android,Delhi,1561,17,3,29619.87,0,0.587,1,0,30053.5,6764.423885136115,-0.7071067811865475,2,0.8408448267256726,0.587
T5087,U7488,38448.92,Payment,NetBanking,Web,Chennai,521,10,2,9964.22,0,0.364,2,0,25738.295,17975.538261238522,0.7071067811865475,2,1.4938409867475682,0.728
T5088,U3661,3144.23,Withdrawal,Wallet,Web,Bangalore,352,23,3,13886.34,0,0.695,3,0,20159.86,15702.28814793882,-1.0836401573890095,3,0.1559648727719339,2.085
T5089,U5933,28861.56,Withdrawal,UPI,iOS,Mumbai,1463,8,4,6932.28,0,0.248,4,0,28861.56,,,1,1.0,0.992
T5090,U1649,6004.56,Withdrawal,NetBanking,iOS,Chennai,724,10,4,10179.89,0,0.185,9,0,6004.56,,,1,1.0,1.665
T5091,U8616,1871.23,Payment,NetBanking,iOS,Mumbai,1719,17,4,1748.72,0,0.25,5,1,1871.23,,,1,1.0,1.25
T5092,U1438,2684.56,Withdrawal,NetBanking,Web,Delhi,689,1,0,28685.43,0,0.936,6,0,19005.78,23081.690678475006,-0.7071067811865475,2,0.1412496619449451,5.6160000000000005
T5093,U6634,41716.5,Transfer,Card,iOS,Mumbai,1884,19,4,15343.09,0,0.849,3,0,25695.463333333333,17508.849637804116,0.9150250872036134,3,1.6234967028550695,2.547
T5094,U1757,5942.73,Payment,Wallet,iOS,Chennai,1067,12,0,22015.24,0,0.829,2,0,10900.175,7010.88595371869,-0.7071067811865474,2,0.5451958340118392,1.658
T5095,U7699,2305.31,Transfer,Card,Web,Bangalore,480,14,1,15447.36,0,0.781,2,0,9798.83,10597.437613914031,-0.7071067811865477,2,0.2352638019028802,1.562
T5096,U2360,21923.1,Transfer,Card,iOS,Chennai,1427,7,3,23128.89,0,0.637,6,0,21923.1,,,1,1.0,3.822
T5097,U2184,42207.47,Payment,Wallet,Android,Hyderabad,750,4,2,16069.3,0,0.098,6,0,42207.47,,,1,1.0,0.5880000000000001
T5098,U1838,13157.3,Transfer,NetBanking,iOS,Hyderabad,1528,4,0,21076.19,0,0.325,7,0,10983.55,3074.146731208516,0.7071067811865475,2,1.1979096011763046,2.275
T5099,U1451,21114.55,Payment,Card,Android,Hyderabad,522,6,0,20575.55,0,0.562,9,0,18843.126666666667,1994.1215234868032,1.1390596343204076,3,1.120543865862318,5.058000000000001
T5100,U9354,2044.13,Transfer,NetBanking,iOS,Bangalore,1355,11,2,16053.53,0,0.106,3,0,23760.695,30711.860751156877,-0.7071067811865475,2,0.086029890960681,0.318
T5101,U6847,22481.47,Payment,Card,Web,Chennai,1148,19,3,6994.55,0,0.03,7,0,22481.47,,,1,1.0,0.21
T5102,U1462,28901.77,Withdrawal,NetBanking,Web,Hyderabad,1247,11,4,6434.25,0,0.093,7,0,28901.77,,,1,1.0,0.651
T5103,U2071,28566.81,Withdrawal,UPI,iOS,Chennai,1799,8,3,26241.72,0,0.108,8,0,32511.72,5578.945224341245,-0.7071067811865477,2,0.8786619102280655,0.864
T5104,U2593,16654.71,Transfer,UPI,Android,Delhi,154,3,0,3708.53,0,0.11,5,0,27194.5475,12767.19697537502,-0.8255404471575803,4,0.6124282818090648,0.55
T5105,U7510,15810.88,Withdrawal,UPI,iOS,Hyderabad,568,7,4,16821.33,0,0.19,3,0,32977.8625,11633.503272139986,-1.4756502919556178,4,0.4794391995539431,0.5700000000000001
T5106,U7786,5375.85,Payment,Wallet,Web,Hyderabad,801,18,1,15125.8,0,0.499,2,0,5375.85,,,1,1.0,0.998
T5107,U9098,18371.58,Transfer,UPI,iOS,Bangalore,1211,21,2,23972.16,0,0.285,4,0,19411.97,1471.3336481573435,-0.7071067811865476,2,0.9464047183258576,1.14
T5108,U7617,5019.76,Withdrawal,Card,Web,Chennai,1758,0,3,4148.24,0,0.86,8,0,16309.423333333334,10682.193520089091,-1.0568675162176968,3,0.3077828012312718,6.88
T5109,U6231,38341.47,Withdrawal,NetBanking,Android,Bangalore,369,22,4,20650.22,0,0.876,5,0,38341.47,,,1,1.0,4.38
T5110,U7134,48315.4,Transfer,NetBanking,Android,Bangalore,294,10,2,18214.95,0,0.92,1,0,32869.245,14397.356919412909,1.0728465708294643,4,1.4699272830878831,0.92
T5111,U2075,48505.22,Withdrawal,NetBanking,Web,Chennai,1278,22,3,21065.78,0,0.471,3,0,36624.52,16801.847070486034,0.7071067811865472,2,1.3243919647274558,1.4129999999999998
T5112,U1680,43260.3,Withdrawal,NetBanking,Android,Delhi,774,12,0,18674.65,0,0.774,5,0,30626.39,17867.046867801073,0.7071067811865476,2,1.4125171135089707,3.87
T5113,U5350,30059.57,Transfer,Card,Web,Chennai,1239,17,0,16920.17,0,0.591,6,0,30059.57,,,1,1.0,3.546
T5114,U5779,35058.24,Withdrawal,NetBanking,Web,Delhi,593,20,0,27795.42,0,0.144,2,0,24723.713333333333,9724.971062421386,1.062679426019136,3,1.418000586211834,0.288
T5115,U6259,14296.03,Withdrawal,Card,Web,Bangalore,1767,19,1,10524.86,1,0.636,8,0,14296.03,,,1,1.0,5.088
T5116,U4839,31556.98,Withdrawal,Card,iOS,Delhi,1375,9,0,5622.16,0,0.837,7,1,31556.98,,,1,1.0,5.859
T5117,U4377,22809.69,Withdrawal,NetBanking,Android,Delhi,736,12,0,23882.64,0,0.348,7,0,22809.69,,,1,1.0,2.436
T5118,U4123,24126.77,Transfer,NetBanking,iOS,Delhi,1393,11,0,3977.77,0,0.747,7,0,24126.77,,,1,1.0,5.229
T5119,U1271,37900.94,Payment,NetBanking,iOS,Hyderabad,1532,12,4,20423.71,0,0.775,5,0,37900.94,,,1,1.0,3.875
T5120,U3103,14131.82,Payment,Card,Android,Hyderabad,1174,1,2,16531.85,0,0.644,2,0,9012.815,7239.366296855685,0.7071067811865474,2,1.5679696077196743,1.288
T5121,U4411,15936.08,Withdrawal,Wallet,iOS,Bangalore,969,2,1,138.37,0,0.883,8,0,22316.925,9023.877538400551,-0.7071067811865475,2,0.7140804568729787,7.064
T5122,U5379,46235.86,Withdrawal,Card,Web,Chennai,1701,16,3,7271.88,0,0.145,3,0,40543.94,8049.590459942668,0.7071067811865472,2,1.140388921254323,0.4349999999999999
T5123,U1918,2858.4,Payment,Wallet,iOS,Delhi,1255,20,1,14927.53,0,0.843,3,1,2858.4,,,1,1.0,2.529
T5124,U8238,24307.43,Withdrawal,NetBanking,Web,Hyderabad,1422,18,2,9958.48,0,0.611,2,0,34828.822499999995,10689.995984637148,-0.9842279188056332,4,0.6979113347860096,1.222
T5125,U8096,45644.4,Payment,Card,Android,Chennai,1363,11,0,12864.06,0,0.856,2,0,45644.4,,,1,1.0,1.712
T5126,U2961,30537.63,Transfer,NetBanking,iOS,Delhi,752,15,0,18077.97,0,0.533,2,0,30537.63,,,1,1.0,1.066
T5127,U7137,27343.03,Transfer,Wallet,Android,Chennai,1426,19,3,21951.68,0,0.328,6,0,21087.415,8846.775573984567,0.7071067811865475,2,1.2966515810496448,1.968
T5128,U3411,12524.72,Transfer,Wallet,Web,Mumbai,663,19,1,4621.1,0,0.897,8,0,12659.76,4399.6345913723335,-0.0306934581032738,3,0.9893331311178094,7.176
T5129,U2213,17196.61,Transfer,Card,iOS,Delhi,367,21,1,8559.08,0,0.877,3,0,17196.61,,,1,1.0,2.631
T5130,U7038,42609.82,Transfer,Card,Web,Chennai,1427,9,3,19131.07,0,0.268,6,0,42609.82,,,1,1.0,1.608
T5131,U4399,27982.95,Transfer,Card,Web,Delhi,1962,22,1,17694.38,0,0.744,3,0,37243.36,13096.197415135428,-0.7071067811865478,2,0.7513540668725915,2.232
T5132,U2965,25761.37,Payment,Card,Web,Delhi,596,22,1,22131.76,0,0.091,9,0,20059.09333333333,6921.78928587351,0.823815408293963,3,1.2842738987205802,0.819
T5133,U9985,5024.01,Withdrawal,UPI,Android,Mumbai,49,14,1,19251.25,0,0.086,1,0,24949.505,28178.90526599729,-0.7071067811865476,2,0.2013671213116252,0.086
T5134,U9927,850.61,Payment,UPI,Android,Chennai,911,7,3,9971.5,0,0.511,7,0,19067.655,25762.79210536097,-0.7071067811865476,2,0.0446101001932329,3.577
T5135,U4937,48186.08,Transfer,NetBanking,Android,Bangalore,282,18,3,15027.15,0,0.036,8,0,31223.725,23988.39249078708,0.7071067811865475,2,1.543252126387867,0.288
T5136,U5201,18880.46,Withdrawal,Wallet,iOS,Hyderabad,1453,4,2,26553.78,0,0.434,9,1,24385.62,7785.471935033868,-0.7071067811865475,2,0.7742456414887134,3.906
T5137,U9018,30180.49,Withdrawal,Wallet,Web,Delhi,1103,11,1,5664.08,1,0.791,5,0,30180.49,,,1,1.0,3.955
T5138,U5663,4031.77,Transfer,NetBanking,Android,Delhi,838,9,2,11364.67,0,0.889,6,0,4031.77,,,1,1.0,5.334
T5139,U9473,34171.56,Transfer,NetBanking,Web,Delhi,632,21,4,25267.69,0,0.255,5,0,25976.815,11589.119519189107,0.7071067811865476,2,1.3154638087848722,1.275
T5140,U7585,46631.71,Transfer,NetBanking,Android,Delhi,467,13,4,10989.41,0,0.077,5,0,36716.51333333333,10527.653721728944,0.9418239741493236,3,1.2700473374650498,0.385
T5141,U4555,28804.48,Transfer,UPI,Web,Hyderabad,1978,21,1,12425.53,1,0.631,7,0,27046.47333333333,5001.706387787405,0.3514813806262534,3,1.0649994786751005,4.417
T5142,U5305,6349.46,Transfer,NetBanking,Android,Bangalore,243,11,0,9644.76,0,0.265,4,0,6349.46,,,1,1.0,1.06
T5143,U8727,29106.99,Transfer,Wallet,Android,Mumbai,206,23,4,26995.81,0,0.023,6,0,31344.325000000004,3164.069500572009,-0.7071067811865485,2,0.9286207311849912,0.138
T5144,U7206,38329.04,Withdrawal,NetBanking,Android,Bangalore,1884,12,0,19933.9,0,0.131,4,0,30038.745000000003,11724.247625073856,0.7071067811865475,2,1.2759867298051233,0.524
T5145,U7845,20350.51,Transfer,Card,Android,Hyderabad,1744,20,2,6342.49,0,0.938,2,0,25468.298000000003,11456.654571142051,-0.4467087637337956,5,0.7990526104257142,1.876
T5146,U2139,43997.9,Transfer,Wallet,Web,Chennai,1542,20,1,22514.06,0,0.875,2,0,43997.9,,,1,1.0,1.75
T5147,U3784,32451.71,Withdrawal,Wallet,Android,Mumbai,545,16,2,1251.62,1,0.83,4,0,32451.71,,,1,1.0,3.32
T5148,U5421,44967.48,Payment,Wallet,Android,Mumbai,1852,0,2,11952.61,1,0.339,5,0,44967.48,,,1,1.0,1.695
T5149,U4343,31194.09,Transfer,UPI,Android,Chennai,947,21,3,27302.12,0,0.715,1,0,31194.09,,,1,1.0,0.715
T5150,U2780,6607.83,Withdrawal,UPI,Web,Delhi,156,9,1,20724.58,0,0.957,3,0,6607.83,,,1,1.0,2.871
T5151,U6439,15519.1,Withdrawal,Wallet,Android,Hyderabad,583,4,3,23813.56,0,0.568,5,0,27324.825,12664.359844172935,-0.9322006911728736,4,0.5679487425811511,2.84
T5152,U3101,10129.66,Payment,Card,Web,Chennai,1492,10,2,27946.32,0,0.333,8,0,23875.7975,10737.603262871327,-1.2801867570886731,4,0.4242647811031233,2.664
T5153,U8451,45445.88,Transfer,Wallet,iOS,Bangalore,1100,9,0,23259.09,0,0.799,4,0,19763.66333333333,22624.763492585585,1.1351374645345154,3,2.299466411338384,3.196
T5154,U6701,38031.98,Transfer,UPI,Web,Bangalore,39,5,1,2748.66,0,0.43,6,1,39672.03,2319.380952969991,-0.7071067811865467,2,0.9586597912937656,2.58
T5155,U9854,33836.1,Transfer,Card,iOS,Chennai,116,14,1,6996.21,0,0.577,4,0,33836.1,,,1,1.0,2.308
T5156,U9222,15083.27,Withdrawal,Wallet,Android,Hyderabad,1711,8,4,15049.83,0,0.541,5,0,15083.27,,,1,1.0,2.705
T5157,U5338,9243.04,Transfer,UPI,Android,Mumbai,399,7,0,514.35,1,0.217,7,0,9243.04,,,1,1.0,1.519
T5158,U1824,37834.73,Transfer,Card,Web,Mumbai,888,22,0,18775.46,0,0.001,8,0,37834.73,,,1,1.0,0.008
T5159,U2069,23734.19,Transfer,NetBanking,Android,Delhi,415,22,2,19751.61,0,0.999,8,0,23734.19,,,1,1.0,7.992
T5160,U6003,11328.19,Transfer,NetBanking,Android,Hyderabad,1154,5,2,20923.81,1,0.417,7,0,20738.353333333336,15819.273725055566,-0.5948543211834639,3,0.5462434658103681,2.919
T5161,U8022,30850.27,Payment,Wallet,Web,Bangalore,1044,5,2,16716.17,0,0.284,4,0,20230.8225,11737.601472249702,0.904737439340289,4,1.5249142737523402,1.136
T5162,U6132,2064.68,Payment,NetBanking,Android,Bangalore,593,16,4,13626.14,1,0.766,4,0,19795.225,25074.777207266467,-0.7071067811865475,2,0.1043019212966763,3.064
T5163,U2816,16342.2,Payment,UPI,iOS,Delhi,356,11,0,25680.89,0,0.593,2,0,21973.376666666667,22182.69588189031,-0.2538544772307811,3,0.7437272954407098,1.186
T5164,U5096,23454.42,Transfer,Card,iOS,Bangalore,1286,6,3,23043.25,0,0.88,9,0,20857.255,3672.945966720717,0.7071067811865483,2,1.1245209400757674,7.92
T5165,U6590,7440.52,Transfer,Wallet,Android,Delhi,806,4,0,18409.52,0,0.781,6,0,22222.02333333333,18349.02047018405,-0.8055745186699368,3,0.3348263966962504,4.686
T5166,U6227,49233.49,Withdrawal,Card,Android,Delhi,128,15,3,1475.81,0,0.282,3,1,49233.49,,,1,1.0,0.8459999999999999
T5167,U1113,10494.41,Withdrawal,Card,iOS,Chennai,1920,22,1,20848.48,0,0.592,3,0,10494.41,,,1,1.0,1.7759999999999998
T5168,U6763,6561.14,Withdrawal,Card,Android,Mumbai,529,5,3,16789.01,0,0.503,1,0,23412.775,23831.81076516113,-0.7071067811865476,2,0.2802376053244436,0.503
T5169,U7145,10216.57,Transfer,UPI,iOS,Hyderabad,1248,7,1,20835.33,1,0.955,2,0,12316.91,2970.329313594707,-0.7071067811865475,2,0.8294750875016542,1.91
T5170,U4863,38464.6,Payment,Wallet,Web,Hyderabad,742,2,2,9411.15,0,0.24,5,0,22939.96,21955.15643895985,0.7071067811865475,2,1.676750962076656,1.2
T5171,U1657,21304.01,Payment,NetBanking,iOS,Mumbai,89,7,0,23331.87,0,0.284,9,0,23536.59,2674.1169149272446,-0.8348849624103829,3,0.905144288106306,2.556
T5172,U4197,28292.53,Payment,Card,Android,Hyderabad,428,6,2,12596.32,1,0.92,3,0,28292.53,,,1,1.0,2.76
T5173,U3197,1099.41,Transfer,Card,Android,Bangalore,593,16,0,26844.61,0,0.458,7,0,13679.98,17791.612716384087,-0.7071067811865476,2,0.0803663455648327,3.206
T5174,U1211,1769.84,Payment,Card,iOS,Bangalore,721,18,3,3209.91,0,0.457,6,1,18431.515,23563.16675685274,-0.7071067811865475,2,0.0960224919112726,2.742
T5175,U4478,22318.99,Withdrawal,UPI,iOS,Hyderabad,1718,19,0,14588.02,0,0.868,3,0,17941.71,6190.408742304504,0.7071067811865477,2,1.243972285807763,2.604
T5176,U2248,40841.93,Withdrawal,NetBanking,Android,Chennai,1322,13,3,6251.56,0,0.296,4,0,40841.93,,,1,1.0,1.184
T5177,U8166,44267.68,Payment,Card,Android,Hyderabad,243,5,0,13658.75,0,0.697,5,0,45736.72,2077.5362916685726,-0.7071067811865476,2,0.9678805126384228,3.485
T5178,U6605,4380.99,Withdrawal,UPI,Android,Delhi,270,6,1,10677.55,0,0.722,2,1,23331.29,15631.993131020326,-1.212276633003042,4,0.1877731578493945,1.444
T5179,U5426,26941.24,Payment,UPI,Web,Delhi,1991,4,3,24122.68,0,0.442,8,0,26941.24,,,1,1.0,3.536
T5180,U4422,45665.82,Payment,Card,Web,Mumbai,942,18,2,5098.36,0,0.334,7,0,30148.89333333333,20318.94649696271,0.7636678736757415,3,1.5146764922714688,2.338
T5181,U2777,19429.24,Withdrawal,Card,iOS,Bangalore,666,20,2,18001.66,0,0.747,9,0,14713.565,6668.971540743746,0.7071067811865476,2,1.3204984651918146,6.723
T5182,U4460,41486.81,Withdrawal,UPI,iOS,Chennai,1055,6,2,12253.89,0,0.256,8,0,20866.265,29161.85440252471,0.7071067811865476,2,1.988224054472614,2.048
T5183,U8467,6728.1,Withdrawal,UPI,Web,Hyderabad,87,8,2,15590.45,0,0.819,7,0,25573.65,26651.63240038028,-0.7071067811865475,2,0.2630872010839282,5.733
T5184,U6115,46772.95,Withdrawal,Card,Web,Delhi,751,11,1,21460.66,0,0.416,9,0,37666.665,12878.231749834677,0.7071067811865475,2,1.2417597894583976,3.744
T5185,U1589,37583.59,Payment,UPI,iOS,Bangalore,681,14,1,10777.33,0,0.018,5,0,37583.59,,,1,1.0,0.09
T5186,U4828,47069.65,Withdrawal,UPI,Web,Bangalore,1047,14,4,11074.88,0,0.569,3,0,34870.585,17252.08317127094,0.7071067811865477,2,1.349838266263672,1.707
T5187,U9359,33847.03,Withdrawal,Card,iOS,Chennai,1781,23,4,2396.4,1,0.194,6,0,33847.03,,,1,1.0,1.164
T5188,U3341,18202.03,Transfer,Card,Android,Chennai,1181,20,4,16603.25,0,0.467,9,1,18202.03,,,1,1.0,4.203
T5189,U9883,46912.15,Withdrawal,Wallet,iOS,Chennai,1695,15,4,12565.44,0,0.808,6,0,46912.15,,,1,1.0,4.848000000000001
T5190,U8502,13814.56,Withdrawal,NetBanking,Web,Chennai,39,22,0,24387.45,0,0.19,3,0,16994.04,4496.46373729401,-0.7071067811865476,2,0.812906171810823,0.5700000000000001
T5191,U4351,16642.02,Payment,Card,Web,Delhi,447,19,3,13234.0,0,0.208,2,0,16016.51,6767.809454993541,0.0924242924035746,3,1.0390540760752498,0.416
T5192,U6166,35055.38,Payment,Card,Web,Chennai,1706,14,2,29126.84,0,0.474,5,0,35055.38,,,1,1.0,2.37
T5193,U1575,38277.55,Transfer,Card,iOS,Bangalore,1806,4,0,5236.39,0,0.477,8,0,38277.55,,,1,1.0,3.816
T5194,U9901,46473.7,Withdrawal,NetBanking,Web,Bangalore,1563,11,1,8085.14,0,0.454,8,0,43364.395,4397.221300554476,0.7071067811865476,2,1.0717017959088326,3.632
T5195,U1500,10279.88,Withdrawal,Wallet,iOS,Hyderabad,72,3,2,11818.21,0,0.694,1,0,10279.88,,,1,1.0,0.694
T5196,U9695,39910.0,Withdrawal,UPI,Android,Bangalore,1463,2,3,5195.58,0,0.269,3,0,33480.305,9092.961870922476,0.7071067811865476,2,1.1920440987619438,0.807
T5197,U3837,36940.38,Withdrawal,NetBanking,Android,Bangalore,1168,0,3,29172.28,0,0.261,5,0,36940.38,,,1,1.0,1.3050000000000002
T5198,U3580,3236.54,Withdrawal,Card,Web,Delhi,166,12,1,19264.72,0,0.022,1,0,11897.97,12249.111775545198,-0.7071067811865475,2,0.2720245554493749,0.022
T5199,U6591,19391.8,Withdrawal,Card,iOS,Bangalore,578,4,2,434.85,0,0.382,6,0,26078.95,13740.91269924236,-0.4866598126606767,4,0.7435805505973208,2.292
T5200,U4596,14174.13,Transfer,Wallet,iOS,Mumbai,952,11,4,17397.45,0,0.196,4,0,27100.97,18281.31244662702,-0.7071067811865475,2,0.523011906953884,0.784
T5201,U6476,15259.3,Withdrawal,Wallet,Web,Bangalore,786,1,2,23459.35,1,0.592,9,0,21098.17,20050.695323197648,-0.2912053625015547,3,0.7232523010289518,5.327999999999999
T5202,U2310,49148.2,Withdrawal,Wallet,iOS,Hyderabad,263,5,2,1633.87,0,0.181,2,0,49148.2,,,1,1.0,0.362
T5203,U8106,32156.73,Withdrawal,UPI,Web,Hyderabad,1016,4,3,17379.9,0,0.895,5,0,32156.73,,,1,1.0,4.475
T5204,U6286,35897.92,Transfer,NetBanking,Web,Chennai,1220,17,1,11291.93,0,0.849,5,0,35897.92,,,1,1.0,4.245
T5205,U7912,48832.05,Withdrawal,NetBanking,Android,Delhi,1913,23,2,17486.16,0,0.765,6,0,24690.245000000003,34141.668051166605,0.7071067811865474,2,1.977787178701548,4.59
T5206,U4847,18891.23,Transfer,Wallet,Web,Hyderabad,882,4,0,7652.92,0,0.809,5,0,18829.295,87.58931698557821,0.7071067811865579,2,1.0032892893759433,4.045
T5207,U5880,40101.92,Payment,UPI,iOS,Mumbai,1412,17,0,20013.89,1,0.96,9,0,40101.92,,,1,1.0,8.64
T5208,U4037,21754.82,Withdrawal,NetBanking,Web,Mumbai,1360,15,1,20172.85,0,0.32,1,0,21754.82,,,1,1.0,0.32
T5209,U7992,43483.21,Transfer,Card,Android,Chennai,208,16,4,16231.21,0,0.98,8,0,24941.19,26222.376157793173,0.7071067811865476,2,1.743429643894297,7.84
T5210,U7363,9073.84,Payment,Card,Android,Delhi,890,1,2,27720.24,1,0.891,6,0,9073.84,,,1,1.0,5.346
T5211,U3630,47386.92,Transfer,Card,iOS,Delhi,1204,16,2,27293.44,0,0.362,9,0,25783.783333333336,19976.68782276565,1.0814173429715157,3,1.8378575163846524,3.258
T5212,U4307,10977.65,Transfer,NetBanking,Web,Bangalore,1348,9,3,1521.29,0,0.864,7,0,27062.18,22746.96047039692,-0.7071067811865475,2,0.4056454431978503,6.048
T5213,U7473,16344.71,Payment,Wallet,iOS,Mumbai,15,2,2,8767.83,0,0.897,3,0,16344.71,,,1,1.0,2.691
T5214,U3000,37821.8,Withdrawal,Card,iOS,Mumbai,1911,13,4,10991.34,1,0.036,8,0,29585.2,11648.311427842238,0.7071067811865475,2,1.2784027148709491,0.288
T5215,U1542,19718.07,Withdrawal,Wallet,Web,Mumbai,1289,18,2,1752.53,0,0.876,3,0,31358.61,10591.738736921336,-1.0990206885884266,4,0.6287928578466966,2.628
T5216,U5166,30430.16,Transfer,UPI,Android,Mumbai,1912,11,2,15756.76,0,0.433,3,0,30430.16,,,1,1.0,1.299
T5217,U7741,22256.45,Payment,Card,iOS,Hyderabad,830,0,3,834.99,0,0.811,4,0,16186.395,8584.354105350618,0.7071067811865476,2,1.3750096917812769,3.244
T5218,U6241,37131.38,Withdrawal,UPI,iOS,Delhi,1353,6,0,20374.26,0,0.111,3,0,23502.98,19273.468113445488,0.7071067811865475,2,1.5798583839155715,0.333
T5219,U6465,11455.15,Transfer,Wallet,Android,Bangalore,257,6,0,180.38,0,0.172,6,0,16181.655,6684.287473624246,-0.7071067811865474,2,0.7079096668418651,1.032
T5220,U2721,2969.98,Payment,NetBanking,Web,Hyderabad,1764,12,4,1054.9,0,0.979,7,0,2969.98,,,1,1.0,6.853
T5221,U6254,15031.47,Transfer,Wallet,Web,Delhi,13,8,1,25029.22,0,0.416,3,0,7773.259999999999,10264.659020552022,0.7071067811865475,2,1.9337407985838635,1.248
T5222,U6570,23741.72,Payment,Card,Web,Chennai,522,4,1,7653.02,0,0.798,3,0,23741.72,,,1,1.0,2.394
T5223,U7213,8442.6,Withdrawal,Card,Android,Mumbai,847,3,3,2528.75,0,0.75,7,0,7430.33,1431.5659627834132,0.7071067811865477,2,1.13623486440037,5.25
T5224,U6917,17772.12,Withdrawal,Wallet,iOS,Bangalore,515,4,2,12044.05,0,0.786,9,0,19171.2,1978.597910844951,-0.7071067811865461,2,0.9270217826740113,7.074
T5225,U7192,20029.15,Transfer,Card,Android,Delhi,40,23,3,1623.37,0,0.765,3,0,20029.15,,,1,1.0,2.295
T5226,U8731,2916.72,Withdrawal,Card,iOS,Chennai,1866,23,0,22537.26,0,0.914,6,0,10461.65,10670.142333155638,-0.7071067811865476,2,0.2788011451348496,5.484
T5227,U3878,29186.2,Withdrawal,UPI,iOS,Mumbai,1662,19,4,14875.0,1,0.593,5,0,37833.09,12228.549110348296,-0.7071067811865476,2,0.7714463714171905,2.965
T5228,U5079,44222.95,Payment,NetBanking,Web,Chennai,1998,11,1,16602.78,0,0.425,8,0,20080.533333333333,21014.34190742678,1.1488542811866205,3,2.2022796539268543,3.4
T5229,U5160,7629.56,Withdrawal,Wallet,Web,Chennai,1308,7,2,22615.06,0,0.925,9,0,7629.56,,,1,1.0,8.325000000000001
T5230,U3813,29910.51,Payment,UPI,Web,Hyderabad,718,12,1,23555.31,0,0.357,8,0,29910.51,,,1,1.0,2.856
T5231,U9362,33253.72,Payment,Card,Android,Chennai,895,3,0,4174.13,0,0.631,1,0,18528.08333333333,13215.306400611124,1.1142864357640396,3,1.794773879291346,0.631
T5232,U2083,20995.77,Transfer,UPI,Web,Hyderabad,1358,19,2,8480.36,0,0.855,7,0,18928.295,10457.364157531922,0.1977051739668928,4,1.1092266894614649,5.984999999999999
T5233,U5035,35069.82,Payment,NetBanking,Android,Hyderabad,1210,10,0,5352.42,1,0.916,8,0,25136.435,14047.927787273466,0.7071067811865477,2,1.395178751481664,7.328
T5234,U9499,20566.04,Withdrawal,Wallet,Web,Chennai,1320,14,1,1715.76,0,0.949,5,0,20566.04,,,1,1.0,4.745
T5235,U5330,25256.63,Payment,NetBanking,Web,Delhi,1989,23,1,16171.77,1,0.66,4,0,15572.845,13694.940082105142,0.7071067811865475,2,1.6218378851134778,2.64
T5236,U2483,417.28,Payment,NetBanking,Web,Chennai,757,13,0,7569.01,0,0.72,7,0,417.28,,,1,1.0,5.04
T5237,U8892,34601.42,Transfer,UPI,Android,Chennai,88,17,2,4704.03,0,0.498,6,0,34601.42,,,1,1.0,2.988
T5238,U6334,33084.07,Withdrawal,UPI,iOS,Delhi,252,19,0,15353.4,0,0.285,2,0,33084.07,,,1,1.0,0.57
T5239,U9398,1968.12,Withdrawal,NetBanking,Android,Mumbai,1856,0,2,19057.05,0,0.016,9,0,14510.82,17738.05644877702,-0.7071067811865475,2,0.1356312048526547,0.144
T5240,U2985,18444.09,Withdrawal,Card,Android,Bangalore,510,0,3,23185.86,1,0.222,3,0,18444.09,,,1,1.0,0.666
T5241,U8904,48952.64,Payment,Wallet,Android,Mumbai,214,10,3,623.05,0,0.98,1,0,38982.565,14099.815282876934,0.7071067811865474,2,1.255757285340254,0.98
T5242,U5005,21065.79,Withdrawal,Card,iOS,Chennai,1493,23,2,15835.91,0,0.806,3,0,21065.79,,,1,1.0,2.418
T5243,U1542,25122.17,Withdrawal,Card,Android,Mumbai,1416,19,0,8085.43,0,0.479,1,0,31358.61,10591.738736921336,-0.588802287792526,4,0.8011251136450244,0.479
T5244,U8704,45501.01,Payment,Wallet,Web,Bangalore,732,5,2,29748.56,0,0.344,7,0,31432.555,17333.636233369118,0.8116274514239955,4,1.4475759288419283,2.408
T5245,U1105,35877.23,Transfer,UPI,iOS,Mumbai,342,4,1,4792.41,0,0.064,6,0,17130.396666666667,17855.106002018958,1.0499424271809723,3,2.094360726031057,0.384
T5246,U5301,29124.4,Transfer,Card,Android,Bangalore,612,12,0,13191.59,0,0.01,8,0,29124.4,,,1,1.0,0.08
T5247,U8027,39900.34,Payment,UPI,Android,Mumbai,175,9,2,29103.79,0,0.755,4,0,39900.34,,,1,1.0,3.02
T5248,U1996,43225.1,Transfer,Wallet,iOS,Hyderabad,170,5,1,6471.61,0,0.986,6,0,43225.1,,,1,1.0,5.916
T5249,U9947,22871.56,Transfer,Card,Android,Chennai,15,3,4,24226.24,0,0.254,3,0,22871.56,,,1,1.0,0.762
T5250,U1129,23781.66,Transfer,UPI,iOS,Bangalore,1686,3,1,7366.88,0,0.275,4,0,23781.66,,,1,1.0,1.1
